> Task :checkKotlinGradlePluginConfigurationErrors
> Task :processResources UP-TO-DATE
> Task :compileKotlin
> Task :compileJava NO-SOURCE
> Task :classes UP-TO-DATE
> Task :resolveMainClassName

> Task :bootRun

  .   ____          _            __ _ _
 /\\ / ___'_ __ _ _(_)_ __  __ _ \ \ \ \
( ( )\___ | '_ | '_| | '_ \/ _` | \ \ \ \
 \\/  ___)| |_)| | | | | || (_| |  ) ) ) )
  '  |____| .__|_| |_|_| |_\__, | / / / /
 =========|_|==============|___/=/_/_/_/

 :: Spring Boot ::                (v3.5.7)

2025-11-20T13:36:14.008-08:00  INFO 69004 --- [ai-crm-dash] [           main] c.e.aicrmdash.AiCrmDashApplicationKt     : Starting AiCrmDashApplicationKt using Java 17.0.17 with PID 69004 (/Users/arthurhead/IdeaProjects/ai-crm-dash/build/classes/kotlin/main started by arthurhead in /Users/arthurhead/IdeaProjects/ai-crm-dash)
2025-11-20T13:36:14.009-08:00  INFO 69004 --- [ai-crm-dash] [           main] c.e.aicrmdash.AiCrmDashApplicationKt     : No active profile set, falling back to 1 default profile: "default"
2025-11-20T13:36:14.407-08:00  INFO 69004 --- [ai-crm-dash] [           main] .s.d.r.c.RepositoryConfigurationDelegate : Bootstrapping Spring Data JPA repositories in DEFAULT mode.
2025-11-20T13:36:14.427-08:00  INFO 69004 --- [ai-crm-dash] [           main] .s.d.r.c.RepositoryConfigurationDelegate : Finished Spring Data repository scanning in 16 ms. Found 4 JPA repository interfaces.
2025-11-20T13:36:14.587-08:00  INFO 69004 --- [ai-crm-dash] [           main] o.s.b.w.embedded.tomcat.TomcatWebServer  : Tomcat initialized with port 8080 (http)
2025-11-20T13:36:14.591-08:00  INFO 69004 --- [ai-crm-dash] [           main] o.apache.catalina.core.StandardService   : Starting service [Tomcat]
2025-11-20T13:36:14.592-08:00  INFO 69004 --- [ai-crm-dash] [           main] o.apache.catalina.core.StandardEngine    : Starting Servlet engine: [Apache Tomcat/10.1.48]
2025-11-20T13:36:14.611-08:00  INFO 69004 --- [ai-crm-dash] [           main] o.a.c.c.C.[Tomcat].[localhost].[/]       : Initializing Spring embedded WebApplicationContext
2025-11-20T13:36:14.611-08:00  INFO 69004 --- [ai-crm-dash] [           main] w.s.c.ServletWebServerApplicationContext : Root WebApplicationContext: initialization completed in 586 ms
2025-11-20T13:36:14.686-08:00  INFO 69004 --- [ai-crm-dash] [           main] o.hibernate.jpa.internal.util.LogHelper  : HHH000204: Processing PersistenceUnitInfo [name: default]
2025-11-20T13:36:14.712-08:00  INFO 69004 --- [ai-crm-dash] [           main] org.hibernate.Version                    : HHH000412: Hibernate ORM core version 6.6.33.Final
2025-11-20T13:36:14.724-08:00  INFO 69004 --- [ai-crm-dash] [           main] o.h.c.internal.RegionFactoryInitiator    : HHH000026: Second-level cache disabled
2025-11-20T13:36:14.813-08:00  INFO 69004 --- [ai-crm-dash] [           main] o.s.o.j.p.SpringPersistenceUnitInfo      : No LoadTimeWeaver setup: ignoring JPA class transformer
2025-11-20T13:36:14.822-08:00  INFO 69004 --- [ai-crm-dash] [           main] com.zaxxer.hikari.HikariDataSource       : HikariPool-1 - Starting...
2025-11-20T13:36:14.881-08:00  INFO 69004 --- [ai-crm-dash] [           main] com.zaxxer.hikari.pool.HikariPool        : HikariPool-1 - Added connection conn0: url=jdbc:h2:mem:pocforce user=SA
2025-11-20T13:36:14.882-08:00  INFO 69004 --- [ai-crm-dash] [           main] com.zaxxer.hikari.HikariDataSource       : HikariPool-1 - Start completed.
2025-11-20T13:36:14.891-08:00  WARN 69004 --- [ai-crm-dash] [           main] org.hibernate.orm.deprecation            : HHH90000025: H2Dialect does not need to be specified explicitly using 'hibernate.dialect' (remove the property setting and it will be selected by default)
2025-11-20T13:36:14.897-08:00  INFO 69004 --- [ai-crm-dash] [           main] org.hibernate.orm.connections.pooling    : HHH10001005: Database info:
	Database JDBC URL [Connecting through datasource 'HikariDataSource (HikariPool-1)']
	Database driver: undefined/unknown
	Database version: 2.3.232
	Autocommit mode: undefined/unknown
	Isolation level: undefined/unknown
	Minimum pool size: undefined/unknown
	Maximum pool size: undefined/unknown
2025-11-20T13:36:15.180-08:00  INFO 69004 --- [ai-crm-dash] [           main] o.h.e.t.j.p.i.JtaPlatformInitiator       : HHH000489: No JTA platform available (set 'hibernate.transaction.jta.platform' to enable JTA platform integration)
Hibernate: 
    drop table if exists phase_transitions cascade 
Hibernate: 
    drop table if exists pocs cascade 
Hibernate: 
    drop table if exists requirements cascade 
Hibernate: 
    drop table if exists users cascade 
Hibernate: 
    create table phase_transitions (
        id bigint generated by default as identity,
        poc_id bigint not null,
        transitioned_at timestamp(6) not null,
        transitioned_by bigint not null,
        from_phase enum ('CLOSED_LOST','CLOSED_WON','DISCOVERY','EXECUTION','PLANNING','VALIDATION'),
        to_phase enum ('CLOSED_LOST','CLOSED_WON','DISCOVERY','EXECUTION','PLANNING','VALIDATION') not null,
        primary key (id)
    )
Hibernate: 
    create table pocs (
        deal_value numeric(15,2) not null,
        end_date date not null,
        kickoff_date date not null,
        projected_close_date date not null,
        created_at timestamp(6) not null,
        id bigint generated by default as identity,
        owner_id bigint not null,
        updated_at timestamp(6) not null,
        customer_name varchar(200) not null,
        title varchar(200) not null,
        description varchar(2000),
        current_phase enum ('CLOSED_LOST','CLOSED_WON','DISCOVERY','EXECUTION','PLANNING','VALIDATION') not null,
        status enum ('ACTIVE','AT_RISK','CLOSED') not null,
        primary key (id)
    )
Hibernate: 
    create table requirements (
        completed boolean not null,
        display_order integer not null,
        completed_at timestamp(6),
        id bigint generated by default as identity,
        poc_id bigint not null,
        description varchar(500) not null,
        notes varchar(1000),
        phase enum ('CLOSED_LOST','CLOSED_WON','DISCOVERY','EXECUTION','PLANNING','VALIDATION') not null,
        primary key (id)
    )
Hibernate: 
    create table users (
        id bigint generated by default as identity,
        name varchar(100) not null,
        email varchar(200) not null unique,
        password varchar(255) not null,
        role enum ('CSE','MANAGER','SALES_ENGINEER','SE') not null,
        primary key (id)
    )
Hibernate: 
    alter table if exists phase_transitions 
       add constraint FKb8qf6vud1uk3uljcf0hf181ls 
       foreign key (transitioned_by) 
       references users
Hibernate: 
    alter table if exists pocs 
       add constraint FK8s64ikke8oboldpyp9gnfnasa 
       foreign key (owner_id) 
       references users
Hibernate: 
    alter table if exists requirements 
       add constraint FKqncopk9ddqbsmlj0tt56qma5s 
       foreign key (poc_id) 
       references pocs
2025-11-20T13:36:15.200-08:00  INFO 69004 --- [ai-crm-dash] [           main] j.LocalContainerEntityManagerFactoryBean : Initialized JPA EntityManagerFactory for persistence unit 'default'
2025-11-20T13:36:15.387-08:00  INFO 69004 --- [ai-crm-dash] [           main] o.s.d.j.r.query.QueryEnhancerFactory     : Hibernate is in classpath; If applicable, HQL parser will be used.
2025-11-20T13:36:15.567-08:00  WARN 69004 --- [ai-crm-dash] [           main] JpaBaseConfiguration$JpaWebConfiguration : spring.jpa.open-in-view is enabled by default. Therefore, database queries may be performed during view rendering. Explicitly configure spring.jpa.open-in-view to disable this warning
2025-11-20T13:36:15.655-08:00  INFO 69004 --- [ai-crm-dash] [           main] o.s.b.a.e.web.EndpointLinksResolver      : Exposing 1 endpoint beneath base path '/actuator'
2025-11-20T13:36:15.666-08:00  WARN 69004 --- [ai-crm-dash] [           main] .s.s.UserDetailsServiceAutoConfiguration : 

Using generated security password: 71b46031-fe51-441c-bcdd-42f876b9211b

This generated password is for development use only. Your security configuration must be updated before running your application in production.

2025-11-20T13:36:15.668-08:00  INFO 69004 --- [ai-crm-dash] [           main] r$InitializeUserDetailsManagerConfigurer : Global AuthenticationManager configured with UserDetailsService bean with name inMemoryUserDetailsManager
2025-11-20T13:36:15.779-08:00  INFO 69004 --- [ai-crm-dash] [           main] o.s.b.a.h2.H2ConsoleAutoConfiguration    : H2 console available at '/h2-console'. Database available at 'jdbc:h2:mem:pocforce'
2025-11-20T13:36:15.807-08:00  INFO 69004 --- [ai-crm-dash] [           main] o.s.b.w.embedded.tomcat.TomcatWebServer  : Tomcat started on port 8080 (http) with context path '/'
2025-11-20T13:36:15.814-08:00  INFO 69004 --- [ai-crm-dash] [           main] c.e.aicrmdash.AiCrmDashApplicationKt     : Started AiCrmDashApplicationKt in 1.94 seconds (process running for 2.077)
Hibernate: 
    select
        count(*) 
    from
        users u1_0
Hibernate: 
    insert 
    into
        users
        (email, name, password, role, id) 
    values
        (?, ?, ?, ?, default)
Hibernate: 
    insert 
    into
        users
        (email, name, password, role, id) 
    values
        (?, ?, ?, ?, default)
Hibernate: 
    insert 
    into
        users
        (email, name, password, role, id) 
    values
        (?, ?, ?, ?, default)
Initialized 3 seed users
2025-11-20T13:40:10.719-08:00  INFO 69004 --- [ai-crm-dash] [nio-8080-exec-1] o.a.c.c.C.[Tomcat].[localhost].[/]       : Initializing Spring DispatcherServlet 'dispatcherServlet'
2025-11-20T13:40:10.720-08:00  INFO 69004 --- [ai-crm-dash] [nio-8080-exec-1] o.s.web.servlet.DispatcherServlet        : Initializing Servlet 'dispatcherServlet'
2025-11-20T13:40:10.726-08:00  INFO 69004 --- [ai-crm-dash] [nio-8080-exec-1] o.s.web.servlet.DispatcherServlet        : Completed initialization in 6 ms
Hibernate: 
    select
        u1_0.id,
        u1_0.email,
        u1_0.name,
        u1_0.password,
        u1_0.role 
    from
        users u1_0 
    where
        u1_0.email=?
Hibernate: 
    select
        u1_0.id,
        u1_0.email,
        u1_0.name,
        u1_0.password,
        u1_0.role 
    from
        users u1_0 
    where
        u1_0.email=?
Hibernate: 
    select
        u1_0.id,
        u1_0.email,
        u1_0.name,
        u1_0.password,
        u1_0.role 
    from
        users u1_0 
    where
        u1_0.email=?
Hibernate: 
    select
        u1_0.id,
        u1_0.email,
        u1_0.name,
        u1_0.password,
        u1_0.role 
    from
        users u1_0 
    where
        u1_0.email=?
Hibernate: 
    select
        u1_0.id,
        u1_0.email,
        u1_0.name,
        u1_0.password,
        u1_0.role 
    from
        users u1_0 
    where
        u1_0.email=?
Hibernate: 
    select
        u1_0.id,
        u1_0.email,
        u1_0.name,
        u1_0.password,
        u1_0.role 
    from
        users u1_0 
    where
        u1_0.email=?
Hibernate: 
    select
        u1_0.id,
        u1_0.email,
        u1_0.name,
        u1_0.password,
        u1_0.role 
    from
        users u1_0 
    where
        u1_0.email=?
Hibernate: 
    select
        u1_0.id,
        u1_0.email,
        u1_0.name,
        u1_0.password,
        u1_0.role 
    from
        users u1_0 
    where
        u1_0.email=?
Hibernate: 
    select
        u1_0.id,
        u1_0.email,
        u1_0.name,
        u1_0.password,
        u1_0.role 
    from
        users u1_0 
    where
        u1_0.email=?
Hibernate: 
    select
        u1_0.id,
        u1_0.email,
        u1_0.name,
        u1_0.password,
        u1_0.role 
    from
        users u1_0 
    where
        u1_0.email=?
Hibernate: 
    select
        u1_0.id,
        u1_0.email,
        u1_0.name,
        u1_0.password,
        u1_0.role 
    from
        users u1_0 
    where
        u1_0.email=?
Hibernate: 
    select
        u1_0.id,
        u1_0.email,
        u1_0.name,
        u1_0.password,
        u1_0.role 
    from
        users u1_0 
    where
        u1_0.email=?
Hibernate: 
    select
        u1_0.id,
        u1_0.email,
        u1_0.name,
        u1_0.password,
        u1_0.role 
    from
        users u1_0 
    where
        u1_0.email=?
Hibernate: 
    select
        u1_0.id,
        u1_0.email,
        u1_0.name,
        u1_0.password,
        u1_0.role 
    from
        users u1_0 
    where
        u1_0.email=?
Hibernate: 
    select
        u1_0.id,
        u1_0.email,
        u1_0.name,
        u1_0.password,
        u1_0.role 
    from
        users u1_0 
    where
        u1_0.email=?
Hibernate: 
    select
        u1_0.id,
        u1_0.email,
        u1_0.name,
        u1_0.password,
        u1_0.role 
    from
        users u1_0 
    where
        u1_0.email=?
Hibernate: 
    select
        u1_0.id,
        u1_0.email,
        u1_0.name,
        u1_0.password,
        u1_0.role 
    from
        users u1_0 
    where
        u1_0.email=?
Hibernate: 
    select
        u1_0.id,
        u1_0.email,
        u1_0.name,
        u1_0.password,
        u1_0.role 
    from
        users u1_0 
    where
        u1_0.email=?
Hibernate: 
    select
        u1_0.id,
        u1_0.email,
        u1_0.name,
        u1_0.password,
        u1_0.role 
    from
        users u1_0 
    where
        u1_0.email=?
2025-11-20T13:42:32.442-08:00  INFO 69004 --- [ai-crm-dash] [nio-8080-exec-8] c.e.aicrmdash.service.DashboardService   : Calculating dashboard summary metrics
Hibernate: 
    select
        p1_0.id,
        p1_0.created_at,
        p1_0.current_phase,
        p1_0.customer_name,
        p1_0.deal_value,
        p1_0.description,
        p1_0.end_date,
        p1_0.kickoff_date,
        p1_0.owner_id,
        p1_0.projected_close_date,
        p1_0.status,
        p1_0.title,
        p1_0.updated_at 
    from
        pocs p1_0
Hibernate: 
    select
        p1_0.id,
        p1_0.created_at,
        p1_0.current_phase,
        p1_0.customer_name,
        p1_0.deal_value,
        p1_0.description,
        p1_0.end_date,
        p1_0.kickoff_date,
        p1_0.owner_id,
        p1_0.projected_close_date,
        p1_0.status,
        p1_0.title,
        p1_0.updated_at 
    from
        pocs p1_0
Hibernate: 
    select
        p1_0.id,
        p1_0.created_at,
        p1_0.current_phase,
        p1_0.customer_name,
        p1_0.deal_value,
        p1_0.description,
        p1_0.end_date,
        p1_0.kickoff_date,
        p1_0.owner_id,
        p1_0.projected_close_date,
        p1_0.status,
        p1_0.title,
        p1_0.updated_at 
    from
        pocs p1_0
Hibernate: 
    select
        p1_0.id,
        p1_0.created_at,
        p1_0.current_phase,
        p1_0.customer_name,
        p1_0.deal_value,
        p1_0.description,
        p1_0.end_date,
        p1_0.kickoff_date,
        p1_0.owner_id,
        p1_0.projected_close_date,
        p1_0.status,
        p1_0.title,
        p1_0.updated_at 
    from
        pocs p1_0
2025-11-20T13:42:32.447-08:00  INFO 69004 --- [ai-crm-dash] [nio-8080-exec-8] c.e.aicrmdash.service.DashboardService   : Dashboard metrics calculated: activePocs=0, atRiskPocs=0, pipelineValue=0
Hibernate: 
    select
        u1_0.id,
        u1_0.email,
        u1_0.name,
        u1_0.password,
        u1_0.role 
    from
        users u1_0 
    where
        u1_0.email=?
Hibernate: 
    select
        u1_0.id,
        u1_0.email,
        u1_0.name,
        u1_0.password,
        u1_0.role 
    from
        users u1_0 
    where
        u1_0.email=?
2025-11-20T13:42:32.478-08:00  INFO 69004 --- [ai-crm-dash] [nio-8080-exec-2] c.e.aicrmdash.service.DashboardService   : Calculating dashboard summary metrics
Hibernate: 
    select
        p1_0.id,
        p1_0.created_at,
        p1_0.current_phase,
        p1_0.customer_name,
        p1_0.deal_value,
        p1_0.description,
        p1_0.end_date,
        p1_0.kickoff_date,
        p1_0.owner_id,
        p1_0.projected_close_date,
        p1_0.status,
        p1_0.title,
        p1_0.updated_at 
    from
        pocs p1_0
Hibernate: 
    select
        p1_0.id,
        p1_0.created_at,
        p1_0.current_phase,
        p1_0.customer_name,
        p1_0.deal_value,
        p1_0.description,
        p1_0.end_date,
        p1_0.kickoff_date,
        p1_0.owner_id,
        p1_0.projected_close_date,
        p1_0.status,
        p1_0.title,
        p1_0.updated_at 
    from
        pocs p1_0
Hibernate: 
    select
        p1_0.id,
        p1_0.created_at,
        p1_0.current_phase,
        p1_0.customer_name,
        p1_0.deal_value,
        p1_0.description,
        p1_0.end_date,
        p1_0.kickoff_date,
        p1_0.owner_id,
        p1_0.projected_close_date,
        p1_0.status,
        p1_0.title,
        p1_0.updated_at 
    from
        pocs p1_0
Hibernate: 
    select
        p1_0.id,
        p1_0.created_at,
        p1_0.current_phase,
        p1_0.customer_name,
        p1_0.deal_value,
        p1_0.description,
        p1_0.end_date,
        p1_0.kickoff_date,
        p1_0.owner_id,
        p1_0.projected_close_date,
        p1_0.status,
        p1_0.title,
        p1_0.updated_at 
    from
        pocs p1_0
2025-11-20T13:42:32.479-08:00  INFO 69004 --- [ai-crm-dash] [nio-8080-exec-2] c.e.aicrmdash.service.DashboardService   : Dashboard metrics calculated: activePocs=0, atRiskPocs=0, pipelineValue=0
Hibernate: 
    select
        u1_0.id,
        u1_0.email,
        u1_0.name,
        u1_0.password,
        u1_0.role 
    from
        users u1_0 
    where
        u1_0.email=?
Hibernate: 
    select
        u1_0.id,
        u1_0.email,
        u1_0.name,
        u1_0.password,
        u1_0.role 
    from
        users u1_0 
    where
        u1_0.email=?
Hibernate: 
    select
        p1_0.id,
        p1_0.created_at,
        p1_0.current_phase,
        p1_0.customer_name,
        p1_0.deal_value,
        p1_0.description,
        p1_0.end_date,
        p1_0.kickoff_date,
        p1_0.owner_id,
        p1_0.projected_close_date,
        p1_0.status,
        p1_0.title,
        p1_0.updated_at 
    from
        pocs p1_0
2025-11-20T13:42:34.890-08:00  INFO 69004 --- [ai-crm-dash] [nio-8080-exec-4] c.example.aicrmdash.service.UserService  : Retrieving all users
Hibernate: 
    select
        p1_0.id,
        p1_0.created_at,
        p1_0.current_phase,
        p1_0.customer_name,
        p1_0.deal_value,
        p1_0.description,
        p1_0.end_date,
        p1_0.kickoff_date,
        p1_0.owner_id,
        p1_0.projected_close_date,
        p1_0.status,
        p1_0.title,
        p1_0.updated_at 
    from
        pocs p1_0
Hibernate: 
    select
        u1_0.id,
        u1_0.email,
        u1_0.name,
        u1_0.password,
        u1_0.role 
    from
        users u1_0
2025-11-20T13:42:34.892-08:00  INFO 69004 --- [ai-crm-dash] [nio-8080-exec-4] c.example.aicrmdash.service.UserService  : Retrieved 3 users
Hibernate: 
    select
        u1_0.id,
        u1_0.email,
        u1_0.name,
        u1_0.password,
        u1_0.role 
    from
        users u1_0 
    where
        u1_0.email=?
Hibernate: 
    select
        p1_0.id,
        p1_0.created_at,
        p1_0.current_phase,
        p1_0.customer_name,
        p1_0.deal_value,
        p1_0.description,
        p1_0.end_date,
        p1_0.kickoff_date,
        p1_0.owner_id,
        p1_0.projected_close_date,
        p1_0.status,
        p1_0.title,
        p1_0.updated_at 
    from
        pocs p1_0
Hibernate: 
    select
        p1_0.id,
        p1_0.created_at,
        p1_0.current_phase,
        p1_0.customer_name,
        p1_0.deal_value,
        p1_0.description,
        p1_0.end_date,
        p1_0.kickoff_date,
        p1_0.owner_id,
        p1_0.projected_close_date,
        p1_0.status,
        p1_0.title,
        p1_0.updated_at 
    from
        pocs p1_0
Hibernate: 
    select
        u1_0.id,
        u1_0.email,
        u1_0.name,
        u1_0.password,
        u1_0.role 
    from
        users u1_0 
    where
        u1_0.email=?
2025-11-20T13:42:34.903-08:00  INFO 69004 --- [ai-crm-dash] [nio-8080-exec-5] c.example.aicrmdash.service.UserService  : Retrieving all users
Hibernate: 
    select
        u1_0.id,
        u1_0.email,
        u1_0.name,
        u1_0.password,
        u1_0.role 
    from
        users u1_0
2025-11-20T13:42:34.904-08:00  INFO 69004 --- [ai-crm-dash] [nio-8080-exec-5] c.example.aicrmdash.service.UserService  : Retrieved 3 users
Hibernate: 
    select
        u1_0.id,
        u1_0.email,
        u1_0.name,
        u1_0.password,
        u1_0.role 
    from
        users u1_0 
    where
        u1_0.email=?
Hibernate: 
    select
        u1_0.id,
        u1_0.email,
        u1_0.name,
        u1_0.password,
        u1_0.role 
    from
        users u1_0 
    where
        u1_0.email=?
2025-11-20T13:42:36.438-08:00  INFO 69004 --- [ai-crm-dash] [nio-8080-exec-6] c.e.aicrmdash.service.DashboardService   : Calculating dashboard summary metrics
Hibernate: 
    select
        p1_0.id,
        p1_0.created_at,
        p1_0.current_phase,
        p1_0.customer_name,
        p1_0.deal_value,
        p1_0.description,
        p1_0.end_date,
        p1_0.kickoff_date,
        p1_0.owner_id,
        p1_0.projected_close_date,
        p1_0.status,
        p1_0.title,
        p1_0.updated_at 
    from
        pocs p1_0
Hibernate: 
    select
        p1_0.id,
        p1_0.created_at,
        p1_0.current_phase,
        p1_0.customer_name,
        p1_0.deal_value,
        p1_0.description,
        p1_0.end_date,
        p1_0.kickoff_date,
        p1_0.owner_id,
        p1_0.projected_close_date,
        p1_0.status,
        p1_0.title,
        p1_0.updated_at 
    from
        pocs p1_0
Hibernate: 
    select
        p1_0.id,
        p1_0.created_at,
        p1_0.current_phase,
        p1_0.customer_name,
        p1_0.deal_value,
        p1_0.description,
        p1_0.end_date,
        p1_0.kickoff_date,
        p1_0.owner_id,
        p1_0.projected_close_date,
        p1_0.status,
        p1_0.title,
        p1_0.updated_at 
    from
        pocs p1_0
Hibernate: 
    select
        p1_0.id,
        p1_0.created_at,
        p1_0.current_phase,
        p1_0.customer_name,
        p1_0.deal_value,
        p1_0.description,
        p1_0.end_date,
        p1_0.kickoff_date,
        p1_0.owner_id,
        p1_0.projected_close_date,
        p1_0.status,
        p1_0.title,
        p1_0.updated_at 
    from
        pocs p1_0
2025-11-20T13:42:36.442-08:00  INFO 69004 --- [ai-crm-dash] [nio-8080-exec-6] c.e.aicrmdash.service.DashboardService   : Dashboard metrics calculated: activePocs=0, atRiskPocs=0, pipelineValue=0
Hibernate: 
    select
        u1_0.id,
        u1_0.email,
        u1_0.name,
        u1_0.password,
        u1_0.role 
    from
        users u1_0 
    where
        u1_0.email=?
Hibernate: 
    select
        u1_0.id,
        u1_0.email,
        u1_0.name,
        u1_0.password,
        u1_0.role 
    from
        users u1_0 
    where
        u1_0.email=?
2025-11-20T13:42:36.463-08:00  INFO 69004 --- [ai-crm-dash] [nio-8080-exec-9] c.e.aicrmdash.service.DashboardService   : Calculating dashboard summary metrics
Hibernate: 
    select
        p1_0.id,
        p1_0.created_at,
        p1_0.current_phase,
        p1_0.customer_name,
        p1_0.deal_value,
        p1_0.description,
        p1_0.end_date,
        p1_0.kickoff_date,
        p1_0.owner_id,
        p1_0.projected_close_date,
        p1_0.status,
        p1_0.title,
        p1_0.updated_at 
    from
        pocs p1_0
Hibernate: 
    select
        p1_0.id,
        p1_0.created_at,
        p1_0.current_phase,
        p1_0.customer_name,
        p1_0.deal_value,
        p1_0.description,
        p1_0.end_date,
        p1_0.kickoff_date,
        p1_0.owner_id,
        p1_0.projected_close_date,
        p1_0.status,
        p1_0.title,
        p1_0.updated_at 
    from
        pocs p1_0
Hibernate: 
    select
        p1_0.id,
        p1_0.created_at,
        p1_0.current_phase,
        p1_0.customer_name,
        p1_0.deal_value,
        p1_0.description,
        p1_0.end_date,
        p1_0.kickoff_date,
        p1_0.owner_id,
        p1_0.projected_close_date,
        p1_0.status,
        p1_0.title,
        p1_0.updated_at 
    from
        pocs p1_0
Hibernate: 
    select
        p1_0.id,
        p1_0.created_at,
        p1_0.current_phase,
        p1_0.customer_name,
        p1_0.deal_value,
        p1_0.description,
        p1_0.end_date,
        p1_0.kickoff_date,
        p1_0.owner_id,
        p1_0.projected_close_date,
        p1_0.status,
        p1_0.title,
        p1_0.updated_at 
    from
        pocs p1_0
2025-11-20T13:42:36.464-08:00  INFO 69004 --- [ai-crm-dash] [nio-8080-exec-9] c.e.aicrmdash.service.DashboardService   : Dashboard metrics calculated: activePocs=0, atRiskPocs=0, pipelineValue=0
Hibernate: 
    select
        u1_0.id,
        u1_0.email,
        u1_0.name,
        u1_0.password,
        u1_0.role 
    from
        users u1_0 
    where
        u1_0.email=?
Hibernate: 
    select
        u1_0.id,
        u1_0.email,
        u1_0.name,
        u1_0.password,
        u1_0.role 
    from
        users u1_0 
    where
        u1_0.email=?
2025-11-20T13:42:37.201-08:00  INFO 69004 --- [ai-crm-dash] [nio-8080-exec-2] c.example.aicrmdash.service.UserService  : Retrieving all users
Hibernate: 
    select
        u1_0.id,
        u1_0.email,
        u1_0.name,
        u1_0.password,
        u1_0.role 
    from
        users u1_0
Hibernate: 
    select
        p1_0.id,
        p1_0.created_at,
        p1_0.current_phase,
        p1_0.customer_name,
        p1_0.deal_value,
        p1_0.description,
        p1_0.end_date,
        p1_0.kickoff_date,
        p1_0.owner_id,
        p1_0.projected_close_date,
        p1_0.status,
        p1_0.title,
        p1_0.updated_at 
    from
        pocs p1_0
2025-11-20T13:42:37.203-08:00  INFO 69004 --- [ai-crm-dash] [nio-8080-exec-2] c.example.aicrmdash.service.UserService  : Retrieved 3 users
Hibernate: 
    select
        p1_0.id,
        p1_0.created_at,
        p1_0.current_phase,
        p1_0.customer_name,
        p1_0.deal_value,
        p1_0.description,
        p1_0.end_date,
        p1_0.kickoff_date,
        p1_0.owner_id,
        p1_0.projected_close_date,
        p1_0.status,
        p1_0.title,
        p1_0.updated_at 
    from
        pocs p1_0
Hibernate: 
    select
        u1_0.id,
        u1_0.email,
        u1_0.name,
        u1_0.password,
        u1_0.role 
    from
        users u1_0 
    where
        u1_0.email=?
Hibernate: 
    select
        u1_0.id,
        u1_0.email,
        u1_0.name,
        u1_0.password,
        u1_0.role 
    from
        users u1_0 
    where
        u1_0.email=?
2025-11-20T13:42:37.210-08:00  INFO 69004 --- [ai-crm-dash] [nio-8080-exec-1] c.example.aicrmdash.service.UserService  : Retrieving all users
Hibernate: 
    select
        u1_0.id,
        u1_0.email,
        u1_0.name,
        u1_0.password,
        u1_0.role 
    from
        users u1_0
Hibernate: 
    select
        p1_0.id,
        p1_0.created_at,
        p1_0.current_phase,
        p1_0.customer_name,
        p1_0.deal_value,
        p1_0.description,
        p1_0.end_date,
        p1_0.kickoff_date,
        p1_0.owner_id,
        p1_0.projected_close_date,
        p1_0.status,
        p1_0.title,
        p1_0.updated_at 
    from
        pocs p1_0
2025-11-20T13:42:37.211-08:00  INFO 69004 --- [ai-crm-dash] [nio-8080-exec-1] c.example.aicrmdash.service.UserService  : Retrieved 3 users
Hibernate: 
    select
        p1_0.id,
        p1_0.created_at,
        p1_0.current_phase,
        p1_0.customer_name,
        p1_0.deal_value,
        p1_0.description,
        p1_0.end_date,
        p1_0.kickoff_date,
        p1_0.owner_id,
        p1_0.projected_close_date,
        p1_0.status,
        p1_0.title,
        p1_0.updated_at 
    from
        pocs p1_0
Hibernate: 
    select
        u1_0.id,
        u1_0.email,
        u1_0.name,
        u1_0.password,
        u1_0.role 
    from
        users u1_0 
    where
        u1_0.email=?
Hibernate: 
    select
        u1_0.id,
        u1_0.email,
        u1_0.name,
        u1_0.password,
        u1_0.role 
    from
        users u1_0 
    where
        u1_0.email=?
2025-11-20T13:42:54.045-08:00  INFO 69004 --- [ai-crm-dash] [nio-8080-exec-5] c.e.aicrmdash.service.DashboardService   : Calculating dashboard summary metrics
Hibernate: 
    select
        p1_0.id,
        p1_0.created_at,
        p1_0.current_phase,
        p1_0.customer_name,
        p1_0.deal_value,
        p1_0.description,
        p1_0.end_date,
        p1_0.kickoff_date,
        p1_0.owner_id,
        p1_0.projected_close_date,
        p1_0.status,
        p1_0.title,
        p1_0.updated_at 
    from
        pocs p1_0
Hibernate: 
    select
        p1_0.id,
        p1_0.created_at,
        p1_0.current_phase,
        p1_0.customer_name,
        p1_0.deal_value,
        p1_0.description,
        p1_0.end_date,
        p1_0.kickoff_date,
        p1_0.owner_id,
        p1_0.projected_close_date,
        p1_0.status,
        p1_0.title,
        p1_0.updated_at 
    from
        pocs p1_0
Hibernate: 
    select
        p1_0.id,
        p1_0.created_at,
        p1_0.current_phase,
        p1_0.customer_name,
        p1_0.deal_value,
        p1_0.description,
        p1_0.end_date,
        p1_0.kickoff_date,
        p1_0.owner_id,
        p1_0.projected_close_date,
        p1_0.status,
        p1_0.title,
        p1_0.updated_at 
    from
        pocs p1_0
Hibernate: 
    select
        p1_0.id,
        p1_0.created_at,
        p1_0.current_phase,
        p1_0.customer_name,
        p1_0.deal_value,
        p1_0.description,
        p1_0.end_date,
        p1_0.kickoff_date,
        p1_0.owner_id,
        p1_0.projected_close_date,
        p1_0.status,
        p1_0.title,
        p1_0.updated_at 
    from
        pocs p1_0
2025-11-20T13:42:54.046-08:00  INFO 69004 --- [ai-crm-dash] [nio-8080-exec-5] c.e.aicrmdash.service.DashboardService   : Dashboard metrics calculated: activePocs=0, atRiskPocs=0, pipelineValue=0
Hibernate: 
    select
        u1_0.id,
        u1_0.email,
        u1_0.name,
        u1_0.password,
        u1_0.role 
    from
        users u1_0 
    where
        u1_0.email=?
Hibernate: 
    select
        u1_0.id,
        u1_0.email,
        u1_0.name,
        u1_0.password,
        u1_0.role 
    from
        users u1_0 
    where
        u1_0.email=?
2025-11-20T13:42:54.050-08:00  INFO 69004 --- [ai-crm-dash] [nio-8080-exec-9] c.e.aicrmdash.service.DashboardService   : Calculating dashboard summary metrics
Hibernate: 
    select
        p1_0.id,
        p1_0.created_at,
        p1_0.current_phase,
        p1_0.customer_name,
        p1_0.deal_value,
        p1_0.description,
        p1_0.end_date,
        p1_0.kickoff_date,
        p1_0.owner_id,
        p1_0.projected_close_date,
        p1_0.status,
        p1_0.title,
        p1_0.updated_at 
    from
        pocs p1_0
Hibernate: 
    select
        p1_0.id,
        p1_0.created_at,
        p1_0.current_phase,
        p1_0.customer_name,
        p1_0.deal_value,
        p1_0.description,
        p1_0.end_date,
        p1_0.kickoff_date,
        p1_0.owner_id,
        p1_0.projected_close_date,
        p1_0.status,
        p1_0.title,
        p1_0.updated_at 
    from
        pocs p1_0
Hibernate: 
    select
        p1_0.id,
        p1_0.created_at,
        p1_0.current_phase,
        p1_0.customer_name,
        p1_0.deal_value,
        p1_0.description,
        p1_0.end_date,
        p1_0.kickoff_date,
        p1_0.owner_id,
        p1_0.projected_close_date,
        p1_0.status,
        p1_0.title,
        p1_0.updated_at 
    from
        pocs p1_0
2025-11-20T13:42:54.051-08:00  INFO 69004 --- [ai-crm-dash] [nio-8080-exec-9] c.e.aicrmdash.service.DashboardService   : Dashboard metrics calculated: activePocs=0, atRiskPocs=0, pipelineValue=0
Hibernate: 
    select
        p1_0.id,
        p1_0.created_at,
        p1_0.current_phase,
        p1_0.customer_name,
        p1_0.deal_value,
        p1_0.description,
        p1_0.end_date,
        p1_0.kickoff_date,
        p1_0.owner_id,
        p1_0.projected_close_date,
        p1_0.status,
        p1_0.title,
        p1_0.updated_at 
    from
        pocs p1_0
Hibernate: 
    select
        u1_0.id,
        u1_0.email,
        u1_0.name,
        u1_0.password,
        u1_0.role 
    from
        users u1_0 
    where
        u1_0.email=?
Hibernate: 
    select
        u1_0.id,
        u1_0.email,
        u1_0.name,
        u1_0.password,
        u1_0.role 
    from
        users u1_0 
    where
        u1_0.email=?
Hibernate: 
    select
        p1_0.id,
        p1_0.created_at,
        p1_0.current_phase,
        p1_0.customer_name,
        p1_0.deal_value,
        p1_0.description,
        p1_0.end_date,
        p1_0.kickoff_date,
        p1_0.owner_id,
        p1_0.projected_close_date,
        p1_0.status,
        p1_0.title,
        p1_0.updated_at 
    from
        pocs p1_0 
    where
        p1_0.id=?
Hibernate: 
    select
        p1_0.id,
        p1_0.created_at,
        p1_0.current_phase,
        p1_0.customer_name,
        p1_0.deal_value,
        p1_0.description,
        p1_0.end_date,
        p1_0.kickoff_date,
        o1_0.id,
        o1_0.email,
        o1_0.name,
        o1_0.password,
        o1_0.role,
        p1_0.owner_id,
        p1_0.projected_close_date,
        p1_0.status,
        p1_0.title,
        p1_0.updated_at 
    from
        pocs p1_0 
    left join
        users o1_0 
            on o1_0.id=p1_0.owner_id 
    where
        p1_0.id=?
Hibernate: 
    select
        u1_0.id,
        u1_0.email,
        u1_0.name,
        u1_0.password,
        u1_0.role 
    from
        users u1_0 
    where
        u1_0.email=?
Hibernate: 
    select
        u1_0.id,
        u1_0.email,
        u1_0.name,
        u1_0.password,
        u1_0.role 
    from
        users u1_0 
    where
        u1_0.email=?
Hibernate: 
    select
        p1_0.id,
        p1_0.created_at,
        p1_0.current_phase,
        p1_0.customer_name,
        p1_0.deal_value,
        p1_0.description,
        p1_0.end_date,
        p1_0.kickoff_date,
        p1_0.owner_id,
        p1_0.projected_close_date,
        p1_0.status,
        p1_0.title,
        p1_0.updated_at 
    from
        pocs p1_0 
    where
        p1_0.id=?
Hibernate: 
    select
        p1_0.id,
        p1_0.created_at,
        p1_0.current_phase,
        p1_0.customer_name,
        p1_0.deal_value,
        p1_0.description,
        p1_0.end_date,
        p1_0.kickoff_date,
        o1_0.id,
        o1_0.email,
        o1_0.name,
        o1_0.password,
        o1_0.role,
        p1_0.owner_id,
        p1_0.projected_close_date,
        p1_0.status,
        p1_0.title,
        p1_0.updated_at 
    from
        pocs p1_0 
    left join
        users o1_0 
            on o1_0.id=p1_0.owner_id 
    where
        p1_0.id=?
2025-11-20T13:43:26.426-08:00  INFO 69004 --- [ai-crm-dash] [nio-8080-exec-1] o.springdoc.api.AbstractOpenApiResource  : Init duration for springdoc-openapi is: 280 ms
Hibernate: 
    select
        u1_0.id,
        u1_0.email,
        u1_0.name,
        u1_0.password,
        u1_0.role 
    from
        users u1_0 
    where
        u1_0.email=?
Hibernate: 
    select
        u1_0.id,
        u1_0.email,
        u1_0.name,
        u1_0.password,
        u1_0.role 
    from
        users u1_0 
    where
        u1_0.email=?
2025-11-20T13:44:15.706-08:00  INFO 69004 --- [ai-crm-dash] [nio-8080-exec-4] c.example.aicrmdash.service.UserService  : Retrieving all users
Hibernate: 
    select
        u1_0.id,
        u1_0.email,
        u1_0.name,
        u1_0.password,
        u1_0.role 
    from
        users u1_0
Hibernate: 
    select
        p1_0.id,
        p1_0.created_at,
        p1_0.current_phase,
        p1_0.customer_name,
        p1_0.deal_value,
        p1_0.description,
        p1_0.end_date,
        p1_0.kickoff_date,
        p1_0.owner_id,
        p1_0.projected_close_date,
        p1_0.status,
        p1_0.title,
        p1_0.updated_at 
    from
        pocs p1_0
2025-11-20T13:44:15.709-08:00  INFO 69004 --- [ai-crm-dash] [nio-8080-exec-4] c.example.aicrmdash.service.UserService  : Retrieved 3 users
Hibernate: 
    select
        p1_0.id,
        p1_0.created_at,
        p1_0.current_phase,
        p1_0.customer_name,
        p1_0.deal_value,
        p1_0.description,
        p1_0.end_date,
        p1_0.kickoff_date,
        p1_0.owner_id,
        p1_0.projected_close_date,
        p1_0.status,
        p1_0.title,
        p1_0.updated_at 
    from
        pocs p1_0
Hibernate: 
    select
        u1_0.id,
        u1_0.email,
        u1_0.name,
        u1_0.password,
        u1_0.role 
    from
        users u1_0 
    where
        u1_0.email=?
Hibernate: 
    select
        u1_0.id,
        u1_0.email,
        u1_0.name,
        u1_0.password,
        u1_0.role 
    from
        users u1_0 
    where
        u1_0.email=?
2025-11-20T13:44:15.715-08:00  INFO 69004 --- [ai-crm-dash] [nio-8080-exec-2] c.example.aicrmdash.service.UserService  : Retrieving all users
Hibernate: 
    select
        p1_0.id,
        p1_0.created_at,
        p1_0.current_phase,
        p1_0.customer_name,
        p1_0.deal_value,
        p1_0.description,
        p1_0.end_date,
        p1_0.kickoff_date,
        p1_0.owner_id,
        p1_0.projected_close_date,
        p1_0.status,
        p1_0.title,
        p1_0.updated_at 
    from
        pocs p1_0
Hibernate: 
    select
        u1_0.id,
        u1_0.email,
        u1_0.name,
        u1_0.password,
        u1_0.role 
    from
        users u1_0
Hibernate: 
    select
        p1_0.id,
        p1_0.created_at,
        p1_0.current_phase,
        p1_0.customer_name,
        p1_0.deal_value,
        p1_0.description,
        p1_0.end_date,
        p1_0.kickoff_date,
        p1_0.owner_id,
        p1_0.projected_close_date,
        p1_0.status,
        p1_0.title,
        p1_0.updated_at 
    from
        pocs p1_0
2025-11-20T13:44:15.716-08:00  INFO 69004 --- [ai-crm-dash] [nio-8080-exec-2] c.example.aicrmdash.service.UserService  : Retrieved 3 users
Hibernate: 
    select
        u1_0.id,
        u1_0.email,
        u1_0.name,
        u1_0.password,
        u1_0.role 
    from
        users u1_0 
    where
        u1_0.email=?
Hibernate: 
    select
        u1_0.id,
        u1_0.email,
        u1_0.name,
        u1_0.password,
        u1_0.role 
    from
        users u1_0 
    where
        u1_0.email=?
2025-11-20T13:44:17.692-08:00  INFO 69004 --- [ai-crm-dash] [nio-8080-exec-8] c.e.aicrmdash.service.DashboardService   : Calculating dashboard summary metrics
Hibernate: 
    select
        p1_0.id,
        p1_0.created_at,
        p1_0.current_phase,
        p1_0.customer_name,
        p1_0.deal_value,
        p1_0.description,
        p1_0.end_date,
        p1_0.kickoff_date,
        p1_0.owner_id,
        p1_0.projected_close_date,
        p1_0.status,
        p1_0.title,
        p1_0.updated_at 
    from
        pocs p1_0
Hibernate: 
    select
        p1_0.id,
        p1_0.created_at,
        p1_0.current_phase,
        p1_0.customer_name,
        p1_0.deal_value,
        p1_0.description,
        p1_0.end_date,
        p1_0.kickoff_date,
        p1_0.owner_id,
        p1_0.projected_close_date,
        p1_0.status,
        p1_0.title,
        p1_0.updated_at 
    from
        pocs p1_0
Hibernate: 
    select
        p1_0.id,
        p1_0.created_at,
        p1_0.current_phase,
        p1_0.customer_name,
        p1_0.deal_value,
        p1_0.description,
        p1_0.end_date,
        p1_0.kickoff_date,
        p1_0.owner_id,
        p1_0.projected_close_date,
        p1_0.status,
        p1_0.title,
        p1_0.updated_at 
    from
        pocs p1_0
Hibernate: 
    select
        p1_0.id,
        p1_0.created_at,
        p1_0.current_phase,
        p1_0.customer_name,
        p1_0.deal_value,
        p1_0.description,
        p1_0.end_date,
        p1_0.kickoff_date,
        p1_0.owner_id,
        p1_0.projected_close_date,
        p1_0.status,
        p1_0.title,
        p1_0.updated_at 
    from
        pocs p1_0
2025-11-20T13:44:17.694-08:00  INFO 69004 --- [ai-crm-dash] [nio-8080-exec-8] c.e.aicrmdash.service.DashboardService   : Dashboard metrics calculated: activePocs=0, atRiskPocs=0, pipelineValue=0
Hibernate: 
    select
        u1_0.id,
        u1_0.email,
        u1_0.name,
        u1_0.password,
        u1_0.role 
    from
        users u1_0 
    where
        u1_0.email=?
Hibernate: 
    select
        u1_0.id,
        u1_0.email,
        u1_0.name,
        u1_0.password,
        u1_0.role 
    from
        users u1_0 
    where
        u1_0.email=?
2025-11-20T13:44:17.701-08:00  INFO 69004 --- [ai-crm-dash] [nio-8080-exec-7] c.e.aicrmdash.service.DashboardService   : Calculating dashboard summary metrics
Hibernate: 
    select
        p1_0.id,
        p1_0.created_at,
        p1_0.current_phase,
        p1_0.customer_name,
        p1_0.deal_value,
        p1_0.description,
        p1_0.end_date,
        p1_0.kickoff_date,
        p1_0.owner_id,
        p1_0.projected_close_date,
        p1_0.status,
        p1_0.title,
        p1_0.updated_at 
    from
        pocs p1_0
Hibernate: 
    select
        p1_0.id,
        p1_0.created_at,
        p1_0.current_phase,
        p1_0.customer_name,
        p1_0.deal_value,
        p1_0.description,
        p1_0.end_date,
        p1_0.kickoff_date,
        p1_0.owner_id,
        p1_0.projected_close_date,
        p1_0.status,
        p1_0.title,
        p1_0.updated_at 
    from
        pocs p1_0
Hibernate: 
    select
        p1_0.id,
        p1_0.created_at,
        p1_0.current_phase,
        p1_0.customer_name,
        p1_0.deal_value,
        p1_0.description,
        p1_0.end_date,
        p1_0.kickoff_date,
        p1_0.owner_id,
        p1_0.projected_close_date,
        p1_0.status,
        p1_0.title,
        p1_0.updated_at 
    from
        pocs p1_0
Hibernate: 
    select
        p1_0.id,
        p1_0.created_at,
        p1_0.current_phase,
        p1_0.customer_name,
        p1_0.deal_value,
        p1_0.description,
        p1_0.end_date,
        p1_0.kickoff_date,
        p1_0.owner_id,
        p1_0.projected_close_date,
        p1_0.status,
        p1_0.title,
        p1_0.updated_at 
    from
        pocs p1_0
2025-11-20T13:44:17.702-08:00  INFO 69004 --- [ai-crm-dash] [nio-8080-exec-7] c.e.aicrmdash.service.DashboardService   : Dashboard metrics calculated: activePocs=0, atRiskPocs=0, pipelineValue=0
Hibernate: 
    select
        u1_0.id,
        u1_0.email,
        u1_0.name,
        u1_0.password,
        u1_0.role 
    from
        users u1_0 
    where
        u1_0.email=?
Hibernate: 
    select
        u1_0.id,
        u1_0.email,
        u1_0.name,
        u1_0.password,
        u1_0.role 
    from
        users u1_0 
    where
        u1_0.email=?
Hibernate: 
    select
        u1_0.id,
        u1_0.email,
        u1_0.name,
        u1_0.password,
        u1_0.role 
    from
        users u1_0 
    where
        u1_0.email=?
Hibernate: 
    select
        u1_0.id,
        u1_0.email,
        u1_0.name,
        u1_0.password,
        u1_0.role 
    from
        users u1_0 
    where
        u1_0.email=?
2025-11-20T13:46:12.490-08:00  INFO 69004 --- [ai-crm-dash] [nio-8080-exec-5] c.example.aicrmdash.service.UserService  : Retrieving all users
Hibernate: 
    select
        p1_0.id,
        p1_0.created_at,
        p1_0.current_phase,
        p1_0.customer_name,
        p1_0.deal_value,
        p1_0.description,
        p1_0.end_date,
        p1_0.kickoff_date,
        p1_0.owner_id,
        p1_0.projected_close_date,
        p1_0.status,
        p1_0.title,
        p1_0.updated_at 
    from
        pocs p1_0 
    where
        p1_0.id=?
Hibernate: 
    select
        p1_0.id,
        p1_0.created_at,
        p1_0.current_phase,
        p1_0.customer_name,
        p1_0.deal_value,
        p1_0.description,
        p1_0.end_date,
        p1_0.kickoff_date,
        o1_0.id,
        o1_0.email,
        o1_0.name,
        o1_0.password,
        o1_0.role,
        p1_0.owner_id,
        p1_0.projected_close_date,
        p1_0.status,
        p1_0.title,
        p1_0.updated_at 
    from
        pocs p1_0 
    left join
        users o1_0 
            on o1_0.id=p1_0.owner_id 
    where
        p1_0.id=?
Hibernate: 
    select
        u1_0.id,
        u1_0.email,
        u1_0.name,
        u1_0.password,
        u1_0.role 
    from
        users u1_0
Hibernate: 
    select
        p1_0.id,
        p1_0.created_at,
        p1_0.current_phase,
        p1_0.customer_name,
        p1_0.deal_value,
        p1_0.description,
        p1_0.end_date,
        p1_0.kickoff_date,
        p1_0.owner_id,
        p1_0.projected_close_date,
        p1_0.status,
        p1_0.title,
        p1_0.updated_at 
    from
        pocs p1_0
Hibernate: 
    select
        p1_0.id,
        p1_0.created_at,
        p1_0.current_phase,
        p1_0.customer_name,
        p1_0.deal_value,
        p1_0.description,
        p1_0.end_date,
        p1_0.kickoff_date,
        p1_0.owner_id,
        p1_0.projected_close_date,
        p1_0.status,
        p1_0.title,
        p1_0.updated_at 
    from
        pocs p1_0
2025-11-20T13:46:12.491-08:00  INFO 69004 --- [ai-crm-dash] [nio-8080-exec-5] c.example.aicrmdash.service.UserService  : Retrieved 3 users
Hibernate: 
    select
        u1_0.id,
        u1_0.email,
        u1_0.name,
        u1_0.password,
        u1_0.role 
    from
        users u1_0 
    where
        u1_0.email=?
2025-11-20T13:46:12.492-08:00  INFO 69004 --- [ai-crm-dash] [nio-8080-exec-9] c.e.aicrmdash.service.DashboardService   : Calculating dashboard summary metrics
Hibernate: 
    select
        p1_0.id,
        p1_0.created_at,
        p1_0.current_phase,
        p1_0.customer_name,
        p1_0.deal_value,
        p1_0.description,
        p1_0.end_date,
        p1_0.kickoff_date,
        p1_0.owner_id,
        p1_0.projected_close_date,
        p1_0.status,
        p1_0.title,
        p1_0.updated_at 
    from
        pocs p1_0
Hibernate: 
    select
        p1_0.id,
        p1_0.created_at,
        p1_0.current_phase,
        p1_0.customer_name,
        p1_0.deal_value,
        p1_0.description,
        p1_0.end_date,
        p1_0.kickoff_date,
        p1_0.owner_id,
        p1_0.projected_close_date,
        p1_0.status,
        p1_0.title,
        p1_0.updated_at 
    from
        pocs p1_0
2025-11-20T13:46:12.494-08:00  INFO 69004 --- [ai-crm-dash] [nio-8080-exec-9] c.e.aicrmdash.service.DashboardService   : Dashboard metrics calculated: activePocs=0, atRiskPocs=0, pipelineValue=0
Hibernate: 
    select
        u1_0.id,
        u1_0.email,
        u1_0.name,
        u1_0.password,
        u1_0.role 
    from
        users u1_0 
    where
        u1_0.email=?
Hibernate: 
    select
        u1_0.id,
        u1_0.email,
        u1_0.name,
        u1_0.password,
        u1_0.role 
    from
        users u1_0 
    where
        u1_0.email=?
Hibernate: 
    select
        u1_0.id,
        u1_0.email,
        u1_0.name,
        u1_0.password,
        u1_0.role 
    from
        users u1_0 
    where
        u1_0.email=?
Hibernate: 
    select
        u1_0.id,
        u1_0.email,
        u1_0.name,
        u1_0.password,
        u1_0.role 
    from
        users u1_0 
    where
        u1_0.email=?
2025-11-20T13:46:12.496-08:00  INFO 69004 --- [ai-crm-dash] [nio-8080-exec-2] c.example.aicrmdash.service.UserService  : Retrieving all users
Hibernate: 
    select
        p1_0.id,
        p1_0.created_at,
        p1_0.current_phase,
        p1_0.customer_name,
        p1_0.deal_value,
        p1_0.description,
        p1_0.end_date,
        p1_0.kickoff_date,
        o1_0.id,
        o1_0.email,
        o1_0.name,
        o1_0.password,
        o1_0.role,
        p1_0.owner_id,
        p1_0.projected_close_date,
        p1_0.status,
        p1_0.title,
        p1_0.updated_at 
    from
        pocs p1_0 
    left join
        users o1_0 
            on o1_0.id=p1_0.owner_id 
    where
        p1_0.id=?
Hibernate: 
    select
        p1_0.id,
        p1_0.created_at,
        p1_0.current_phase,
        p1_0.customer_name,
        p1_0.deal_value,
        p1_0.description,
        p1_0.end_date,
        p1_0.kickoff_date,
        p1_0.owner_id,
        p1_0.projected_close_date,
        p1_0.status,
        p1_0.title,
        p1_0.updated_at 
    from
        pocs p1_0 
    where
        p1_0.id=?
Hibernate: 
    select
        u1_0.id,
        u1_0.email,
        u1_0.name,
        u1_0.password,
        u1_0.role 
    from
        users u1_0
Hibernate: 
    select
        u1_0.id,
        u1_0.email,
        u1_0.name,
        u1_0.password,
        u1_0.role 
    from
        users u1_0 
    where
        u1_0.email=?
2025-11-20T13:46:12.497-08:00  INFO 69004 --- [ai-crm-dash] [nio-8080-exec-2] c.example.aicrmdash.service.UserService  : Retrieved 3 users
Hibernate: 
    select
        p1_0.id,
        p1_0.created_at,
        p1_0.current_phase,
        p1_0.customer_name,
        p1_0.deal_value,
        p1_0.description,
        p1_0.end_date,
        p1_0.kickoff_date,
        p1_0.owner_id,
        p1_0.projected_close_date,
        p1_0.status,
        p1_0.title,
        p1_0.updated_at 
    from
        pocs p1_0
2025-11-20T13:46:12.497-08:00  INFO 69004 --- [ai-crm-dash] [nio-8080-exec-7] c.e.aicrmdash.service.DashboardService   : Calculating dashboard summary metrics
Hibernate: 
    select
        p1_0.id,
        p1_0.created_at,
        p1_0.current_phase,
        p1_0.customer_name,
        p1_0.deal_value,
        p1_0.description,
        p1_0.end_date,
        p1_0.kickoff_date,
        p1_0.owner_id,
        p1_0.projected_close_date,
        p1_0.status,
        p1_0.title,
        p1_0.updated_at 
    from
        pocs p1_0
Hibernate: 
    select
        p1_0.id,
        p1_0.created_at,
        p1_0.current_phase,
        p1_0.customer_name,
        p1_0.deal_value,
        p1_0.description,
        p1_0.end_date,
        p1_0.kickoff_date,
        p1_0.owner_id,
        p1_0.projected_close_date,
        p1_0.status,
        p1_0.title,
        p1_0.updated_at 
    from
        pocs p1_0
Hibernate: 
    select
        p1_0.id,
        p1_0.created_at,
        p1_0.current_phase,
        p1_0.customer_name,
        p1_0.deal_value,
        p1_0.description,
        p1_0.end_date,
        p1_0.kickoff_date,
        p1_0.owner_id,
        p1_0.projected_close_date,
        p1_0.status,
        p1_0.title,
        p1_0.updated_at 
    from
        pocs p1_0
2025-11-20T13:46:12.498-08:00  INFO 69004 --- [ai-crm-dash] [nio-8080-exec-7] c.e.aicrmdash.service.DashboardService   : Dashboard metrics calculated: activePocs=0, atRiskPocs=0, pipelineValue=0
Hibernate: 
    select
        u1_0.id,
        u1_0.email,
        u1_0.name,
        u1_0.password,
        u1_0.role 
    from
        users u1_0 
    where
        u1_0.email=?
Hibernate: 
    select
        p1_0.id,
        p1_0.created_at,
        p1_0.current_phase,
        p1_0.customer_name,
        p1_0.deal_value,
        p1_0.description,
        p1_0.end_date,
        p1_0.kickoff_date,
        p1_0.owner_id,
        p1_0.projected_close_date,
        p1_0.status,
        p1_0.title,
        p1_0.updated_at 
    from
        pocs p1_0
Hibernate: 
    select
        p1_0.id,
        p1_0.created_at,
        p1_0.current_phase,
        p1_0.customer_name,
        p1_0.deal_value,
        p1_0.description,
        p1_0.end_date,
        p1_0.kickoff_date,
        p1_0.owner_id,
        p1_0.projected_close_date,
        p1_0.status,
        p1_0.title,
        p1_0.updated_at 
    from
        pocs p1_0
Hibernate: 
    select
        u1_0.id,
        u1_0.email,
        u1_0.name,
        u1_0.password,
        u1_0.role 
    from
        users u1_0 
    where
        u1_0.email=?
Hibernate: 
    select
        p1_0.id,
        p1_0.created_at,
        p1_0.current_phase,
        p1_0.customer_name,
        p1_0.deal_value,
        p1_0.description,
        p1_0.end_date,
        p1_0.kickoff_date,
        p1_0.owner_id,
        p1_0.projected_close_date,
        p1_0.status,
        p1_0.title,
        p1_0.updated_at 
    from
        pocs p1_0
Hibernate: 
    select
        p1_0.id,
        p1_0.created_at,
        p1_0.current_phase,
        p1_0.customer_name,
        p1_0.deal_value,
        p1_0.description,
        p1_0.end_date,
        p1_0.kickoff_date,
        p1_0.owner_id,
        p1_0.projected_close_date,
        p1_0.status,
        p1_0.title,
        p1_0.updated_at 
    from
        pocs p1_0
2025-11-20T14:01:57.843-08:00  WARN 69004 --- [ai-crm-dash] [l-1:housekeeper] com.zaxxer.hikari.pool.HikariPool        : HikariPool-1 - Thread starvation or clock leap detected (housekeeper delta=15m42s760ms).
2025-11-20T14:20:21.234-08:00  WARN 69004 --- [ai-crm-dash] [l-1:housekeeper] com.zaxxer.hikari.pool.HikariPool        : HikariPool-1 - Thread starvation or clock leap detected (housekeeper delta=17m53s380ms).
2025-11-20T14:35:44.398-08:00  WARN 69004 --- [ai-crm-dash] [l-1:housekeeper] com.zaxxer.hikari.pool.HikariPool        : HikariPool-1 - Thread starvation or clock leap detected (housekeeper delta=15m23s165ms).
2025-11-20T15:44:29.654-08:00  WARN 69004 --- [ai-crm-dash] [l-1:housekeeper] com.zaxxer.hikari.pool.HikariPool        : HikariPool-1 - Thread starvation or clock leap detected (housekeeper delta=1h8m45s255ms).
Hibernate: 
    select
        u1_0.id,
        u1_0.email,
        u1_0.name,
        u1_0.password,
        u1_0.role 
    from
        users u1_0 
    where
        u1_0.email=?
Hibernate: 
    select
        u1_0.id,
        u1_0.email,
        u1_0.name,
        u1_0.password,
        u1_0.role 
    from
        users u1_0 
    where
        u1_0.email=?
Hibernate: 
    select
        p1_0.id,
        p1_0.created_at,
        p1_0.current_phase,
        p1_0.customer_name,
        p1_0.deal_value,
        p1_0.description,
        p1_0.end_date,
        p1_0.kickoff_date,
        p1_0.owner_id,
        p1_0.projected_close_date,
        p1_0.status,
        p1_0.title,
        p1_0.updated_at 
    from
        pocs p1_0 
    where
        p1_0.id=?
Hibernate: 
    select
        p1_0.id,
        p1_0.created_at,
        p1_0.current_phase,
        p1_0.customer_name,
        p1_0.deal_value,
        p1_0.description,
        p1_0.end_date,
        p1_0.kickoff_date,
        o1_0.id,
        o1_0.email,
        o1_0.name,
        o1_0.password,
        o1_0.role,
        p1_0.owner_id,
        p1_0.projected_close_date,
        p1_0.status,
        p1_0.title,
        p1_0.updated_at 
    from
        pocs p1_0 
    left join
        users o1_0 
            on o1_0.id=p1_0.owner_id 
    where
        p1_0.id=?
Hibernate: 
    select
        u1_0.id,
        u1_0.email,
        u1_0.name,
        u1_0.password,
        u1_0.role 
    from
        users u1_0 
    where
        u1_0.email=?
Hibernate: 
    select
        u1_0.id,
        u1_0.email,
        u1_0.name,
        u1_0.password,
        u1_0.role 
    from
        users u1_0 
    where
        u1_0.email=?
Hibernate: 
    select
        p1_0.id,
        p1_0.created_at,
        p1_0.current_phase,
        p1_0.customer_name,
        p1_0.deal_value,
        p1_0.description,
        p1_0.end_date,
        p1_0.kickoff_date,
        o1_0.id,
        o1_0.email,
        o1_0.name,
        o1_0.password,
        o1_0.role,
        p1_0.owner_id,
        p1_0.projected_close_date,
        p1_0.status,
        p1_0.title,
        p1_0.updated_at 
    from
        pocs p1_0 
    left join
        users o1_0 
            on o1_0.id=p1_0.owner_id 
    where
        p1_0.id=?
Hibernate: 
    select
        p1_0.id,
        p1_0.created_at,
        p1_0.current_phase,
        p1_0.customer_name,
        p1_0.deal_value,
        p1_0.description,
        p1_0.end_date,
        p1_0.kickoff_date,
        p1_0.owner_id,
        p1_0.projected_close_date,
        p1_0.status,
        p1_0.title,
        p1_0.updated_at 
    from
        pocs p1_0 
    where
        p1_0.id=?
Hibernate: 
    select
        u1_0.id,
        u1_0.email,
        u1_0.name,
        u1_0.password,
        u1_0.role 
    from
        users u1_0 
    where
        u1_0.email=?
Hibernate: 
    select
        u1_0.id,
        u1_0.email,
        u1_0.name,
        u1_0.password,
        u1_0.role 
    from
        users u1_0 
    where
        u1_0.email=?
Hibernate: 
    select
        u1_0.id,
        u1_0.email,
        u1_0.name,
        u1_0.password,
        u1_0.role 
    from
        users u1_0 
    where
        u1_0.email=?
Hibernate: 
    select
        u1_0.id,
        u1_0.email,
        u1_0.name,
        u1_0.password,
        u1_0.role 
    from
        users u1_0 
    where
        u1_0.email=?
Hibernate: 
    select
        u1_0.id,
        u1_0.email,
        u1_0.name,
        u1_0.password,
        u1_0.role 
    from
        users u1_0 
    where
        u1_0.email=?
2025-11-20T16:14:52.282-08:00  INFO 69004 --- [ai-crm-dash] [nio-8080-exec-8] c.example.aicrmdash.service.UserService  : Retrieving all users
2025-11-20T16:14:52.282-08:00  INFO 69004 --- [ai-crm-dash] [nio-8080-exec-7] c.e.aicrmdash.service.DashboardService   : Calculating dashboard summary metrics
Hibernate: 
    select
        p1_0.id,
        p1_0.created_at,
        p1_0.current_phase,
        p1_0.customer_name,
        p1_0.deal_value,
        p1_0.description,
        p1_0.end_date,
        p1_0.kickoff_date,
        p1_0.owner_id,
        p1_0.projected_close_date,
        p1_0.status,
        p1_0.title,
        p1_0.updated_at 
    from
        pocs p1_0 
    where
        p1_0.id=?
Hibernate: 
    select
        p1_0.id,
        p1_0.created_at,
        p1_0.current_phase,
        p1_0.customer_name,
        p1_0.deal_value,
        p1_0.description,
        p1_0.end_date,
        p1_0.kickoff_date,
        o1_0.id,
        o1_0.email,
        o1_0.name,
        o1_0.password,
        o1_0.role,
        p1_0.owner_id,
        p1_0.projected_close_date,
        p1_0.status,
        p1_0.title,
        p1_0.updated_at 
    from
        pocs p1_0 
    left join
        users o1_0 
            on o1_0.id=p1_0.owner_id 
    where
        p1_0.id=?
Hibernate: 
    select
        u1_0.id,
        u1_0.email,
        u1_0.name,
        u1_0.password,
        u1_0.role 
    from
        users u1_0
Hibernate: 
    select
        p1_0.id,
        p1_0.created_at,
        p1_0.current_phase,
        p1_0.customer_name,
        p1_0.deal_value,
        p1_0.description,
        p1_0.end_date,
        p1_0.kickoff_date,
        p1_0.owner_id,
        p1_0.projected_close_date,
        p1_0.status,
        p1_0.title,
        p1_0.updated_at 
    from
        pocs p1_0
Hibernate: 
    select
        p1_0.id,
        p1_0.created_at,
        p1_0.current_phase,
        p1_0.customer_name,
        p1_0.deal_value,
        p1_0.description,
        p1_0.end_date,
        p1_0.kickoff_date,
        p1_0.owner_id,
        p1_0.projected_close_date,
        p1_0.status,
        p1_0.title,
        p1_0.updated_at 
    from
        pocs p1_0
2025-11-20T16:14:52.283-08:00  INFO 69004 --- [ai-crm-dash] [nio-8080-exec-8] c.example.aicrmdash.service.UserService  : Retrieved 3 users
Hibernate: 
    select
        p1_0.id,
        p1_0.created_at,
        p1_0.current_phase,
        p1_0.customer_name,
        p1_0.deal_value,
        p1_0.description,
        p1_0.end_date,
        p1_0.kickoff_date,
        p1_0.owner_id,
        p1_0.projected_close_date,
        p1_0.status,
        p1_0.title,
        p1_0.updated_at 
    from
        pocs p1_0
Hibernate: 
    select
        p1_0.id,
        p1_0.created_at,
        p1_0.current_phase,
        p1_0.customer_name,
        p1_0.deal_value,
        p1_0.description,
        p1_0.end_date,
        p1_0.kickoff_date,
        p1_0.owner_id,
        p1_0.projected_close_date,
        p1_0.status,
        p1_0.title,
        p1_0.updated_at 
    from
        pocs p1_0
2025-11-20T16:14:52.285-08:00  INFO 69004 --- [ai-crm-dash] [nio-8080-exec-7] c.e.aicrmdash.service.DashboardService   : Dashboard metrics calculated: activePocs=0, atRiskPocs=0, pipelineValue=0
Hibernate: 
    select
        u1_0.id,
        u1_0.email,
        u1_0.name,
        u1_0.password,
        u1_0.role 
    from
        users u1_0 
    where
        u1_0.email=?
Hibernate: 
    select
        u1_0.id,
        u1_0.email,
        u1_0.name,
        u1_0.password,
        u1_0.role 
    from
        users u1_0 
    where
        u1_0.email=?
Hibernate: 
    select
        u1_0.id,
        u1_0.email,
        u1_0.name,
        u1_0.password,
        u1_0.role 
    from
        users u1_0 
    where
        u1_0.email=?
Hibernate: 
    select
        u1_0.id,
        u1_0.email,
        u1_0.name,
        u1_0.password,
        u1_0.role 
    from
        users u1_0 
    where
        u1_0.email=?
Hibernate: 
    select
        u1_0.id,
        u1_0.email,
        u1_0.name,
        u1_0.password,
        u1_0.role 
    from
        users u1_0 
    where
        u1_0.email=?
2025-11-20T16:14:52.301-08:00  INFO 69004 --- [ai-crm-dash] [nio-8080-exec-9] c.e.aicrmdash.service.DashboardService   : Calculating dashboard summary metrics
2025-11-20T16:14:52.301-08:00  INFO 69004 --- [ai-crm-dash] [nio-8080-exec-5] c.example.aicrmdash.service.UserService  : Retrieving all users
Hibernate: 
    select
        u1_0.id,
        u1_0.email,
        u1_0.name,
        u1_0.password,
        u1_0.role 
    from
        users u1_0
Hibernate: 
    select
        p1_0.id,
        p1_0.created_at,
        p1_0.current_phase,
        p1_0.customer_name,
        p1_0.deal_value,
        p1_0.description,
        p1_0.end_date,
        p1_0.kickoff_date,
        p1_0.owner_id,
        p1_0.projected_close_date,
        p1_0.status,
        p1_0.title,
        p1_0.updated_at 
    from
        pocs p1_0
Hibernate: 
    select
        p1_0.id,
        p1_0.created_at,
        p1_0.current_phase,
        p1_0.customer_name,
        p1_0.deal_value,
        p1_0.description,
        p1_0.end_date,
        p1_0.kickoff_date,
        p1_0.owner_id,
        p1_0.projected_close_date,
        p1_0.status,
        p1_0.title,
        p1_0.updated_at 
    from
        pocs p1_0
Hibernate: 
    select
        p1_0.id,
        p1_0.created_at,
        p1_0.current_phase,
        p1_0.customer_name,
        p1_0.deal_value,
        p1_0.description,
        p1_0.end_date,
        p1_0.kickoff_date,
        p1_0.owner_id,
        p1_0.projected_close_date,
        p1_0.status,
        p1_0.title,
        p1_0.updated_at 
    from
        pocs p1_0 
    where
        p1_0.id=?
Hibernate: 
    select
        p1_0.id,
        p1_0.created_at,
        p1_0.current_phase,
        p1_0.customer_name,
        p1_0.deal_value,
        p1_0.description,
        p1_0.end_date,
        p1_0.kickoff_date,
        o1_0.id,
        o1_0.email,
        o1_0.name,
        o1_0.password,
        o1_0.role,
        p1_0.owner_id,
        p1_0.projected_close_date,
        p1_0.status,
        p1_0.title,
        p1_0.updated_at 
    from
        pocs p1_0 
    left join
        users o1_0 
            on o1_0.id=p1_0.owner_id 
    where
        p1_0.id=?
2025-11-20T16:14:52.302-08:00  INFO 69004 --- [ai-crm-dash] [nio-8080-exec-5] c.example.aicrmdash.service.UserService  : Retrieved 3 users
Hibernate: 
    select
        p1_0.id,
        p1_0.created_at,
        p1_0.current_phase,
        p1_0.customer_name,
        p1_0.deal_value,
        p1_0.description,
        p1_0.end_date,
        p1_0.kickoff_date,
        p1_0.owner_id,
        p1_0.projected_close_date,
        p1_0.status,
        p1_0.title,
        p1_0.updated_at 
    from
        pocs p1_0
Hibernate: 
    select
        p1_0.id,
        p1_0.created_at,
        p1_0.current_phase,
        p1_0.customer_name,
        p1_0.deal_value,
        p1_0.description,
        p1_0.end_date,
        p1_0.kickoff_date,
        p1_0.owner_id,
        p1_0.projected_close_date,
        p1_0.status,
        p1_0.title,
        p1_0.updated_at 
    from
        pocs p1_0
2025-11-20T16:14:52.302-08:00  INFO 69004 --- [ai-crm-dash] [nio-8080-exec-9] c.e.aicrmdash.service.DashboardService   : Dashboard metrics calculated: activePocs=0, atRiskPocs=0, pipelineValue=0
Hibernate: 
    select
        u1_0.id,
        u1_0.email,
        u1_0.name,
        u1_0.password,
        u1_0.role 
    from
        users u1_0 
    where
        u1_0.email=?
Hibernate: 
    select
        p1_0.id,
        p1_0.created_at,
        p1_0.current_phase,
        p1_0.customer_name,
        p1_0.deal_value,
        p1_0.description,
        p1_0.end_date,
        p1_0.kickoff_date,
        p1_0.owner_id,
        p1_0.projected_close_date,
        p1_0.status,
        p1_0.title,
        p1_0.updated_at 
    from
        pocs p1_0
Hibernate: 
    select
        p1_0.id,
        p1_0.created_at,
        p1_0.current_phase,
        p1_0.customer_name,
        p1_0.deal_value,
        p1_0.description,
        p1_0.end_date,
        p1_0.kickoff_date,
        p1_0.owner_id,
        p1_0.projected_close_date,
        p1_0.status,
        p1_0.title,
        p1_0.updated_at 
    from
        pocs p1_0
Hibernate: 
    select
        u1_0.id,
        u1_0.email,
        u1_0.name,
        u1_0.password,
        u1_0.role 
    from
        users u1_0 
    where
        u1_0.email=?
Hibernate: 
    select
        p1_0.id,
        p1_0.created_at,
        p1_0.current_phase,
        p1_0.customer_name,
        p1_0.deal_value,
        p1_0.description,
        p1_0.end_date,
        p1_0.kickoff_date,
        p1_0.owner_id,
        p1_0.projected_close_date,
        p1_0.status,
        p1_0.title,
        p1_0.updated_at 
    from
        pocs p1_0
Hibernate: 
    select
        p1_0.id,
        p1_0.created_at,
        p1_0.current_phase,
        p1_0.customer_name,
        p1_0.deal_value,
        p1_0.description,
        p1_0.end_date,
        p1_0.kickoff_date,
        p1_0.owner_id,
        p1_0.projected_close_date,
        p1_0.status,
        p1_0.title,
        p1_0.updated_at 
    from
        pocs p1_0
2025-11-20T16:26:31.510-08:00  WARN 69004 --- [ai-crm-dash] [l-1:housekeeper] com.zaxxer.hikari.pool.HikariPool        : HikariPool-1 - Thread starvation or clock leap detected (housekeeper delta=12m1s665ms).
Hibernate: 
    select
        u1_0.id,
        u1_0.email,
        u1_0.name,
        u1_0.password,
        u1_0.role 
    from
        users u1_0 
    where
        u1_0.email=?
Hibernate: 
    select
        u1_0.id,
        u1_0.email,
        u1_0.name,
        u1_0.password,
        u1_0.role 
    from
        users u1_0 
    where
        u1_0.email=?
Hibernate: 
    select
        u1_0.id,
        u1_0.email,
        u1_0.name,
        u1_0.password,
        u1_0.role 
    from
        users u1_0 
    where
        u1_0.email=?
Hibernate: 
    select
        u1_0.id,
        u1_0.email,
        u1_0.name,
        u1_0.password,
        u1_0.role 
    from
        users u1_0 
    where
        u1_0.email=?
Hibernate: 
    select
        u1_0.id,
        u1_0.email,
        u1_0.name,
        u1_0.password,
        u1_0.role 
    from
        users u1_0 
    where
        u1_0.email=?
2025-11-20T16:38:30.672-08:00  INFO 69004 --- [ai-crm-dash] [nio-8080-exec-8] c.e.aicrmdash.service.DashboardService   : Calculating dashboard summary metrics
2025-11-20T16:38:30.672-08:00  INFO 69004 --- [ai-crm-dash] [nio-8080-exec-9] c.example.aicrmdash.service.UserService  : Retrieving all users
Hibernate: 
    select
        p1_0.id,
        p1_0.created_at,
        p1_0.current_phase,
        p1_0.customer_name,
        p1_0.deal_value,
        p1_0.description,
        p1_0.end_date,
        p1_0.kickoff_date,
        p1_0.owner_id,
        p1_0.projected_close_date,
        p1_0.status,
        p1_0.title,
        p1_0.updated_at 
    from
        pocs p1_0 
    where
        p1_0.id=?
Hibernate: 
    select
        p1_0.id,
        p1_0.created_at,
        p1_0.current_phase,
        p1_0.customer_name,
        p1_0.deal_value,
        p1_0.description,
        p1_0.end_date,
        p1_0.kickoff_date,
        o1_0.id,
        o1_0.email,
        o1_0.name,
        o1_0.password,
        o1_0.role,
        p1_0.owner_id,
        p1_0.projected_close_date,
        p1_0.status,
        p1_0.title,
        p1_0.updated_at 
    from
        pocs p1_0 
    left join
        users o1_0 
            on o1_0.id=p1_0.owner_id 
    where
        p1_0.id=?
Hibernate: 
    select
        u1_0.id,
        u1_0.email,
        u1_0.name,
        u1_0.password,
        u1_0.role 
    from
        users u1_0
Hibernate: 
    select
        p1_0.id,
        p1_0.created_at,
        p1_0.current_phase,
        p1_0.customer_name,
        p1_0.deal_value,
        p1_0.description,
        p1_0.end_date,
        p1_0.kickoff_date,
        p1_0.owner_id,
        p1_0.projected_close_date,
        p1_0.status,
        p1_0.title,
        p1_0.updated_at 
    from
        pocs p1_0
Hibernate: 
    select
        p1_0.id,
        p1_0.created_at,
        p1_0.current_phase,
        p1_0.customer_name,
        p1_0.deal_value,
        p1_0.description,
        p1_0.end_date,
        p1_0.kickoff_date,
        p1_0.owner_id,
        p1_0.projected_close_date,
        p1_0.status,
        p1_0.title,
        p1_0.updated_at 
    from
        pocs p1_0
2025-11-20T16:38:30.673-08:00  INFO 69004 --- [ai-crm-dash] [nio-8080-exec-9] c.example.aicrmdash.service.UserService  : Retrieved 3 users
Hibernate: 
    select
        p1_0.id,
        p1_0.created_at,
        p1_0.current_phase,
        p1_0.customer_name,
        p1_0.deal_value,
        p1_0.description,
        p1_0.end_date,
        p1_0.kickoff_date,
        p1_0.owner_id,
        p1_0.projected_close_date,
        p1_0.status,
        p1_0.title,
        p1_0.updated_at 
    from
        pocs p1_0
Hibernate: 
    select
        p1_0.id,
        p1_0.created_at,
        p1_0.current_phase,
        p1_0.customer_name,
        p1_0.deal_value,
        p1_0.description,
        p1_0.end_date,
        p1_0.kickoff_date,
        p1_0.owner_id,
        p1_0.projected_close_date,
        p1_0.status,
        p1_0.title,
        p1_0.updated_at 
    from
        pocs p1_0
2025-11-20T16:38:30.674-08:00  INFO 69004 --- [ai-crm-dash] [nio-8080-exec-8] c.e.aicrmdash.service.DashboardService   : Dashboard metrics calculated: activePocs=0, atRiskPocs=0, pipelineValue=0
Hibernate: 
    select
        u1_0.id,
        u1_0.email,
        u1_0.name,
        u1_0.password,
        u1_0.role 
    from
        users u1_0 
    where
        u1_0.email=?
Hibernate: 
    select
        u1_0.id,
        u1_0.email,
        u1_0.name,
        u1_0.password,
        u1_0.role 
    from
        users u1_0 
    where
        u1_0.email=?
Hibernate: 
    select
        u1_0.id,
        u1_0.email,
        u1_0.name,
        u1_0.password,
        u1_0.role 
    from
        users u1_0 
    where
        u1_0.email=?
Hibernate: 
    select
        u1_0.id,
        u1_0.email,
        u1_0.name,
        u1_0.password,
        u1_0.role 
    from
        users u1_0 
    where
        u1_0.email=?
Hibernate: 
    select
        u1_0.id,
        u1_0.email,
        u1_0.name,
        u1_0.password,
        u1_0.role 
    from
        users u1_0 
    where
        u1_0.email=?
2025-11-20T16:38:30.679-08:00  INFO 69004 --- [ai-crm-dash] [nio-8080-exec-6] c.e.aicrmdash.service.DashboardService   : Calculating dashboard summary metrics
2025-11-20T16:38:30.679-08:00  INFO 69004 --- [ai-crm-dash] [nio-8080-exec-3] c.example.aicrmdash.service.UserService  : Retrieving all users
Hibernate: 
    select
        u1_0.id,
        u1_0.email,
        u1_0.name,
        u1_0.password,
        u1_0.role 
    from
        users u1_0
Hibernate: 
    select
        p1_0.id,
        p1_0.created_at,
        p1_0.current_phase,
        p1_0.customer_name,
        p1_0.deal_value,
        p1_0.description,
        p1_0.end_date,
        p1_0.kickoff_date,
        p1_0.owner_id,
        p1_0.projected_close_date,
        p1_0.status,
        p1_0.title,
        p1_0.updated_at 
    from
        pocs p1_0
Hibernate: 
    select
        p1_0.id,
        p1_0.created_at,
        p1_0.current_phase,
        p1_0.customer_name,
        p1_0.deal_value,
        p1_0.description,
        p1_0.end_date,
        p1_0.kickoff_date,
        p1_0.owner_id,
        p1_0.projected_close_date,
        p1_0.status,
        p1_0.title,
        p1_0.updated_at 
    from
        pocs p1_0
Hibernate: 
    select
        p1_0.id,
        p1_0.created_at,
        p1_0.current_phase,
        p1_0.customer_name,
        p1_0.deal_value,
        p1_0.description,
        p1_0.end_date,
        p1_0.kickoff_date,
        p1_0.owner_id,
        p1_0.projected_close_date,
        p1_0.status,
        p1_0.title,
        p1_0.updated_at 
    from
        pocs p1_0 
    where
        p1_0.id=?
Hibernate: 
    select
        p1_0.id,
        p1_0.created_at,
        p1_0.current_phase,
        p1_0.customer_name,
        p1_0.deal_value,
        p1_0.description,
        p1_0.end_date,
        p1_0.kickoff_date,
        o1_0.id,
        o1_0.email,
        o1_0.name,
        o1_0.password,
        o1_0.role,
        p1_0.owner_id,
        p1_0.projected_close_date,
        p1_0.status,
        p1_0.title,
        p1_0.updated_at 
    from
        pocs p1_0 
    left join
        users o1_0 
            on o1_0.id=p1_0.owner_id 
    where
        p1_0.id=?
Hibernate: 
    select
        p1_0.id,
        p1_0.created_at,
        p1_0.current_phase,
        p1_0.customer_name,
        p1_0.deal_value,
        p1_0.description,
        p1_0.end_date,
        p1_0.kickoff_date,
        p1_0.owner_id,
        p1_0.projected_close_date,
        p1_0.status,
        p1_0.title,
        p1_0.updated_at 
    from
        pocs p1_0
Hibernate: 
    select
        p1_0.id,
        p1_0.created_at,
        p1_0.current_phase,
        p1_0.customer_name,
        p1_0.deal_value,
        p1_0.description,
        p1_0.end_date,
        p1_0.kickoff_date,
        p1_0.owner_id,
        p1_0.projected_close_date,
        p1_0.status,
        p1_0.title,
        p1_0.updated_at 
    from
        pocs p1_0
2025-11-20T16:38:30.680-08:00  INFO 69004 --- [ai-crm-dash] [nio-8080-exec-6] c.e.aicrmdash.service.DashboardService   : Dashboard metrics calculated: activePocs=0, atRiskPocs=0, pipelineValue=0
2025-11-20T16:38:30.680-08:00  INFO 69004 --- [ai-crm-dash] [nio-8080-exec-3] c.example.aicrmdash.service.UserService  : Retrieved 3 users
Hibernate: 
    select
        u1_0.id,
        u1_0.email,
        u1_0.name,
        u1_0.password,
        u1_0.role 
    from
        users u1_0 
    where
        u1_0.email=?
Hibernate: 
    select
        p1_0.id,
        p1_0.created_at,
        p1_0.current_phase,
        p1_0.customer_name,
        p1_0.deal_value,
        p1_0.description,
        p1_0.end_date,
        p1_0.kickoff_date,
        p1_0.owner_id,
        p1_0.projected_close_date,
        p1_0.status,
        p1_0.title,
        p1_0.updated_at 
    from
        pocs p1_0
Hibernate: 
    select
        p1_0.id,
        p1_0.created_at,
        p1_0.current_phase,
        p1_0.customer_name,
        p1_0.deal_value,
        p1_0.description,
        p1_0.end_date,
        p1_0.kickoff_date,
        p1_0.owner_id,
        p1_0.projected_close_date,
        p1_0.status,
        p1_0.title,
        p1_0.updated_at 
    from
        pocs p1_0
Hibernate: 
    select
        u1_0.id,
        u1_0.email,
        u1_0.name,
        u1_0.password,
        u1_0.role 
    from
        users u1_0 
    where
        u1_0.email=?
Hibernate: 
    select
        p1_0.id,
        p1_0.created_at,
        p1_0.current_phase,
        p1_0.customer_name,
        p1_0.deal_value,
        p1_0.description,
        p1_0.end_date,
        p1_0.kickoff_date,
        p1_0.owner_id,
        p1_0.projected_close_date,
        p1_0.status,
        p1_0.title,
        p1_0.updated_at 
    from
        pocs p1_0
Hibernate: 
    select
        p1_0.id,
        p1_0.created_at,
        p1_0.current_phase,
        p1_0.customer_name,
        p1_0.deal_value,
        p1_0.description,
        p1_0.end_date,
        p1_0.kickoff_date,
        p1_0.owner_id,
        p1_0.projected_close_date,
        p1_0.status,
        p1_0.title,
        p1_0.updated_at 
    from
        pocs p1_0
2025-11-20T16:39:32.264-08:00  WARN 69004 --- [ai-crm-dash] [l-1:housekeeper] com.zaxxer.hikari.pool.HikariPool        : HikariPool-1 - Thread starvation or clock leap detected (housekeeper delta=1m691ms).
Hibernate: 
    select
        u1_0.id,
        u1_0.email,
        u1_0.name,
        u1_0.password,
        u1_0.role 
    from
        users u1_0 
    where
        u1_0.email=?
Hibernate: 
    select
        u1_0.id,
        u1_0.email,
        u1_0.name,
        u1_0.password,
        u1_0.role 
    from
        users u1_0 
    where
        u1_0.email=?
Hibernate: 
    select
        u1_0.id,
        u1_0.email,
        u1_0.name,
        u1_0.password,
        u1_0.role 
    from
        users u1_0 
    where
        u1_0.email=?
Hibernate: 
    select
        u1_0.id,
        u1_0.email,
        u1_0.name,
        u1_0.password,
        u1_0.role 
    from
        users u1_0 
    where
        u1_0.email=?
Hibernate: 
    select
        u1_0.id,
        u1_0.email,
        u1_0.name,
        u1_0.password,
        u1_0.role 
    from
        users u1_0 
    where
        u1_0.email=?
2025-11-20T16:43:58.958-08:00  INFO 69004 --- [ai-crm-dash] [nio-8080-exec-3] c.example.aicrmdash.service.UserService  : Retrieving all users
2025-11-20T16:43:58.958-08:00  INFO 69004 --- [ai-crm-dash] [nio-8080-exec-5] c.e.aicrmdash.service.DashboardService   : Calculating dashboard summary metrics
Hibernate: 
    select
        p1_0.id,
        p1_0.created_at,
        p1_0.current_phase,
        p1_0.customer_name,
        p1_0.deal_value,
        p1_0.description,
        p1_0.end_date,
        p1_0.kickoff_date,
        p1_0.owner_id,
        p1_0.projected_close_date,
        p1_0.status,
        p1_0.title,
        p1_0.updated_at 
    from
        pocs p1_0 
    where
        p1_0.id=?
Hibernate: 
    select
        u1_0.id,
        u1_0.email,
        u1_0.name,
        u1_0.password,
        u1_0.role 
    from
        users u1_0
Hibernate: 
    select
        p1_0.id,
        p1_0.created_at,
        p1_0.current_phase,
        p1_0.customer_name,
        p1_0.deal_value,
        p1_0.description,
        p1_0.end_date,
        p1_0.kickoff_date,
        o1_0.id,
        o1_0.email,
        o1_0.name,
        o1_0.password,
        o1_0.role,
        p1_0.owner_id,
        p1_0.projected_close_date,
        p1_0.status,
        p1_0.title,
        p1_0.updated_at 
    from
        pocs p1_0 
    left join
        users o1_0 
            on o1_0.id=p1_0.owner_id 
    where
        p1_0.id=?
Hibernate: 
    select
        p1_0.id,
        p1_0.created_at,
        p1_0.current_phase,
        p1_0.customer_name,
        p1_0.deal_value,
        p1_0.description,
        p1_0.end_date,
        p1_0.kickoff_date,
        p1_0.owner_id,
        p1_0.projected_close_date,
        p1_0.status,
        p1_0.title,
        p1_0.updated_at 
    from
        pocs p1_0
Hibernate: 
    select
        p1_0.id,
        p1_0.created_at,
        p1_0.current_phase,
        p1_0.customer_name,
        p1_0.deal_value,
        p1_0.description,
        p1_0.end_date,
        p1_0.kickoff_date,
        p1_0.owner_id,
        p1_0.projected_close_date,
        p1_0.status,
        p1_0.title,
        p1_0.updated_at 
    from
        pocs p1_0
2025-11-20T16:43:58.958-08:00  INFO 69004 --- [ai-crm-dash] [nio-8080-exec-3] c.example.aicrmdash.service.UserService  : Retrieved 3 users
Hibernate: 
    select
        p1_0.id,
        p1_0.created_at,
        p1_0.current_phase,
        p1_0.customer_name,
        p1_0.deal_value,
        p1_0.description,
        p1_0.end_date,
        p1_0.kickoff_date,
        p1_0.owner_id,
        p1_0.projected_close_date,
        p1_0.status,
        p1_0.title,
        p1_0.updated_at 
    from
        pocs p1_0
Hibernate: 
    select
        p1_0.id,
        p1_0.created_at,
        p1_0.current_phase,
        p1_0.customer_name,
        p1_0.deal_value,
        p1_0.description,
        p1_0.end_date,
        p1_0.kickoff_date,
        p1_0.owner_id,
        p1_0.projected_close_date,
        p1_0.status,
        p1_0.title,
        p1_0.updated_at 
    from
        pocs p1_0
2025-11-20T16:43:58.960-08:00  INFO 69004 --- [ai-crm-dash] [nio-8080-exec-5] c.e.aicrmdash.service.DashboardService   : Dashboard metrics calculated: activePocs=0, atRiskPocs=0, pipelineValue=0
Hibernate: 
    select
        u1_0.id,
        u1_0.email,
        u1_0.name,
        u1_0.password,
        u1_0.role 
    from
        users u1_0 
    where
        u1_0.email=?
Hibernate: 
    select
        u1_0.id,
        u1_0.email,
        u1_0.name,
        u1_0.password,
        u1_0.role 
    from
        users u1_0 
    where
        u1_0.email=?
Hibernate: 
    select
        u1_0.id,
        u1_0.email,
        u1_0.name,
        u1_0.password,
        u1_0.role 
    from
        users u1_0 
    where
        u1_0.email=?
Hibernate: 
    select
        u1_0.id,
        u1_0.email,
        u1_0.name,
        u1_0.password,
        u1_0.role 
    from
        users u1_0 
    where
        u1_0.email=?
Hibernate: 
    select
        u1_0.id,
        u1_0.email,
        u1_0.name,
        u1_0.password,
        u1_0.role 
    from
        users u1_0 
    where
        u1_0.email=?
2025-11-20T16:43:58.973-08:00  INFO 69004 --- [ai-crm-dash] [nio-8080-exec-8] c.example.aicrmdash.service.UserService  : Retrieving all users
Hibernate: 
    select
        p1_0.id,
        p1_0.created_at,
        p1_0.current_phase,
        p1_0.customer_name,
        p1_0.deal_value,
        p1_0.description,
        p1_0.end_date,
        p1_0.kickoff_date,
        o1_0.id,
        o1_0.email,
        o1_0.name,
        o1_0.password,
        o1_0.role,
        p1_0.owner_id,
        p1_0.projected_close_date,
        p1_0.status,
        p1_0.title,
        p1_0.updated_at 
    from
        pocs p1_0 
    left join
        users o1_0 
            on o1_0.id=p1_0.owner_id 
    where
        p1_0.id=?
Hibernate: 
    select
        p1_0.id,
        p1_0.created_at,
        p1_0.current_phase,
        p1_0.customer_name,
        p1_0.deal_value,
        p1_0.description,
        p1_0.end_date,
        p1_0.kickoff_date,
        p1_0.owner_id,
        p1_0.projected_close_date,
        p1_0.status,
        p1_0.title,
        p1_0.updated_at 
    from
        pocs p1_0 
    where
        p1_0.id=?
Hibernate: 
    select
        u1_0.id,
        u1_0.email,
        u1_0.name,
        u1_0.password,
        u1_0.role 
    from
        users u1_0
Hibernate: 
    select
        p1_0.id,
        p1_0.created_at,
        p1_0.current_phase,
        p1_0.customer_name,
        p1_0.deal_value,
        p1_0.description,
        p1_0.end_date,
        p1_0.kickoff_date,
        p1_0.owner_id,
        p1_0.projected_close_date,
        p1_0.status,
        p1_0.title,
        p1_0.updated_at 
    from
        pocs p1_0
2025-11-20T16:43:58.973-08:00  INFO 69004 --- [ai-crm-dash] [nio-8080-exec-2] c.e.aicrmdash.service.DashboardService   : Calculating dashboard summary metrics
2025-11-20T16:43:58.974-08:00  INFO 69004 --- [ai-crm-dash] [nio-8080-exec-8] c.example.aicrmdash.service.UserService  : Retrieved 3 users
Hibernate: 
    select
        p1_0.id,
        p1_0.created_at,
        p1_0.current_phase,
        p1_0.customer_name,
        p1_0.deal_value,
        p1_0.description,
        p1_0.end_date,
        p1_0.kickoff_date,
        p1_0.owner_id,
        p1_0.projected_close_date,
        p1_0.status,
        p1_0.title,
        p1_0.updated_at 
    from
        pocs p1_0
Hibernate: 
    select
        p1_0.id,
        p1_0.created_at,
        p1_0.current_phase,
        p1_0.customer_name,
        p1_0.deal_value,
        p1_0.description,
        p1_0.end_date,
        p1_0.kickoff_date,
        p1_0.owner_id,
        p1_0.projected_close_date,
        p1_0.status,
        p1_0.title,
        p1_0.updated_at 
    from
        pocs p1_0
Hibernate: 
    select
        p1_0.id,
        p1_0.created_at,
        p1_0.current_phase,
        p1_0.customer_name,
        p1_0.deal_value,
        p1_0.description,
        p1_0.end_date,
        p1_0.kickoff_date,
        p1_0.owner_id,
        p1_0.projected_close_date,
        p1_0.status,
        p1_0.title,
        p1_0.updated_at 
    from
        pocs p1_0
2025-11-20T16:43:58.974-08:00  INFO 69004 --- [ai-crm-dash] [nio-8080-exec-2] c.e.aicrmdash.service.DashboardService   : Dashboard metrics calculated: activePocs=0, atRiskPocs=0, pipelineValue=0
Hibernate: 
    select
        u1_0.id,
        u1_0.email,
        u1_0.name,
        u1_0.password,
        u1_0.role 
    from
        users u1_0 
    where
        u1_0.email=?
Hibernate: 
    select
        p1_0.id,
        p1_0.created_at,
        p1_0.current_phase,
        p1_0.customer_name,
        p1_0.deal_value,
        p1_0.description,
        p1_0.end_date,
        p1_0.kickoff_date,
        p1_0.owner_id,
        p1_0.projected_close_date,
        p1_0.status,
        p1_0.title,
        p1_0.updated_at 
    from
        pocs p1_0
Hibernate: 
    select
        p1_0.id,
        p1_0.created_at,
        p1_0.current_phase,
        p1_0.customer_name,
        p1_0.deal_value,
        p1_0.description,
        p1_0.end_date,
        p1_0.kickoff_date,
        p1_0.owner_id,
        p1_0.projected_close_date,
        p1_0.status,
        p1_0.title,
        p1_0.updated_at 
    from
        pocs p1_0
Hibernate: 
    select
        u1_0.id,
        u1_0.email,
        u1_0.name,
        u1_0.password,
        u1_0.role 
    from
        users u1_0 
    where
        u1_0.email=?
Hibernate: 
    select
        p1_0.id,
        p1_0.created_at,
        p1_0.current_phase,
        p1_0.customer_name,
        p1_0.deal_value,
        p1_0.description,
        p1_0.end_date,
        p1_0.kickoff_date,
        p1_0.owner_id,
        p1_0.projected_close_date,
        p1_0.status,
        p1_0.title,
        p1_0.updated_at 
    from
        pocs p1_0
Hibernate: 
    select
        p1_0.id,
        p1_0.created_at,
        p1_0.current_phase,
        p1_0.customer_name,
        p1_0.deal_value,
        p1_0.description,
        p1_0.end_date,
        p1_0.kickoff_date,
        p1_0.owner_id,
        p1_0.projected_close_date,
        p1_0.status,
        p1_0.title,
        p1_0.updated_at 
    from
        pocs p1_0
2025-11-20T16:54:46.692-08:00  WARN 69004 --- [ai-crm-dash] [l-1:housekeeper] com.zaxxer.hikari.pool.HikariPool        : HikariPool-1 - Thread starvation or clock leap detected (housekeeper delta=10m44s382ms).
Hibernate: 
    select
        u1_0.id,
        u1_0.email,
        u1_0.name,
        u1_0.password,
        u1_0.role 
    from
        users u1_0 
    where
        u1_0.email=?
Hibernate: 
    select
        u1_0.id,
        u1_0.email,
        u1_0.name,
        u1_0.password,
        u1_0.role 
    from
        users u1_0 
    where
        u1_0.email=?
Hibernate: 
    select
        u1_0.id,
        u1_0.email,
        u1_0.name,
        u1_0.password,
        u1_0.role 
    from
        users u1_0 
    where
        u1_0.email=?
Hibernate: 
    select
        u1_0.id,
        u1_0.email,
        u1_0.name,
        u1_0.password,
        u1_0.role 
    from
        users u1_0 
    where
        u1_0.email=?
Hibernate: 
    select
        u1_0.id,
        u1_0.email,
        u1_0.name,
        u1_0.password,
        u1_0.role 
    from
        users u1_0 
    where
        u1_0.email=?
2025-11-20T17:05:02.562-08:00  INFO 69004 --- [ai-crm-dash] [nio-8080-exec-7] c.example.aicrmdash.service.UserService  : Retrieving all users
2025-11-20T17:05:02.562-08:00  INFO 69004 --- [ai-crm-dash] [io-8080-exec-10] c.e.aicrmdash.service.DashboardService   : Calculating dashboard summary metrics
Hibernate: 
    select
        p1_0.id,
        p1_0.created_at,
        p1_0.current_phase,
        p1_0.customer_name,
        p1_0.deal_value,
        p1_0.description,
        p1_0.end_date,
        p1_0.kickoff_date,
        p1_0.owner_id,
        p1_0.projected_close_date,
        p1_0.status,
        p1_0.title,
        p1_0.updated_at 
    from
        pocs p1_0 
    where
        p1_0.id=?
Hibernate: 
    select
        p1_0.id,
        p1_0.created_at,
        p1_0.current_phase,
        p1_0.customer_name,
        p1_0.deal_value,
        p1_0.description,
        p1_0.end_date,
        p1_0.kickoff_date,
        o1_0.id,
        o1_0.email,
        o1_0.name,
        o1_0.password,
        o1_0.role,
        p1_0.owner_id,
        p1_0.projected_close_date,
        p1_0.status,
        p1_0.title,
        p1_0.updated_at 
    from
        pocs p1_0 
    left join
        users o1_0 
            on o1_0.id=p1_0.owner_id 
    where
        p1_0.id=?
Hibernate: 
    select
        u1_0.id,
        u1_0.email,
        u1_0.name,
        u1_0.password,
        u1_0.role 
    from
        users u1_0
Hibernate: 
    select
        p1_0.id,
        p1_0.created_at,
        p1_0.current_phase,
        p1_0.customer_name,
        p1_0.deal_value,
        p1_0.description,
        p1_0.end_date,
        p1_0.kickoff_date,
        p1_0.owner_id,
        p1_0.projected_close_date,
        p1_0.status,
        p1_0.title,
        p1_0.updated_at 
    from
        pocs p1_0
Hibernate: 
    select
        p1_0.id,
        p1_0.created_at,
        p1_0.current_phase,
        p1_0.customer_name,
        p1_0.deal_value,
        p1_0.description,
        p1_0.end_date,
        p1_0.kickoff_date,
        p1_0.owner_id,
        p1_0.projected_close_date,
        p1_0.status,
        p1_0.title,
        p1_0.updated_at 
    from
        pocs p1_0
2025-11-20T17:05:02.564-08:00  INFO 69004 --- [ai-crm-dash] [nio-8080-exec-7] c.example.aicrmdash.service.UserService  : Retrieved 3 users
Hibernate: 
    select
        p1_0.id,
        p1_0.created_at,
        p1_0.current_phase,
        p1_0.customer_name,
        p1_0.deal_value,
        p1_0.description,
        p1_0.end_date,
        p1_0.kickoff_date,
        p1_0.owner_id,
        p1_0.projected_close_date,
        p1_0.status,
        p1_0.title,
        p1_0.updated_at 
    from
        pocs p1_0
Hibernate: 
    select
        p1_0.id,
        p1_0.created_at,
        p1_0.current_phase,
        p1_0.customer_name,
        p1_0.deal_value,
        p1_0.description,
        p1_0.end_date,
        p1_0.kickoff_date,
        p1_0.owner_id,
        p1_0.projected_close_date,
        p1_0.status,
        p1_0.title,
        p1_0.updated_at 
    from
        pocs p1_0
2025-11-20T17:05:02.565-08:00  INFO 69004 --- [ai-crm-dash] [io-8080-exec-10] c.e.aicrmdash.service.DashboardService   : Dashboard metrics calculated: activePocs=0, atRiskPocs=0, pipelineValue=0
Hibernate: 
    select
        u1_0.id,
        u1_0.email,
        u1_0.name,
        u1_0.password,
        u1_0.role 
    from
        users u1_0 
    where
        u1_0.email=?
Hibernate: 
    select
        u1_0.id,
        u1_0.email,
        u1_0.name,
        u1_0.password,
        u1_0.role 
    from
        users u1_0 
    where
        u1_0.email=?
Hibernate: 
    select
        u1_0.id,
        u1_0.email,
        u1_0.name,
        u1_0.password,
        u1_0.role 
    from
        users u1_0 
    where
        u1_0.email=?
Hibernate: 
    select
        u1_0.id,
        u1_0.email,
        u1_0.name,
        u1_0.password,
        u1_0.role 
    from
        users u1_0 
    where
        u1_0.email=?
Hibernate: 
    select
        u1_0.id,
        u1_0.email,
        u1_0.name,
        u1_0.password,
        u1_0.role 
    from
        users u1_0 
    where
        u1_0.email=?
2025-11-20T17:05:02.573-08:00  INFO 69004 --- [ai-crm-dash] [nio-8080-exec-6] c.e.aicrmdash.service.DashboardService   : Calculating dashboard summary metrics
Hibernate: 
    select
        p1_0.id,
        p1_0.created_at,
        p1_0.current_phase,
        p1_0.customer_name,
        p1_0.deal_value,
        p1_0.description,
        p1_0.end_date,
        p1_0.kickoff_date,
        o1_0.id,
        o1_0.email,
        o1_0.name,
        o1_0.password,
        o1_0.role,
        p1_0.owner_id,
        p1_0.projected_close_date,
        p1_0.status,
        p1_0.title,
        p1_0.updated_at 
    from
        pocs p1_0 
    left join
        users o1_0 
            on o1_0.id=p1_0.owner_id 
    where
        p1_0.id=?
Hibernate: 
    select
        p1_0.id,
        p1_0.created_at,
        p1_0.current_phase,
        p1_0.customer_name,
        p1_0.deal_value,
        p1_0.description,
        p1_0.end_date,
        p1_0.kickoff_date,
        p1_0.owner_id,
        p1_0.projected_close_date,
        p1_0.status,
        p1_0.title,
        p1_0.updated_at 
    from
        pocs p1_0 
    where
        p1_0.id=?
Hibernate: 
    select
        p1_0.id,
        p1_0.created_at,
        p1_0.current_phase,
        p1_0.customer_name,
        p1_0.deal_value,
        p1_0.description,
        p1_0.end_date,
        p1_0.kickoff_date,
        p1_0.owner_id,
        p1_0.projected_close_date,
        p1_0.status,
        p1_0.title,
        p1_0.updated_at 
    from
        pocs p1_0
Hibernate: 
    select
        p1_0.id,
        p1_0.created_at,
        p1_0.current_phase,
        p1_0.customer_name,
        p1_0.deal_value,
        p1_0.description,
        p1_0.end_date,
        p1_0.kickoff_date,
        p1_0.owner_id,
        p1_0.projected_close_date,
        p1_0.status,
        p1_0.title,
        p1_0.updated_at 
    from
        pocs p1_0
2025-11-20T17:05:02.574-08:00  INFO 69004 --- [ai-crm-dash] [nio-8080-exec-4] c.example.aicrmdash.service.UserService  : Retrieving all users
Hibernate: 
    select
        u1_0.id,
        u1_0.email,
        u1_0.name,
        u1_0.password,
        u1_0.role 
    from
        users u1_0
Hibernate: 
    select
        p1_0.id,
        p1_0.created_at,
        p1_0.current_phase,
        p1_0.customer_name,
        p1_0.deal_value,
        p1_0.description,
        p1_0.end_date,
        p1_0.kickoff_date,
        p1_0.owner_id,
        p1_0.projected_close_date,
        p1_0.status,
        p1_0.title,
        p1_0.updated_at 
    from
        pocs p1_0
Hibernate: 
    select
        p1_0.id,
        p1_0.created_at,
        p1_0.current_phase,
        p1_0.customer_name,
        p1_0.deal_value,
        p1_0.description,
        p1_0.end_date,
        p1_0.kickoff_date,
        p1_0.owner_id,
        p1_0.projected_close_date,
        p1_0.status,
        p1_0.title,
        p1_0.updated_at 
    from
        pocs p1_0
2025-11-20T17:05:02.574-08:00  INFO 69004 --- [ai-crm-dash] [nio-8080-exec-6] c.e.aicrmdash.service.DashboardService   : Dashboard metrics calculated: activePocs=0, atRiskPocs=0, pipelineValue=0
2025-11-20T17:05:02.574-08:00  INFO 69004 --- [ai-crm-dash] [nio-8080-exec-4] c.example.aicrmdash.service.UserService  : Retrieved 3 users
Hibernate: 
    select
        u1_0.id,
        u1_0.email,
        u1_0.name,
        u1_0.password,
        u1_0.role 
    from
        users u1_0 
    where
        u1_0.email=?
Hibernate: 
    select
        p1_0.id,
        p1_0.created_at,
        p1_0.current_phase,
        p1_0.customer_name,
        p1_0.deal_value,
        p1_0.description,
        p1_0.end_date,
        p1_0.kickoff_date,
        p1_0.owner_id,
        p1_0.projected_close_date,
        p1_0.status,
        p1_0.title,
        p1_0.updated_at 
    from
        pocs p1_0
Hibernate: 
    select
        p1_0.id,
        p1_0.created_at,
        p1_0.current_phase,
        p1_0.customer_name,
        p1_0.deal_value,
        p1_0.description,
        p1_0.end_date,
        p1_0.kickoff_date,
        p1_0.owner_id,
        p1_0.projected_close_date,
        p1_0.status,
        p1_0.title,
        p1_0.updated_at 
    from
        pocs p1_0
Hibernate: 
    select
        u1_0.id,
        u1_0.email,
        u1_0.name,
        u1_0.password,
        u1_0.role 
    from
        users u1_0 
    where
        u1_0.email=?
Hibernate: 
    select
        p1_0.id,
        p1_0.created_at,
        p1_0.current_phase,
        p1_0.customer_name,
        p1_0.deal_value,
        p1_0.description,
        p1_0.end_date,
        p1_0.kickoff_date,
        p1_0.owner_id,
        p1_0.projected_close_date,
        p1_0.status,
        p1_0.title,
        p1_0.updated_at 
    from
        pocs p1_0
Hibernate: 
    select
        p1_0.id,
        p1_0.created_at,
        p1_0.current_phase,
        p1_0.customer_name,
        p1_0.deal_value,
        p1_0.description,
        p1_0.end_date,
        p1_0.kickoff_date,
        p1_0.owner_id,
        p1_0.projected_close_date,
        p1_0.status,
        p1_0.title,
        p1_0.updated_at 
    from
        pocs p1_0
2025-11-20T17:16:54.342-08:00  WARN 69004 --- [ai-crm-dash] [l-1:housekeeper] com.zaxxer.hikari.pool.HikariPool        : HikariPool-1 - Thread starvation or clock leap detected (housekeeper delta=12m7s577ms).
2025-11-20T18:43:42.466-08:00  WARN 69004 --- [ai-crm-dash] [l-1:housekeeper] com.zaxxer.hikari.pool.HikariPool        : HikariPool-1 - Thread starvation or clock leap detected (housekeeper delta=1h26m48s125ms).
2025-11-20T19:54:50.530-08:00  WARN 69004 --- [ai-crm-dash] [l-1:housekeeper] com.zaxxer.hikari.pool.HikariPool        : HikariPool-1 - Thread starvation or clock leap detected (housekeeper delta=1h11m8s63ms).
2025-11-20T21:08:07.605-08:00  WARN 69004 --- [ai-crm-dash] [l-1:housekeeper] com.zaxxer.hikari.pool.HikariPool        : HikariPool-1 - Thread starvation or clock leap detected (housekeeper delta=1h13m17s76ms).
Hibernate: 
    select
        u1_0.id,
        u1_0.email,
        u1_0.name,
        u1_0.password,
        u1_0.role 
    from
        users u1_0 
    where
        u1_0.email=?
Hibernate: 
    select
        u1_0.id,
        u1_0.email,
        u1_0.name,
        u1_0.password,
        u1_0.role 
    from
        users u1_0 
    where
        u1_0.email=?
Hibernate: 
    select
        u1_0.id,
        u1_0.email,
        u1_0.name,
        u1_0.password,
        u1_0.role 
    from
        users u1_0 
    where
        u1_0.email=?
Hibernate: 
    select
        u1_0.id,
        u1_0.email,
        u1_0.name,
        u1_0.password,
        u1_0.role 
    from
        users u1_0 
    where
        u1_0.email=?
Hibernate: 
    select
        u1_0.id,
        u1_0.email,
        u1_0.name,
        u1_0.password,
        u1_0.role 
    from
        users u1_0 
    where
        u1_0.email=?
2025-11-20T21:32:12.293-08:00  INFO 69004 --- [ai-crm-dash] [nio-8080-exec-7] c.e.aicrmdash.service.DashboardService   : Calculating dashboard summary metrics
2025-11-20T21:32:12.293-08:00  INFO 69004 --- [ai-crm-dash] [nio-8080-exec-1] c.example.aicrmdash.service.UserService  : Retrieving all users
Hibernate: 
    select
        p1_0.id,
        p1_0.created_at,
        p1_0.current_phase,
        p1_0.customer_name,
        p1_0.deal_value,
        p1_0.description,
        p1_0.end_date,
        p1_0.kickoff_date,
        p1_0.owner_id,
        p1_0.projected_close_date,
        p1_0.status,
        p1_0.title,
        p1_0.updated_at 
    from
        pocs p1_0 
    where
        p1_0.id=?
Hibernate: 
    select
        p1_0.id,
        p1_0.created_at,
        p1_0.current_phase,
        p1_0.customer_name,
        p1_0.deal_value,
        p1_0.description,
        p1_0.end_date,
        p1_0.kickoff_date,
        o1_0.id,
        o1_0.email,
        o1_0.name,
        o1_0.password,
        o1_0.role,
        p1_0.owner_id,
        p1_0.projected_close_date,
        p1_0.status,
        p1_0.title,
        p1_0.updated_at 
    from
        pocs p1_0 
    left join
        users o1_0 
            on o1_0.id=p1_0.owner_id 
    where
        p1_0.id=?
Hibernate: 
    select
        u1_0.id,
        u1_0.email,
        u1_0.name,
        u1_0.password,
        u1_0.role 
    from
        users u1_0
Hibernate: 
    select
        p1_0.id,
        p1_0.created_at,
        p1_0.current_phase,
        p1_0.customer_name,
        p1_0.deal_value,
        p1_0.description,
        p1_0.end_date,
        p1_0.kickoff_date,
        p1_0.owner_id,
        p1_0.projected_close_date,
        p1_0.status,
        p1_0.title,
        p1_0.updated_at 
    from
        pocs p1_0
Hibernate: 
    select
        p1_0.id,
        p1_0.created_at,
        p1_0.current_phase,
        p1_0.customer_name,
        p1_0.deal_value,
        p1_0.description,
        p1_0.end_date,
        p1_0.kickoff_date,
        p1_0.owner_id,
        p1_0.projected_close_date,
        p1_0.status,
        p1_0.title,
        p1_0.updated_at 
    from
        pocs p1_0
Hibernate: 
    select
        p1_0.id,
        p1_0.created_at,
        p1_0.current_phase,
        p1_0.customer_name,
        p1_0.deal_value,
        p1_0.description,
        p1_0.end_date,
        p1_0.kickoff_date,
        p1_0.owner_id,
        p1_0.projected_close_date,
        p1_0.status,
        p1_0.title,
        p1_0.updated_at 
    from
        pocs p1_0
2025-11-20T21:32:12.296-08:00  INFO 69004 --- [ai-crm-dash] [nio-8080-exec-1] c.example.aicrmdash.service.UserService  : Retrieved 3 users
Hibernate: 
    select
        p1_0.id,
        p1_0.created_at,
        p1_0.current_phase,
        p1_0.customer_name,
        p1_0.deal_value,
        p1_0.description,
        p1_0.end_date,
        p1_0.kickoff_date,
        p1_0.owner_id,
        p1_0.projected_close_date,
        p1_0.status,
        p1_0.title,
        p1_0.updated_at 
    from
        pocs p1_0
2025-11-20T21:32:12.296-08:00  INFO 69004 --- [ai-crm-dash] [nio-8080-exec-7] c.e.aicrmdash.service.DashboardService   : Dashboard metrics calculated: activePocs=0, atRiskPocs=0, pipelineValue=0
Hibernate: 
    select
        u1_0.id,
        u1_0.email,
        u1_0.name,
        u1_0.password,
        u1_0.role 
    from
        users u1_0 
    where
        u1_0.email=?
Hibernate: 
    select
        u1_0.id,
        u1_0.email,
        u1_0.name,
        u1_0.password,
        u1_0.role 
    from
        users u1_0 
    where
        u1_0.email=?
2025-11-20T21:32:12.337-08:00  INFO 69004 --- [ai-crm-dash] [nio-8080-exec-6] c.example.aicrmdash.service.UserService  : Retrieving all users
Hibernate: 
    select
        u1_0.id,
        u1_0.email,
        u1_0.name,
        u1_0.password,
        u1_0.role 
    from
        users u1_0
2025-11-20T21:32:12.338-08:00  INFO 69004 --- [ai-crm-dash] [nio-8080-exec-6] c.example.aicrmdash.service.UserService  : Retrieved 3 users
Hibernate: 
    select
        p1_0.id,
        p1_0.created_at,
        p1_0.current_phase,
        p1_0.customer_name,
        p1_0.deal_value,
        p1_0.description,
        p1_0.end_date,
        p1_0.kickoff_date,
        o1_0.id,
        o1_0.email,
        o1_0.name,
        o1_0.password,
        o1_0.role,
        p1_0.owner_id,
        p1_0.projected_close_date,
        p1_0.status,
        p1_0.title,
        p1_0.updated_at 
    from
        pocs p1_0 
    left join
        users o1_0 
            on o1_0.id=p1_0.owner_id 
    where
        p1_0.id=?
Hibernate: 
    select
        u1_0.id,
        u1_0.email,
        u1_0.name,
        u1_0.password,
        u1_0.role 
    from
        users u1_0 
    where
        u1_0.email=?
Hibernate: 
    select
        p1_0.id,
        p1_0.created_at,
        p1_0.current_phase,
        p1_0.customer_name,
        p1_0.deal_value,
        p1_0.description,
        p1_0.end_date,
        p1_0.kickoff_date,
        p1_0.owner_id,
        p1_0.projected_close_date,
        p1_0.status,
        p1_0.title,
        p1_0.updated_at 
    from
        pocs p1_0
Hibernate: 
    select
        p1_0.id,
        p1_0.created_at,
        p1_0.current_phase,
        p1_0.customer_name,
        p1_0.deal_value,
        p1_0.description,
        p1_0.end_date,
        p1_0.kickoff_date,
        p1_0.owner_id,
        p1_0.projected_close_date,
        p1_0.status,
        p1_0.title,
        p1_0.updated_at 
    from
        pocs p1_0
Hibernate: 
    select
        u1_0.id,
        u1_0.email,
        u1_0.name,
        u1_0.password,
        u1_0.role 
    from
        users u1_0 
    where
        u1_0.email=?
Hibernate: 
    select
        u1_0.id,
        u1_0.email,
        u1_0.name,
        u1_0.password,
        u1_0.role 
    from
        users u1_0 
    where
        u1_0.email=?
2025-11-20T21:32:12.344-08:00  INFO 69004 --- [ai-crm-dash] [nio-8080-exec-9] c.e.aicrmdash.service.DashboardService   : Calculating dashboard summary metrics
Hibernate: 
    select
        p1_0.id,
        p1_0.created_at,
        p1_0.current_phase,
        p1_0.customer_name,
        p1_0.deal_value,
        p1_0.description,
        p1_0.end_date,
        p1_0.kickoff_date,
        p1_0.owner_id,
        p1_0.projected_close_date,
        p1_0.status,
        p1_0.title,
        p1_0.updated_at 
    from
        pocs p1_0
Hibernate: 
    select
        p1_0.id,
        p1_0.created_at,
        p1_0.current_phase,
        p1_0.customer_name,
        p1_0.deal_value,
        p1_0.description,
        p1_0.end_date,
        p1_0.kickoff_date,
        p1_0.owner_id,
        p1_0.projected_close_date,
        p1_0.status,
        p1_0.title,
        p1_0.updated_at 
    from
        pocs p1_0
2025-11-20T21:32:12.345-08:00  INFO 69004 --- [ai-crm-dash] [nio-8080-exec-9] c.e.aicrmdash.service.DashboardService   : Dashboard metrics calculated: activePocs=0, atRiskPocs=0, pipelineValue=0
Hibernate: 
    select
        p1_0.id,
        p1_0.created_at,
        p1_0.current_phase,
        p1_0.customer_name,
        p1_0.deal_value,
        p1_0.description,
        p1_0.end_date,
        p1_0.kickoff_date,
        p1_0.owner_id,
        p1_0.projected_close_date,
        p1_0.status,
        p1_0.title,
        p1_0.updated_at 
    from
        pocs p1_0 
    where
        p1_0.id=?
Hibernate: 
    select
        u1_0.id,
        u1_0.email,
        u1_0.name,
        u1_0.password,
        u1_0.role 
    from
        users u1_0 
    where
        u1_0.email=?
Hibernate: 
    select
        p1_0.id,
        p1_0.created_at,
        p1_0.current_phase,
        p1_0.customer_name,
        p1_0.deal_value,
        p1_0.description,
        p1_0.end_date,
        p1_0.kickoff_date,
        p1_0.owner_id,
        p1_0.projected_close_date,
        p1_0.status,
        p1_0.title,
        p1_0.updated_at 
    from
        pocs p1_0
Hibernate: 
    select
        p1_0.id,
        p1_0.created_at,
        p1_0.current_phase,
        p1_0.customer_name,
        p1_0.deal_value,
        p1_0.description,
        p1_0.end_date,
        p1_0.kickoff_date,
        p1_0.owner_id,
        p1_0.projected_close_date,
        p1_0.status,
        p1_0.title,
        p1_0.updated_at 
    from
        pocs p1_0
Hibernate: 
    select
        u1_0.id,
        u1_0.email,
        u1_0.name,
        u1_0.password,
        u1_0.role 
    from
        users u1_0 
    where
        u1_0.email=?
Hibernate: 
    select
        p1_0.id,
        p1_0.created_at,
        p1_0.current_phase,
        p1_0.customer_name,
        p1_0.deal_value,
        p1_0.description,
        p1_0.end_date,
        p1_0.kickoff_date,
        p1_0.owner_id,
        p1_0.projected_close_date,
        p1_0.status,
        p1_0.title,
        p1_0.updated_at 
    from
        pocs p1_0
Hibernate: 
    select
        p1_0.id,
        p1_0.created_at,
        p1_0.current_phase,
        p1_0.customer_name,
        p1_0.deal_value,
        p1_0.description,
        p1_0.end_date,
        p1_0.kickoff_date,
        p1_0.owner_id,
        p1_0.projected_close_date,
        p1_0.status,
        p1_0.title,
        p1_0.updated_at 
    from
        pocs p1_0
2025-11-20T22:06:58.568-08:00  WARN 69004 --- [ai-crm-dash] [l-1:housekeeper] com.zaxxer.hikari.pool.HikariPool        : HikariPool-1 - Thread starvation or clock leap detected (housekeeper delta=58m50s963ms).
2025-11-20T23:33:12.671-08:00  WARN 69004 --- [ai-crm-dash] [l-1:housekeeper] com.zaxxer.hikari.pool.HikariPool        : HikariPool-1 - Thread starvation or clock leap detected (housekeeper delta=1h26m14s103ms).
2025-11-21T00:34:18.010-08:00  WARN 69004 --- [ai-crm-dash] [l-1:housekeeper] com.zaxxer.hikari.pool.HikariPool        : HikariPool-1 - Thread starvation or clock leap detected (housekeeper delta=1h1m5s339ms).
2025-11-21T01:50:26.043-08:00  WARN 69004 --- [ai-crm-dash] [l-1:housekeeper] com.zaxxer.hikari.pool.HikariPool        : HikariPool-1 - Thread starvation or clock leap detected (housekeeper delta=1h16m8s33ms).
2025-11-21T02:58:39.776-08:00  WARN 69004 --- [ai-crm-dash] [l-1:housekeeper] com.zaxxer.hikari.pool.HikariPool        : HikariPool-1 - Thread starvation or clock leap detected (housekeeper delta=1h8m13s733ms).
2025-11-21T04:37:02.879-08:00  WARN 69004 --- [ai-crm-dash] [l-1:housekeeper] com.zaxxer.hikari.pool.HikariPool        : HikariPool-1 - Thread starvation or clock leap detected (housekeeper delta=1h38m23s103ms).
2025-11-21T06:01:04.974-08:00  WARN 69004 --- [ai-crm-dash] [l-1:housekeeper] com.zaxxer.hikari.pool.HikariPool        : HikariPool-1 - Thread starvation or clock leap detected (housekeeper delta=1h24m2s95ms).
2025-11-21T06:50:06.776-08:00  WARN 69004 --- [ai-crm-dash] [l-1:housekeeper] com.zaxxer.hikari.pool.HikariPool        : HikariPool-1 - Thread starvation or clock leap detected (housekeeper delta=49m1s801ms).
2025-11-21T08:02:07.853-08:00  WARN 69004 --- [ai-crm-dash] [l-1:housekeeper] com.zaxxer.hikari.pool.HikariPool        : HikariPool-1 - Thread starvation or clock leap detected (housekeeper delta=1h12m1s78ms).
2025-11-21T09:18:34.364-08:00  WARN 69004 --- [ai-crm-dash] [l-1:housekeeper] com.zaxxer.hikari.pool.HikariPool        : HikariPool-1 - Thread starvation or clock leap detected (housekeeper delta=1h16m26s511ms).
2025-11-21T09:36:00.899-08:00  WARN 69004 --- [ai-crm-dash] [l-1:housekeeper] com.zaxxer.hikari.pool.HikariPool        : HikariPool-1 - Thread starvation or clock leap detected (housekeeper delta=17m26s534ms).
Hibernate: 
    select
        u1_0.id,
        u1_0.email,
        u1_0.name,
        u1_0.password,
        u1_0.role 
    from
        users u1_0 
    where
        u1_0.email=?
Hibernate: 
    select
        u1_0.id,
        u1_0.email,
        u1_0.name,
        u1_0.password,
        u1_0.role 
    from
        users u1_0 
    where
        u1_0.email=?
Hibernate: 
    select
        u1_0.id,
        u1_0.email,
        u1_0.name,
        u1_0.password,
        u1_0.role 
    from
        users u1_0 
    where
        u1_0.email=?
Hibernate: 
    select
        u1_0.id,
        u1_0.email,
        u1_0.name,
        u1_0.password,
        u1_0.role 
    from
        users u1_0 
    where
        u1_0.email=?
Hibernate: 
    select
        u1_0.id,
        u1_0.email,
        u1_0.name,
        u1_0.password,
        u1_0.role 
    from
        users u1_0 
    where
        u1_0.email=?
2025-11-21T11:04:54.764-08:00  INFO 69004 --- [ai-crm-dash] [nio-8080-exec-7] c.e.aicrmdash.service.DashboardService   : Calculating dashboard summary metrics
2025-11-21T11:04:54.764-08:00  INFO 69004 --- [ai-crm-dash] [nio-8080-exec-3] c.example.aicrmdash.service.UserService  : Retrieving all users
Hibernate: 
    select
        p1_0.id,
        p1_0.created_at,
        p1_0.current_phase,
        p1_0.customer_name,
        p1_0.deal_value,
        p1_0.description,
        p1_0.end_date,
        p1_0.kickoff_date,
        p1_0.owner_id,
        p1_0.projected_close_date,
        p1_0.status,
        p1_0.title,
        p1_0.updated_at 
    from
        pocs p1_0 
    where
        p1_0.id=?
Hibernate: 
    select
        p1_0.id,
        p1_0.created_at,
        p1_0.current_phase,
        p1_0.customer_name,
        p1_0.deal_value,
        p1_0.description,
        p1_0.end_date,
        p1_0.kickoff_date,
        o1_0.id,
        o1_0.email,
        o1_0.name,
        o1_0.password,
        o1_0.role,
        p1_0.owner_id,
        p1_0.projected_close_date,
        p1_0.status,
        p1_0.title,
        p1_0.updated_at 
    from
        pocs p1_0 
    left join
        users o1_0 
            on o1_0.id=p1_0.owner_id 
    where
        p1_0.id=?
Hibernate: 
    select
        u1_0.id,
        u1_0.email,
        u1_0.name,
        u1_0.password,
        u1_0.role 
    from
        users u1_0
Hibernate: 
    select
        p1_0.id,
        p1_0.created_at,
        p1_0.current_phase,
        p1_0.customer_name,
        p1_0.deal_value,
        p1_0.description,
        p1_0.end_date,
        p1_0.kickoff_date,
        p1_0.owner_id,
        p1_0.projected_close_date,
        p1_0.status,
        p1_0.title,
        p1_0.updated_at 
    from
        pocs p1_0
Hibernate: 
    select
        p1_0.id,
        p1_0.created_at,
        p1_0.current_phase,
        p1_0.customer_name,
        p1_0.deal_value,
        p1_0.description,
        p1_0.end_date,
        p1_0.kickoff_date,
        p1_0.owner_id,
        p1_0.projected_close_date,
        p1_0.status,
        p1_0.title,
        p1_0.updated_at 
    from
        pocs p1_0
2025-11-21T11:04:54.765-08:00  INFO 69004 --- [ai-crm-dash] [nio-8080-exec-3] c.example.aicrmdash.service.UserService  : Retrieved 3 users
Hibernate: 
    select
        p1_0.id,
        p1_0.created_at,
        p1_0.current_phase,
        p1_0.customer_name,
        p1_0.deal_value,
        p1_0.description,
        p1_0.end_date,
        p1_0.kickoff_date,
        p1_0.owner_id,
        p1_0.projected_close_date,
        p1_0.status,
        p1_0.title,
        p1_0.updated_at 
    from
        pocs p1_0
Hibernate: 
    select
        p1_0.id,
        p1_0.created_at,
        p1_0.current_phase,
        p1_0.customer_name,
        p1_0.deal_value,
        p1_0.description,
        p1_0.end_date,
        p1_0.kickoff_date,
        p1_0.owner_id,
        p1_0.projected_close_date,
        p1_0.status,
        p1_0.title,
        p1_0.updated_at 
    from
        pocs p1_0
2025-11-21T11:04:54.765-08:00  INFO 69004 --- [ai-crm-dash] [nio-8080-exec-7] c.e.aicrmdash.service.DashboardService   : Dashboard metrics calculated: activePocs=0, atRiskPocs=0, pipelineValue=0
Hibernate: 
    select
        u1_0.id,
        u1_0.email,
        u1_0.name,
        u1_0.password,
        u1_0.role 
    from
        users u1_0 
    where
        u1_0.email=?
Hibernate: 
    select
        u1_0.id,
        u1_0.email,
        u1_0.name,
        u1_0.password,
        u1_0.role 
    from
        users u1_0 
    where
        u1_0.email=?
Hibernate: 
    select
        u1_0.id,
        u1_0.email,
        u1_0.name,
        u1_0.password,
        u1_0.role 
    from
        users u1_0 
    where
        u1_0.email=?
Hibernate: 
    select
        u1_0.id,
        u1_0.email,
        u1_0.name,
        u1_0.password,
        u1_0.role 
    from
        users u1_0 
    where
        u1_0.email=?
Hibernate: 
    select
        u1_0.id,
        u1_0.email,
        u1_0.name,
        u1_0.password,
        u1_0.role 
    from
        users u1_0 
    where
        u1_0.email=?
2025-11-21T11:04:54.772-08:00  INFO 69004 --- [ai-crm-dash] [nio-8080-exec-2] c.e.aicrmdash.service.DashboardService   : Calculating dashboard summary metrics
2025-11-21T11:04:54.772-08:00  INFO 69004 --- [ai-crm-dash] [nio-8080-exec-5] c.example.aicrmdash.service.UserService  : Retrieving all users
Hibernate: 
    select
        p1_0.id,
        p1_0.created_at,
        p1_0.current_phase,
        p1_0.customer_name,
        p1_0.deal_value,
        p1_0.description,
        p1_0.end_date,
        p1_0.kickoff_date,
        p1_0.owner_id,
        p1_0.projected_close_date,
        p1_0.status,
        p1_0.title,
        p1_0.updated_at 
    from
        pocs p1_0 
    where
        p1_0.id=?
Hibernate: 
    select
        p1_0.id,
        p1_0.created_at,
        p1_0.current_phase,
        p1_0.customer_name,
        p1_0.deal_value,
        p1_0.description,
        p1_0.end_date,
        p1_0.kickoff_date,
        o1_0.id,
        o1_0.email,
        o1_0.name,
        o1_0.password,
        o1_0.role,
        p1_0.owner_id,
        p1_0.projected_close_date,
        p1_0.status,
        p1_0.title,
        p1_0.updated_at 
    from
        pocs p1_0 
    left join
        users o1_0 
            on o1_0.id=p1_0.owner_id 
    where
        p1_0.id=?
Hibernate: 
    select
        u1_0.id,
        u1_0.email,
        u1_0.name,
        u1_0.password,
        u1_0.role 
    from
        users u1_0
Hibernate: 
    select
        p1_0.id,
        p1_0.created_at,
        p1_0.current_phase,
        p1_0.customer_name,
        p1_0.deal_value,
        p1_0.description,
        p1_0.end_date,
        p1_0.kickoff_date,
        p1_0.owner_id,
        p1_0.projected_close_date,
        p1_0.status,
        p1_0.title,
        p1_0.updated_at 
    from
        pocs p1_0
Hibernate: 
    select
        p1_0.id,
        p1_0.created_at,
        p1_0.current_phase,
        p1_0.customer_name,
        p1_0.deal_value,
        p1_0.description,
        p1_0.end_date,
        p1_0.kickoff_date,
        p1_0.owner_id,
        p1_0.projected_close_date,
        p1_0.status,
        p1_0.title,
        p1_0.updated_at 
    from
        pocs p1_0
2025-11-21T11:04:54.772-08:00  INFO 69004 --- [ai-crm-dash] [nio-8080-exec-5] c.example.aicrmdash.service.UserService  : Retrieved 3 users
Hibernate: 
    select
        p1_0.id,
        p1_0.created_at,
        p1_0.current_phase,
        p1_0.customer_name,
        p1_0.deal_value,
        p1_0.description,
        p1_0.end_date,
        p1_0.kickoff_date,
        p1_0.owner_id,
        p1_0.projected_close_date,
        p1_0.status,
        p1_0.title,
        p1_0.updated_at 
    from
        pocs p1_0
Hibernate: 
    select
        p1_0.id,
        p1_0.created_at,
        p1_0.current_phase,
        p1_0.customer_name,
        p1_0.deal_value,
        p1_0.description,
        p1_0.end_date,
        p1_0.kickoff_date,
        p1_0.owner_id,
        p1_0.projected_close_date,
        p1_0.status,
        p1_0.title,
        p1_0.updated_at 
    from
        pocs p1_0
2025-11-21T11:04:54.772-08:00  INFO 69004 --- [ai-crm-dash] [nio-8080-exec-2] c.e.aicrmdash.service.DashboardService   : Dashboard metrics calculated: activePocs=0, atRiskPocs=0, pipelineValue=0
Hibernate: 
    select
        u1_0.id,
        u1_0.email,
        u1_0.name,
        u1_0.password,
        u1_0.role 
    from
        users u1_0 
    where
        u1_0.email=?
Hibernate: 
    select
        p1_0.id,
        p1_0.created_at,
        p1_0.current_phase,
        p1_0.customer_name,
        p1_0.deal_value,
        p1_0.description,
        p1_0.end_date,
        p1_0.kickoff_date,
        p1_0.owner_id,
        p1_0.projected_close_date,
        p1_0.status,
        p1_0.title,
        p1_0.updated_at 
    from
        pocs p1_0
Hibernate: 
    select
        p1_0.id,
        p1_0.created_at,
        p1_0.current_phase,
        p1_0.customer_name,
        p1_0.deal_value,
        p1_0.description,
        p1_0.end_date,
        p1_0.kickoff_date,
        p1_0.owner_id,
        p1_0.projected_close_date,
        p1_0.status,
        p1_0.title,
        p1_0.updated_at 
    from
        pocs p1_0
Hibernate: 
    select
        u1_0.id,
        u1_0.email,
        u1_0.name,
        u1_0.password,
        u1_0.role 
    from
        users u1_0 
    where
        u1_0.email=?
Hibernate: 
    select
        p1_0.id,
        p1_0.created_at,
        p1_0.current_phase,
        p1_0.customer_name,
        p1_0.deal_value,
        p1_0.description,
        p1_0.end_date,
        p1_0.kickoff_date,
        p1_0.owner_id,
        p1_0.projected_close_date,
        p1_0.status,
        p1_0.title,
        p1_0.updated_at 
    from
        pocs p1_0
Hibernate: 
    select
        p1_0.id,
        p1_0.created_at,
        p1_0.current_phase,
        p1_0.customer_name,
        p1_0.deal_value,
        p1_0.description,
        p1_0.end_date,
        p1_0.kickoff_date,
        p1_0.owner_id,
        p1_0.projected_close_date,
        p1_0.status,
        p1_0.title,
        p1_0.updated_at 
    from
        pocs p1_0
2025-11-21T11:21:31.886-08:00  WARN 69004 --- [ai-crm-dash] [l-1:housekeeper] com.zaxxer.hikari.pool.HikariPool        : HikariPool-1 - Thread starvation or clock leap detected (housekeeper delta=17m350ms).
2025-11-21T11:25:43.469-08:00  WARN 69004 --- [ai-crm-dash] [l-1:housekeeper] com.zaxxer.hikari.pool.HikariPool        : HikariPool-1 - Thread starvation or clock leap detected (housekeeper delta=4m11s581ms).
Hibernate: 
    select
        u1_0.id,
        u1_0.email,
        u1_0.name,
        u1_0.password,
        u1_0.role 
    from
        users u1_0 
    where
        u1_0.email=?
Hibernate: 
    select
        u1_0.id,
        u1_0.email,
        u1_0.name,
        u1_0.password,
        u1_0.role 
    from
        users u1_0 
    where
        u1_0.email=?
2025-11-21T11:26:50.546-08:00  INFO 69004 --- [ai-crm-dash] [nio-8080-exec-3] c.e.aicrmdash.service.DashboardService   : Calculating dashboard summary metrics
Hibernate: 
    select
        p1_0.id,
        p1_0.created_at,
        p1_0.current_phase,
        p1_0.customer_name,
        p1_0.deal_value,
        p1_0.description,
        p1_0.end_date,
        p1_0.kickoff_date,
        p1_0.owner_id,
        p1_0.projected_close_date,
        p1_0.status,
        p1_0.title,
        p1_0.updated_at 
    from
        pocs p1_0
Hibernate: 
    select
        p1_0.id,
        p1_0.created_at,
        p1_0.current_phase,
        p1_0.customer_name,
        p1_0.deal_value,
        p1_0.description,
        p1_0.end_date,
        p1_0.kickoff_date,
        p1_0.owner_id,
        p1_0.projected_close_date,
        p1_0.status,
        p1_0.title,
        p1_0.updated_at 
    from
        pocs p1_0
Hibernate: 
    select
        p1_0.id,
        p1_0.created_at,
        p1_0.current_phase,
        p1_0.customer_name,
        p1_0.deal_value,
        p1_0.description,
        p1_0.end_date,
        p1_0.kickoff_date,
        p1_0.owner_id,
        p1_0.projected_close_date,
        p1_0.status,
        p1_0.title,
        p1_0.updated_at 
    from
        pocs p1_0
Hibernate: 
    select
        p1_0.id,
        p1_0.created_at,
        p1_0.current_phase,
        p1_0.customer_name,
        p1_0.deal_value,
        p1_0.description,
        p1_0.end_date,
        p1_0.kickoff_date,
        p1_0.owner_id,
        p1_0.projected_close_date,
        p1_0.status,
        p1_0.title,
        p1_0.updated_at 
    from
        pocs p1_0
2025-11-21T11:26:50.548-08:00  INFO 69004 --- [ai-crm-dash] [nio-8080-exec-3] c.e.aicrmdash.service.DashboardService   : Dashboard metrics calculated: activePocs=0, atRiskPocs=0, pipelineValue=0
Hibernate: 
    select
        u1_0.id,
        u1_0.email,
        u1_0.name,
        u1_0.password,
        u1_0.role 
    from
        users u1_0 
    where
        u1_0.email=?
Hibernate: 
    select
        u1_0.id,
        u1_0.email,
        u1_0.name,
        u1_0.password,
        u1_0.role 
    from
        users u1_0 
    where
        u1_0.email=?
2025-11-21T11:26:50.555-08:00  INFO 69004 --- [ai-crm-dash] [io-8080-exec-10] c.e.aicrmdash.service.DashboardService   : Calculating dashboard summary metrics
Hibernate: 
    select
        p1_0.id,
        p1_0.created_at,
        p1_0.current_phase,
        p1_0.customer_name,
        p1_0.deal_value,
        p1_0.description,
        p1_0.end_date,
        p1_0.kickoff_date,
        p1_0.owner_id,
        p1_0.projected_close_date,
        p1_0.status,
        p1_0.title,
        p1_0.updated_at 
    from
        pocs p1_0
Hibernate: 
    select
        p1_0.id,
        p1_0.created_at,
        p1_0.current_phase,
        p1_0.customer_name,
        p1_0.deal_value,
        p1_0.description,
        p1_0.end_date,
        p1_0.kickoff_date,
        p1_0.owner_id,
        p1_0.projected_close_date,
        p1_0.status,
        p1_0.title,
        p1_0.updated_at 
    from
        pocs p1_0
Hibernate: 
    select
        p1_0.id,
        p1_0.created_at,
        p1_0.current_phase,
        p1_0.customer_name,
        p1_0.deal_value,
        p1_0.description,
        p1_0.end_date,
        p1_0.kickoff_date,
        p1_0.owner_id,
        p1_0.projected_close_date,
        p1_0.status,
        p1_0.title,
        p1_0.updated_at 
    from
        pocs p1_0
Hibernate: 
    select
        p1_0.id,
        p1_0.created_at,
        p1_0.current_phase,
        p1_0.customer_name,
        p1_0.deal_value,
        p1_0.description,
        p1_0.end_date,
        p1_0.kickoff_date,
        p1_0.owner_id,
        p1_0.projected_close_date,
        p1_0.status,
        p1_0.title,
        p1_0.updated_at 
    from
        pocs p1_0
2025-11-21T11:26:50.555-08:00  INFO 69004 --- [ai-crm-dash] [io-8080-exec-10] c.e.aicrmdash.service.DashboardService   : Dashboard metrics calculated: activePocs=0, atRiskPocs=0, pipelineValue=0
Hibernate: 
    select
        u1_0.id,
        u1_0.email,
        u1_0.name,
        u1_0.password,
        u1_0.role 
    from
        users u1_0 
    where
        u1_0.email=?
Hibernate: 
    select
        u1_0.id,
        u1_0.email,
        u1_0.name,
        u1_0.password,
        u1_0.role 
    from
        users u1_0 
    where
        u1_0.email=?
2025-11-21T11:26:52.690-08:00  INFO 69004 --- [ai-crm-dash] [nio-8080-exec-5] c.e.aicrmdash.service.DashboardService   : Calculating dashboard summary metrics
Hibernate: 
    select
        p1_0.id,
        p1_0.created_at,
        p1_0.current_phase,
        p1_0.customer_name,
        p1_0.deal_value,
        p1_0.description,
        p1_0.end_date,
        p1_0.kickoff_date,
        p1_0.owner_id,
        p1_0.projected_close_date,
        p1_0.status,
        p1_0.title,
        p1_0.updated_at 
    from
        pocs p1_0
Hibernate: 
    select
        p1_0.id,
        p1_0.created_at,
        p1_0.current_phase,
        p1_0.customer_name,
        p1_0.deal_value,
        p1_0.description,
        p1_0.end_date,
        p1_0.kickoff_date,
        p1_0.owner_id,
        p1_0.projected_close_date,
        p1_0.status,
        p1_0.title,
        p1_0.updated_at 
    from
        pocs p1_0
Hibernate: 
    select
        p1_0.id,
        p1_0.created_at,
        p1_0.current_phase,
        p1_0.customer_name,
        p1_0.deal_value,
        p1_0.description,
        p1_0.end_date,
        p1_0.kickoff_date,
        p1_0.owner_id,
        p1_0.projected_close_date,
        p1_0.status,
        p1_0.title,
        p1_0.updated_at 
    from
        pocs p1_0
Hibernate: 
    select
        p1_0.id,
        p1_0.created_at,
        p1_0.current_phase,
        p1_0.customer_name,
        p1_0.deal_value,
        p1_0.description,
        p1_0.end_date,
        p1_0.kickoff_date,
        p1_0.owner_id,
        p1_0.projected_close_date,
        p1_0.status,
        p1_0.title,
        p1_0.updated_at 
    from
        pocs p1_0
2025-11-21T11:26:52.693-08:00  INFO 69004 --- [ai-crm-dash] [nio-8080-exec-5] c.e.aicrmdash.service.DashboardService   : Dashboard metrics calculated: activePocs=0, atRiskPocs=0, pipelineValue=0
Hibernate: 
    select
        u1_0.id,
        u1_0.email,
        u1_0.name,
        u1_0.password,
        u1_0.role 
    from
        users u1_0 
    where
        u1_0.email=?
Hibernate: 
    select
        u1_0.id,
        u1_0.email,
        u1_0.name,
        u1_0.password,
        u1_0.role 
    from
        users u1_0 
    where
        u1_0.email=?
2025-11-21T11:26:52.698-08:00  INFO 69004 --- [ai-crm-dash] [nio-8080-exec-2] c.e.aicrmdash.service.DashboardService   : Calculating dashboard summary metrics
Hibernate: 
    select
        p1_0.id,
        p1_0.created_at,
        p1_0.current_phase,
        p1_0.customer_name,
        p1_0.deal_value,
        p1_0.description,
        p1_0.end_date,
        p1_0.kickoff_date,
        p1_0.owner_id,
        p1_0.projected_close_date,
        p1_0.status,
        p1_0.title,
        p1_0.updated_at 
    from
        pocs p1_0
Hibernate: 
    select
        p1_0.id,
        p1_0.created_at,
        p1_0.current_phase,
        p1_0.customer_name,
        p1_0.deal_value,
        p1_0.description,
        p1_0.end_date,
        p1_0.kickoff_date,
        p1_0.owner_id,
        p1_0.projected_close_date,
        p1_0.status,
        p1_0.title,
        p1_0.updated_at 
    from
        pocs p1_0
Hibernate: 
    select
        p1_0.id,
        p1_0.created_at,
        p1_0.current_phase,
        p1_0.customer_name,
        p1_0.deal_value,
        p1_0.description,
        p1_0.end_date,
        p1_0.kickoff_date,
        p1_0.owner_id,
        p1_0.projected_close_date,
        p1_0.status,
        p1_0.title,
        p1_0.updated_at 
    from
        pocs p1_0
Hibernate: 
    select
        p1_0.id,
        p1_0.created_at,
        p1_0.current_phase,
        p1_0.customer_name,
        p1_0.deal_value,
        p1_0.description,
        p1_0.end_date,
        p1_0.kickoff_date,
        p1_0.owner_id,
        p1_0.projected_close_date,
        p1_0.status,
        p1_0.title,
        p1_0.updated_at 
    from
        pocs p1_0
2025-11-21T11:26:52.699-08:00  INFO 69004 --- [ai-crm-dash] [nio-8080-exec-2] c.e.aicrmdash.service.DashboardService   : Dashboard metrics calculated: activePocs=0, atRiskPocs=0, pipelineValue=0
Hibernate: 
    select
        u1_0.id,
        u1_0.email,
        u1_0.name,
        u1_0.password,
        u1_0.role 
    from
        users u1_0 
    where
        u1_0.email=?
Hibernate: 
    select
        u1_0.id,
        u1_0.email,
        u1_0.name,
        u1_0.password,
        u1_0.role 
    from
        users u1_0 
    where
        u1_0.email=?
2025-11-21T11:27:12.701-08:00  INFO 69004 --- [ai-crm-dash] [nio-8080-exec-1] c.example.aicrmdash.service.UserService  : Retrieving all users
Hibernate: 
    select
        u1_0.id,
        u1_0.email,
        u1_0.name,
        u1_0.password,
        u1_0.role 
    from
        users u1_0
Hibernate: 
    select
        p1_0.id,
        p1_0.created_at,
        p1_0.current_phase,
        p1_0.customer_name,
        p1_0.deal_value,
        p1_0.description,
        p1_0.end_date,
        p1_0.kickoff_date,
        p1_0.owner_id,
        p1_0.projected_close_date,
        p1_0.status,
        p1_0.title,
        p1_0.updated_at 
    from
        pocs p1_0
2025-11-21T11:27:12.702-08:00  INFO 69004 --- [ai-crm-dash] [nio-8080-exec-1] c.example.aicrmdash.service.UserService  : Retrieved 3 users
Hibernate: 
    select
        p1_0.id,
        p1_0.created_at,
        p1_0.current_phase,
        p1_0.customer_name,
        p1_0.deal_value,
        p1_0.description,
        p1_0.end_date,
        p1_0.kickoff_date,
        p1_0.owner_id,
        p1_0.projected_close_date,
        p1_0.status,
        p1_0.title,
        p1_0.updated_at 
    from
        pocs p1_0
Hibernate: 
    select
        u1_0.id,
        u1_0.email,
        u1_0.name,
        u1_0.password,
        u1_0.role 
    from
        users u1_0 
    where
        u1_0.email=?
Hibernate: 
    select
        u1_0.id,
        u1_0.email,
        u1_0.name,
        u1_0.password,
        u1_0.role 
    from
        users u1_0 
    where
        u1_0.email=?
2025-11-21T11:27:12.708-08:00  INFO 69004 --- [ai-crm-dash] [nio-8080-exec-3] c.example.aicrmdash.service.UserService  : Retrieving all users
Hibernate: 
    select
        u1_0.id,
        u1_0.email,
        u1_0.name,
        u1_0.password,
        u1_0.role 
    from
        users u1_0
Hibernate: 
    select
        p1_0.id,
        p1_0.created_at,
        p1_0.current_phase,
        p1_0.customer_name,
        p1_0.deal_value,
        p1_0.description,
        p1_0.end_date,
        p1_0.kickoff_date,
        p1_0.owner_id,
        p1_0.projected_close_date,
        p1_0.status,
        p1_0.title,
        p1_0.updated_at 
    from
        pocs p1_0
2025-11-21T11:27:12.709-08:00  INFO 69004 --- [ai-crm-dash] [nio-8080-exec-3] c.example.aicrmdash.service.UserService  : Retrieved 3 users
Hibernate: 
    select
        p1_0.id,
        p1_0.created_at,
        p1_0.current_phase,
        p1_0.customer_name,
        p1_0.deal_value,
        p1_0.description,
        p1_0.end_date,
        p1_0.kickoff_date,
        p1_0.owner_id,
        p1_0.projected_close_date,
        p1_0.status,
        p1_0.title,
        p1_0.updated_at 
    from
        pocs p1_0
Hibernate: 
    select
        u1_0.id,
        u1_0.email,
        u1_0.name,
        u1_0.password,
        u1_0.role 
    from
        users u1_0 
    where
        u1_0.email=?
Hibernate: 
    select
        u1_0.id,
        u1_0.email,
        u1_0.name,
        u1_0.password,
        u1_0.role 
    from
        users u1_0 
    where
        u1_0.email=?
2025-11-21T11:27:14.652-08:00  INFO 69004 --- [ai-crm-dash] [io-8080-exec-10] c.e.aicrmdash.service.DashboardService   : Calculating dashboard summary metrics
Hibernate: 
    select
        p1_0.id,
        p1_0.created_at,
        p1_0.current_phase,
        p1_0.customer_name,
        p1_0.deal_value,
        p1_0.description,
        p1_0.end_date,
        p1_0.kickoff_date,
        p1_0.owner_id,
        p1_0.projected_close_date,
        p1_0.status,
        p1_0.title,
        p1_0.updated_at 
    from
        pocs p1_0
Hibernate: 
    select
        p1_0.id,
        p1_0.created_at,
        p1_0.current_phase,
        p1_0.customer_name,
        p1_0.deal_value,
        p1_0.description,
        p1_0.end_date,
        p1_0.kickoff_date,
        p1_0.owner_id,
        p1_0.projected_close_date,
        p1_0.status,
        p1_0.title,
        p1_0.updated_at 
    from
        pocs p1_0
Hibernate: 
    select
        p1_0.id,
        p1_0.created_at,
        p1_0.current_phase,
        p1_0.customer_name,
        p1_0.deal_value,
        p1_0.description,
        p1_0.end_date,
        p1_0.kickoff_date,
        p1_0.owner_id,
        p1_0.projected_close_date,
        p1_0.status,
        p1_0.title,
        p1_0.updated_at 
    from
        pocs p1_0
Hibernate: 
    select
        p1_0.id,
        p1_0.created_at,
        p1_0.current_phase,
        p1_0.customer_name,
        p1_0.deal_value,
        p1_0.description,
        p1_0.end_date,
        p1_0.kickoff_date,
        p1_0.owner_id,
        p1_0.projected_close_date,
        p1_0.status,
        p1_0.title,
        p1_0.updated_at 
    from
        pocs p1_0
2025-11-21T11:27:14.654-08:00  INFO 69004 --- [ai-crm-dash] [io-8080-exec-10] c.e.aicrmdash.service.DashboardService   : Dashboard metrics calculated: activePocs=0, atRiskPocs=0, pipelineValue=0
Hibernate: 
    select
        u1_0.id,
        u1_0.email,
        u1_0.name,
        u1_0.password,
        u1_0.role 
    from
        users u1_0 
    where
        u1_0.email=?
Hibernate: 
    select
        u1_0.id,
        u1_0.email,
        u1_0.name,
        u1_0.password,
        u1_0.role 
    from
        users u1_0 
    where
        u1_0.email=?
2025-11-21T11:27:14.659-08:00  INFO 69004 --- [ai-crm-dash] [nio-8080-exec-9] c.e.aicrmdash.service.DashboardService   : Calculating dashboard summary metrics
Hibernate: 
    select
        p1_0.id,
        p1_0.created_at,
        p1_0.current_phase,
        p1_0.customer_name,
        p1_0.deal_value,
        p1_0.description,
        p1_0.end_date,
        p1_0.kickoff_date,
        p1_0.owner_id,
        p1_0.projected_close_date,
        p1_0.status,
        p1_0.title,
        p1_0.updated_at 
    from
        pocs p1_0
Hibernate: 
    select
        p1_0.id,
        p1_0.created_at,
        p1_0.current_phase,
        p1_0.customer_name,
        p1_0.deal_value,
        p1_0.description,
        p1_0.end_date,
        p1_0.kickoff_date,
        p1_0.owner_id,
        p1_0.projected_close_date,
        p1_0.status,
        p1_0.title,
        p1_0.updated_at 
    from
        pocs p1_0
Hibernate: 
    select
        p1_0.id,
        p1_0.created_at,
        p1_0.current_phase,
        p1_0.customer_name,
        p1_0.deal_value,
        p1_0.description,
        p1_0.end_date,
        p1_0.kickoff_date,
        p1_0.owner_id,
        p1_0.projected_close_date,
        p1_0.status,
        p1_0.title,
        p1_0.updated_at 
    from
        pocs p1_0
Hibernate: 
    select
        p1_0.id,
        p1_0.created_at,
        p1_0.current_phase,
        p1_0.customer_name,
        p1_0.deal_value,
        p1_0.description,
        p1_0.end_date,
        p1_0.kickoff_date,
        p1_0.owner_id,
        p1_0.projected_close_date,
        p1_0.status,
        p1_0.title,
        p1_0.updated_at 
    from
        pocs p1_0
2025-11-21T11:27:14.661-08:00  INFO 69004 --- [ai-crm-dash] [nio-8080-exec-9] c.e.aicrmdash.service.DashboardService   : Dashboard metrics calculated: activePocs=0, atRiskPocs=0, pipelineValue=0
Hibernate: 
    select
        u1_0.id,
        u1_0.email,
        u1_0.name,
        u1_0.password,
        u1_0.role 
    from
        users u1_0 
    where
        u1_0.email=?
2025-11-21T11:27:15.723-08:00  INFO 69004 --- [ai-crm-dash] [nio-8080-exec-2] c.example.aicrmdash.service.UserService  : Retrieving all users
Hibernate: 
    select
        u1_0.id,
        u1_0.email,
        u1_0.name,
        u1_0.password,
        u1_0.role 
    from
        users u1_0
2025-11-21T11:27:15.724-08:00  INFO 69004 --- [ai-crm-dash] [nio-8080-exec-2] c.example.aicrmdash.service.UserService  : Retrieved 3 users
Hibernate: 
    select
        u1_0.id,
        u1_0.email,
        u1_0.name,
        u1_0.password,
        u1_0.role 
    from
        users u1_0 
    where
        u1_0.email=?
2025-11-21T11:27:15.730-08:00  INFO 69004 --- [ai-crm-dash] [nio-8080-exec-4] c.example.aicrmdash.service.UserService  : Retrieving all users
Hibernate: 
    select
        u1_0.id,
        u1_0.email,
        u1_0.name,
        u1_0.password,
        u1_0.role 
    from
        users u1_0
2025-11-21T11:27:15.731-08:00  INFO 69004 --- [ai-crm-dash] [nio-8080-exec-4] c.example.aicrmdash.service.UserService  : Retrieved 3 users
Hibernate: 
    select
        u1_0.id,
        u1_0.email,
        u1_0.name,
        u1_0.password,
        u1_0.role 
    from
        users u1_0 
    where
        u1_0.email=?
2025-11-21T11:29:35.192-08:00  INFO 69004 --- [ai-crm-dash] [nio-8080-exec-6] c.example.aicrmdash.service.UserService  : Retrieving all users
Hibernate: 
    select
        u1_0.id,
        u1_0.email,
        u1_0.name,
        u1_0.password,
        u1_0.role 
    from
        users u1_0
2025-11-21T11:29:35.192-08:00  INFO 69004 --- [ai-crm-dash] [nio-8080-exec-6] c.example.aicrmdash.service.UserService  : Retrieved 3 users
Hibernate: 
    select
        u1_0.id,
        u1_0.email,
        u1_0.name,
        u1_0.password,
        u1_0.role 
    from
        users u1_0 
    where
        u1_0.email=?
2025-11-21T11:29:35.197-08:00  INFO 69004 --- [ai-crm-dash] [nio-8080-exec-1] c.example.aicrmdash.service.UserService  : Retrieving all users
Hibernate: 
    select
        u1_0.id,
        u1_0.email,
        u1_0.name,
        u1_0.password,
        u1_0.role 
    from
        users u1_0
2025-11-21T11:29:35.197-08:00  INFO 69004 --- [ai-crm-dash] [nio-8080-exec-1] c.example.aicrmdash.service.UserService  : Retrieved 3 users
Hibernate: 
    select
        u1_0.id,
        u1_0.email,
        u1_0.name,
        u1_0.password,
        u1_0.role 
    from
        users u1_0 
    where
        u1_0.email=?
Hibernate: 
    select
        u1_0.id,
        u1_0.email,
        u1_0.name,
        u1_0.password,
        u1_0.role 
    from
        users u1_0 
    where
        u1_0.email=?
Hibernate: 
    select
        u1_0.id,
        u1_0.email,
        u1_0.name,
        u1_0.password,
        u1_0.role 
    from
        users u1_0 
    where
        u1_0.email=?
Hibernate: 
    select
        u1_0.id,
        u1_0.email,
        u1_0.name,
        u1_0.password,
        u1_0.role 
    from
        users u1_0 
    where
        u1_0.email=?
Hibernate: 
    select
        u1_0.id,
        u1_0.email,
        u1_0.name,
        u1_0.password,
        u1_0.role 
    from
        users u1_0 
    where
        u1_0.email=?
2025-11-21T11:29:35.222-08:00  INFO 69004 --- [ai-crm-dash] [nio-8080-exec-7] c.e.aicrmdash.service.DashboardService   : Calculating dashboard summary metrics
2025-11-21T11:29:35.223-08:00  INFO 69004 --- [ai-crm-dash] [io-8080-exec-10] c.example.aicrmdash.service.UserService  : Retrieving all users
Hibernate: 
    select
        p1_0.id,
        p1_0.created_at,
        p1_0.current_phase,
        p1_0.customer_name,
        p1_0.deal_value,
        p1_0.description,
        p1_0.end_date,
        p1_0.kickoff_date,
        p1_0.owner_id,
        p1_0.projected_close_date,
        p1_0.status,
        p1_0.title,
        p1_0.updated_at 
    from
        pocs p1_0
Hibernate: 
    select
        p1_0.id,
        p1_0.created_at,
        p1_0.current_phase,
        p1_0.customer_name,
        p1_0.deal_value,
        p1_0.description,
        p1_0.end_date,
        p1_0.kickoff_date,
        p1_0.owner_id,
        p1_0.projected_close_date,
        p1_0.status,
        p1_0.title,
        p1_0.updated_at 
    from
        pocs p1_0
Hibernate: 
    select
        u1_0.id,
        u1_0.email,
        u1_0.name,
        u1_0.password,
        u1_0.role 
    from
        users u1_0
2025-11-21T11:29:35.223-08:00  INFO 69004 --- [ai-crm-dash] [io-8080-exec-10] c.example.aicrmdash.service.UserService  : Retrieved 3 users
Hibernate: 
    select
        p1_0.id,
        p1_0.created_at,
        p1_0.current_phase,
        p1_0.customer_name,
        p1_0.deal_value,
        p1_0.description,
        p1_0.end_date,
        p1_0.kickoff_date,
        p1_0.owner_id,
        p1_0.projected_close_date,
        p1_0.status,
        p1_0.title,
        p1_0.updated_at 
    from
        pocs p1_0
2025-11-21T11:29:35.223-08:00  INFO 69004 --- [ai-crm-dash] [nio-8080-exec-7] c.e.aicrmdash.service.DashboardService   : Dashboard metrics calculated: activePocs=0, atRiskPocs=0, pipelineValue=0
Hibernate: 
    select
        p1_0.id,
        p1_0.created_at,
        p1_0.current_phase,
        p1_0.customer_name,
        p1_0.deal_value,
        p1_0.description,
        p1_0.end_date,
        p1_0.kickoff_date,
        p1_0.owner_id,
        p1_0.projected_close_date,
        p1_0.status,
        p1_0.title,
        p1_0.updated_at 
    from
        pocs p1_0
Hibernate: 
    select
        p1_0.id,
        p1_0.created_at,
        p1_0.current_phase,
        p1_0.customer_name,
        p1_0.deal_value,
        p1_0.description,
        p1_0.end_date,
        p1_0.kickoff_date,
        p1_0.owner_id,
        p1_0.projected_close_date,
        p1_0.status,
        p1_0.title,
        p1_0.updated_at 
    from
        pocs p1_0 
    where
        p1_0.id=?
Hibernate: 
    select
        p1_0.id,
        p1_0.created_at,
        p1_0.current_phase,
        p1_0.customer_name,
        p1_0.deal_value,
        p1_0.description,
        p1_0.end_date,
        p1_0.kickoff_date,
        o1_0.id,
        o1_0.email,
        o1_0.name,
        o1_0.password,
        o1_0.role,
        p1_0.owner_id,
        p1_0.projected_close_date,
        p1_0.status,
        p1_0.title,
        p1_0.updated_at 
    from
        pocs p1_0 
    left join
        users o1_0 
            on o1_0.id=p1_0.owner_id 
    where
        p1_0.id=?
Hibernate: 
    select
        u1_0.id,
        u1_0.email,
        u1_0.name,
        u1_0.password,
        u1_0.role 
    from
        users u1_0 
    where
        u1_0.email=?
Hibernate: 
    select
        u1_0.id,
        u1_0.email,
        u1_0.name,
        u1_0.password,
        u1_0.role 
    from
        users u1_0 
    where
        u1_0.email=?
Hibernate: 
    select
        u1_0.id,
        u1_0.email,
        u1_0.name,
        u1_0.password,
        u1_0.role 
    from
        users u1_0 
    where
        u1_0.email=?
Hibernate: 
    select
        u1_0.id,
        u1_0.email,
        u1_0.name,
        u1_0.password,
        u1_0.role 
    from
        users u1_0 
    where
        u1_0.email=?
Hibernate: 
    select
        u1_0.id,
        u1_0.email,
        u1_0.name,
        u1_0.password,
        u1_0.role 
    from
        users u1_0 
    where
        u1_0.email=?
2025-11-21T11:29:35.230-08:00  INFO 69004 --- [ai-crm-dash] [nio-8080-exec-2] c.e.aicrmdash.service.DashboardService   : Calculating dashboard summary metrics
2025-11-21T11:29:35.230-08:00  INFO 69004 --- [ai-crm-dash] [nio-8080-exec-5] c.example.aicrmdash.service.UserService  : Retrieving all users
Hibernate: 
    select
        u1_0.id,
        u1_0.email,
        u1_0.name,
        u1_0.password,
        u1_0.role 
    from
        users u1_0
Hibernate: 
    select
        p1_0.id,
        p1_0.created_at,
        p1_0.current_phase,
        p1_0.customer_name,
        p1_0.deal_value,
        p1_0.description,
        p1_0.end_date,
        p1_0.kickoff_date,
        p1_0.owner_id,
        p1_0.projected_close_date,
        p1_0.status,
        p1_0.title,
        p1_0.updated_at 
    from
        pocs p1_0
Hibernate: 
    select
        p1_0.id,
        p1_0.created_at,
        p1_0.current_phase,
        p1_0.customer_name,
        p1_0.deal_value,
        p1_0.description,
        p1_0.end_date,
        p1_0.kickoff_date,
        p1_0.owner_id,
        p1_0.projected_close_date,
        p1_0.status,
        p1_0.title,
        p1_0.updated_at 
    from
        pocs p1_0
2025-11-21T11:29:35.230-08:00  INFO 69004 --- [ai-crm-dash] [nio-8080-exec-5] c.example.aicrmdash.service.UserService  : Retrieved 3 users
Hibernate: 
    select
        p1_0.id,
        p1_0.created_at,
        p1_0.current_phase,
        p1_0.customer_name,
        p1_0.deal_value,
        p1_0.description,
        p1_0.end_date,
        p1_0.kickoff_date,
        p1_0.owner_id,
        p1_0.projected_close_date,
        p1_0.status,
        p1_0.title,
        p1_0.updated_at 
    from
        pocs p1_0
Hibernate: 
    select
        p1_0.id,
        p1_0.created_at,
        p1_0.current_phase,
        p1_0.customer_name,
        p1_0.deal_value,
        p1_0.description,
        p1_0.end_date,
        p1_0.kickoff_date,
        o1_0.id,
        o1_0.email,
        o1_0.name,
        o1_0.password,
        o1_0.role,
        p1_0.owner_id,
        p1_0.projected_close_date,
        p1_0.status,
        p1_0.title,
        p1_0.updated_at 
    from
        pocs p1_0 
    left join
        users o1_0 
            on o1_0.id=p1_0.owner_id 
    where
        p1_0.id=?
Hibernate: 
    select
        p1_0.id,
        p1_0.created_at,
        p1_0.current_phase,
        p1_0.customer_name,
        p1_0.deal_value,
        p1_0.description,
        p1_0.end_date,
        p1_0.kickoff_date,
        p1_0.owner_id,
        p1_0.projected_close_date,
        p1_0.status,
        p1_0.title,
        p1_0.updated_at 
    from
        pocs p1_0 
    where
        p1_0.id=?
2025-11-21T11:29:35.231-08:00  INFO 69004 --- [ai-crm-dash] [nio-8080-exec-2] c.e.aicrmdash.service.DashboardService   : Dashboard metrics calculated: activePocs=0, atRiskPocs=0, pipelineValue=0
Hibernate: 
    select
        p1_0.id,
        p1_0.created_at,
        p1_0.current_phase,
        p1_0.customer_name,
        p1_0.deal_value,
        p1_0.description,
        p1_0.end_date,
        p1_0.kickoff_date,
        p1_0.owner_id,
        p1_0.projected_close_date,
        p1_0.status,
        p1_0.title,
        p1_0.updated_at 
    from
        pocs p1_0
Hibernate: 
    select
        u1_0.id,
        u1_0.email,
        u1_0.name,
        u1_0.password,
        u1_0.role 
    from
        users u1_0 
    where
        u1_0.email=?
Hibernate: 
    select
        p1_0.id,
        p1_0.created_at,
        p1_0.current_phase,
        p1_0.customer_name,
        p1_0.deal_value,
        p1_0.description,
        p1_0.end_date,
        p1_0.kickoff_date,
        p1_0.owner_id,
        p1_0.projected_close_date,
        p1_0.status,
        p1_0.title,
        p1_0.updated_at 
    from
        pocs p1_0
Hibernate: 
    select
        p1_0.id,
        p1_0.created_at,
        p1_0.current_phase,
        p1_0.customer_name,
        p1_0.deal_value,
        p1_0.description,
        p1_0.end_date,
        p1_0.kickoff_date,
        p1_0.owner_id,
        p1_0.projected_close_date,
        p1_0.status,
        p1_0.title,
        p1_0.updated_at 
    from
        pocs p1_0
Hibernate: 
    select
        u1_0.id,
        u1_0.email,
        u1_0.name,
        u1_0.password,
        u1_0.role 
    from
        users u1_0 
    where
        u1_0.email=?
Hibernate: 
    select
        p1_0.id,
        p1_0.created_at,
        p1_0.current_phase,
        p1_0.customer_name,
        p1_0.deal_value,
        p1_0.description,
        p1_0.end_date,
        p1_0.kickoff_date,
        p1_0.owner_id,
        p1_0.projected_close_date,
        p1_0.status,
        p1_0.title,
        p1_0.updated_at 
    from
        pocs p1_0
Hibernate: 
    select
        p1_0.id,
        p1_0.created_at,
        p1_0.current_phase,
        p1_0.customer_name,
        p1_0.deal_value,
        p1_0.description,
        p1_0.end_date,
        p1_0.kickoff_date,
        p1_0.owner_id,
        p1_0.projected_close_date,
        p1_0.status,
        p1_0.title,
        p1_0.updated_at 
    from
        pocs p1_0
2025-11-21T11:30:37.231-08:00  WARN 69004 --- [ai-crm-dash] [l-1:housekeeper] com.zaxxer.hikari.pool.HikariPool        : HikariPool-1 - Thread starvation or clock leap detected (housekeeper delta=1m23s736ms).
Hibernate: 
    select
        u1_0.id,
        u1_0.email,
        u1_0.name,
        u1_0.password,
        u1_0.role 
    from
        users u1_0 
    where
        u1_0.email=?
Hibernate: 
    select
        u1_0.id,
        u1_0.email,
        u1_0.name,
        u1_0.password,
        u1_0.role 
    from
        users u1_0 
    where
        u1_0.email=?
Hibernate: 
    select
        u1_0.id,
        u1_0.email,
        u1_0.name,
        u1_0.password,
        u1_0.role 
    from
        users u1_0 
    where
        u1_0.email=?
Hibernate: 
    select
        u1_0.id,
        u1_0.email,
        u1_0.name,
        u1_0.password,
        u1_0.role 
    from
        users u1_0 
    where
        u1_0.email=?
Hibernate: 
    select
        u1_0.id,
        u1_0.email,
        u1_0.name,
        u1_0.password,
        u1_0.role 
    from
        users u1_0 
    where
        u1_0.email=?
2025-11-21T12:00:31.153-08:00  INFO 69004 --- [ai-crm-dash] [nio-8080-exec-8] c.example.aicrmdash.service.UserService  : Retrieving all users
2025-11-21T12:00:31.153-08:00  INFO 69004 --- [ai-crm-dash] [nio-8080-exec-3] c.e.aicrmdash.service.DashboardService   : Calculating dashboard summary metrics
Hibernate: 
    select
        p1_0.id,
        p1_0.created_at,
        p1_0.current_phase,
        p1_0.customer_name,
        p1_0.deal_value,
        p1_0.description,
        p1_0.end_date,
        p1_0.kickoff_date,
        p1_0.owner_id,
        p1_0.projected_close_date,
        p1_0.status,
        p1_0.title,
        p1_0.updated_at 
    from
        pocs p1_0 
    where
        p1_0.id=?
Hibernate: 
    select
        p1_0.id,
        p1_0.created_at,
        p1_0.current_phase,
        p1_0.customer_name,
        p1_0.deal_value,
        p1_0.description,
        p1_0.end_date,
        p1_0.kickoff_date,
        o1_0.id,
        o1_0.email,
        o1_0.name,
        o1_0.password,
        o1_0.role,
        p1_0.owner_id,
        p1_0.projected_close_date,
        p1_0.status,
        p1_0.title,
        p1_0.updated_at 
    from
        pocs p1_0 
    left join
        users o1_0 
            on o1_0.id=p1_0.owner_id 
    where
        p1_0.id=?
Hibernate: 
    select
        p1_0.id,
        p1_0.created_at,
        p1_0.current_phase,
        p1_0.customer_name,
        p1_0.deal_value,
        p1_0.description,
        p1_0.end_date,
        p1_0.kickoff_date,
        p1_0.owner_id,
        p1_0.projected_close_date,
        p1_0.status,
        p1_0.title,
        p1_0.updated_at 
    from
        pocs p1_0
Hibernate: 
    select
        p1_0.id,
        p1_0.created_at,
        p1_0.current_phase,
        p1_0.customer_name,
        p1_0.deal_value,
        p1_0.description,
        p1_0.end_date,
        p1_0.kickoff_date,
        p1_0.owner_id,
        p1_0.projected_close_date,
        p1_0.status,
        p1_0.title,
        p1_0.updated_at 
    from
        pocs p1_0
Hibernate: 
    select
        u1_0.id,
        u1_0.email,
        u1_0.name,
        u1_0.password,
        u1_0.role 
    from
        users u1_0
2025-11-21T12:00:31.154-08:00  INFO 69004 --- [ai-crm-dash] [nio-8080-exec-8] c.example.aicrmdash.service.UserService  : Retrieved 3 users
Hibernate: 
    select
        p1_0.id,
        p1_0.created_at,
        p1_0.current_phase,
        p1_0.customer_name,
        p1_0.deal_value,
        p1_0.description,
        p1_0.end_date,
        p1_0.kickoff_date,
        p1_0.owner_id,
        p1_0.projected_close_date,
        p1_0.status,
        p1_0.title,
        p1_0.updated_at 
    from
        pocs p1_0
Hibernate: 
    select
        p1_0.id,
        p1_0.created_at,
        p1_0.current_phase,
        p1_0.customer_name,
        p1_0.deal_value,
        p1_0.description,
        p1_0.end_date,
        p1_0.kickoff_date,
        p1_0.owner_id,
        p1_0.projected_close_date,
        p1_0.status,
        p1_0.title,
        p1_0.updated_at 
    from
        pocs p1_0
2025-11-21T12:00:31.155-08:00  INFO 69004 --- [ai-crm-dash] [nio-8080-exec-3] c.e.aicrmdash.service.DashboardService   : Dashboard metrics calculated: activePocs=0, atRiskPocs=0, pipelineValue=0
Hibernate: 
    select
        u1_0.id,
        u1_0.email,
        u1_0.name,
        u1_0.password,
        u1_0.role 
    from
        users u1_0 
    where
        u1_0.email=?
Hibernate: 
    select
        u1_0.id,
        u1_0.email,
        u1_0.name,
        u1_0.password,
        u1_0.role 
    from
        users u1_0 
    where
        u1_0.email=?
Hibernate: 
    select
        u1_0.id,
        u1_0.email,
        u1_0.name,
        u1_0.password,
        u1_0.role 
    from
        users u1_0 
    where
        u1_0.email=?
Hibernate: 
    select
        u1_0.id,
        u1_0.email,
        u1_0.name,
        u1_0.password,
        u1_0.role 
    from
        users u1_0 
    where
        u1_0.email=?
Hibernate: 
    select
        u1_0.id,
        u1_0.email,
        u1_0.name,
        u1_0.password,
        u1_0.role 
    from
        users u1_0 
    where
        u1_0.email=?
2025-11-21T12:00:31.165-08:00  INFO 69004 --- [ai-crm-dash] [nio-8080-exec-1] c.e.aicrmdash.service.DashboardService   : Calculating dashboard summary metrics
2025-11-21T12:00:31.165-08:00  INFO 69004 --- [ai-crm-dash] [io-8080-exec-10] c.example.aicrmdash.service.UserService  : Retrieving all users
Hibernate: 
    select
        p1_0.id,
        p1_0.created_at,
        p1_0.current_phase,
        p1_0.customer_name,
        p1_0.deal_value,
        p1_0.description,
        p1_0.end_date,
        p1_0.kickoff_date,
        p1_0.owner_id,
        p1_0.projected_close_date,
        p1_0.status,
        p1_0.title,
        p1_0.updated_at 
    from
        pocs p1_0 
    where
        p1_0.id=?
Hibernate: 
    select
        u1_0.id,
        u1_0.email,
        u1_0.name,
        u1_0.password,
        u1_0.role 
    from
        users u1_0
Hibernate: 
    select
        p1_0.id,
        p1_0.created_at,
        p1_0.current_phase,
        p1_0.customer_name,
        p1_0.deal_value,
        p1_0.description,
        p1_0.end_date,
        p1_0.kickoff_date,
        o1_0.id,
        o1_0.email,
        o1_0.name,
        o1_0.password,
        o1_0.role,
        p1_0.owner_id,
        p1_0.projected_close_date,
        p1_0.status,
        p1_0.title,
        p1_0.updated_at 
    from
        pocs p1_0 
    left join
        users o1_0 
            on o1_0.id=p1_0.owner_id 
    where
        p1_0.id=?
Hibernate: 
    select
        p1_0.id,
        p1_0.created_at,
        p1_0.current_phase,
        p1_0.customer_name,
        p1_0.deal_value,
        p1_0.description,
        p1_0.end_date,
        p1_0.kickoff_date,
        p1_0.owner_id,
        p1_0.projected_close_date,
        p1_0.status,
        p1_0.title,
        p1_0.updated_at 
    from
        pocs p1_0
Hibernate: 
    select
        p1_0.id,
        p1_0.created_at,
        p1_0.current_phase,
        p1_0.customer_name,
        p1_0.deal_value,
        p1_0.description,
        p1_0.end_date,
        p1_0.kickoff_date,
        p1_0.owner_id,
        p1_0.projected_close_date,
        p1_0.status,
        p1_0.title,
        p1_0.updated_at 
    from
        pocs p1_0
2025-11-21T12:00:31.166-08:00  INFO 69004 --- [ai-crm-dash] [io-8080-exec-10] c.example.aicrmdash.service.UserService  : Retrieved 3 users
Hibernate: 
    select
        p1_0.id,
        p1_0.created_at,
        p1_0.current_phase,
        p1_0.customer_name,
        p1_0.deal_value,
        p1_0.description,
        p1_0.end_date,
        p1_0.kickoff_date,
        p1_0.owner_id,
        p1_0.projected_close_date,
        p1_0.status,
        p1_0.title,
        p1_0.updated_at 
    from
        pocs p1_0
Hibernate: 
    select
        p1_0.id,
        p1_0.created_at,
        p1_0.current_phase,
        p1_0.customer_name,
        p1_0.deal_value,
        p1_0.description,
        p1_0.end_date,
        p1_0.kickoff_date,
        p1_0.owner_id,
        p1_0.projected_close_date,
        p1_0.status,
        p1_0.title,
        p1_0.updated_at 
    from
        pocs p1_0
2025-11-21T12:00:31.166-08:00  INFO 69004 --- [ai-crm-dash] [nio-8080-exec-1] c.e.aicrmdash.service.DashboardService   : Dashboard metrics calculated: activePocs=0, atRiskPocs=0, pipelineValue=0
Hibernate: 
    select
        u1_0.id,
        u1_0.email,
        u1_0.name,
        u1_0.password,
        u1_0.role 
    from
        users u1_0 
    where
        u1_0.email=?
Hibernate: 
    select
        u1_0.id,
        u1_0.email,
        u1_0.name,
        u1_0.password,
        u1_0.role 
    from
        users u1_0 
    where
        u1_0.email=?
2025-11-21T12:00:31.171-08:00  INFO 69004 --- [ai-crm-dash] [nio-8080-exec-9] c.example.aicrmdash.service.UserService  : Retrieving all users
Hibernate: 
    select
        p1_0.id,
        p1_0.created_at,
        p1_0.current_phase,
        p1_0.customer_name,
        p1_0.deal_value,
        p1_0.description,
        p1_0.end_date,
        p1_0.kickoff_date,
        p1_0.owner_id,
        p1_0.projected_close_date,
        p1_0.status,
        p1_0.title,
        p1_0.updated_at 
    from
        pocs p1_0
Hibernate: 
    select
        u1_0.id,
        u1_0.email,
        u1_0.name,
        u1_0.password,
        u1_0.role 
    from
        users u1_0
2025-11-21T12:00:31.171-08:00  INFO 69004 --- [ai-crm-dash] [nio-8080-exec-9] c.example.aicrmdash.service.UserService  : Retrieved 3 users
Hibernate: 
    select
        p1_0.id,
        p1_0.created_at,
        p1_0.current_phase,
        p1_0.customer_name,
        p1_0.deal_value,
        p1_0.description,
        p1_0.end_date,
        p1_0.kickoff_date,
        p1_0.owner_id,
        p1_0.projected_close_date,
        p1_0.status,
        p1_0.title,
        p1_0.updated_at 
    from
        pocs p1_0
Hibernate: 
    select
        u1_0.id,
        u1_0.email,
        u1_0.name,
        u1_0.password,
        u1_0.role 
    from
        users u1_0 
    where
        u1_0.email=?
Hibernate: 
    select
        u1_0.id,
        u1_0.email,
        u1_0.name,
        u1_0.password,
        u1_0.role 
    from
        users u1_0 
    where
        u1_0.email=?
2025-11-21T12:00:31.175-08:00  INFO 69004 --- [ai-crm-dash] [nio-8080-exec-5] c.example.aicrmdash.service.UserService  : Retrieving all users
Hibernate: 
    select
        u1_0.id,
        u1_0.email,
        u1_0.name,
        u1_0.password,
        u1_0.role 
    from
        users u1_0
2025-11-21T12:00:31.175-08:00  INFO 69004 --- [ai-crm-dash] [nio-8080-exec-5] c.example.aicrmdash.service.UserService  : Retrieved 3 users
Hibernate: 
    select
        p1_0.id,
        p1_0.created_at,
        p1_0.current_phase,
        p1_0.customer_name,
        p1_0.deal_value,
        p1_0.description,
        p1_0.end_date,
        p1_0.kickoff_date,
        p1_0.owner_id,
        p1_0.projected_close_date,
        p1_0.status,
        p1_0.title,
        p1_0.updated_at 
    from
        pocs p1_0
Hibernate: 
    select
        p1_0.id,
        p1_0.created_at,
        p1_0.current_phase,
        p1_0.customer_name,
        p1_0.deal_value,
        p1_0.description,
        p1_0.end_date,
        p1_0.kickoff_date,
        p1_0.owner_id,
        p1_0.projected_close_date,
        p1_0.status,
        p1_0.title,
        p1_0.updated_at 
    from
        pocs p1_0
Hibernate: 
    select
        u1_0.id,
        u1_0.email,
        u1_0.name,
        u1_0.password,
        u1_0.role 
    from
        users u1_0 
    where
        u1_0.email=?
Hibernate: 
    select
        u1_0.id,
        u1_0.email,
        u1_0.name,
        u1_0.password,
        u1_0.role 
    from
        users u1_0 
    where
        u1_0.email=?
Hibernate: 
    select
        u1_0.id,
        u1_0.email,
        u1_0.name,
        u1_0.password,
        u1_0.role 
    from
        users u1_0 
    where
        u1_0.email=?
Hibernate: 
    select
        u1_0.id,
        u1_0.email,
        u1_0.name,
        u1_0.password,
        u1_0.role 
    from
        users u1_0 
    where
        u1_0.email=?
Hibernate: 
    select
        u1_0.id,
        u1_0.email,
        u1_0.name,
        u1_0.password,
        u1_0.role 
    from
        users u1_0 
    where
        u1_0.email=?
2025-11-21T12:11:15.678-08:00  INFO 69004 --- [ai-crm-dash] [io-8080-exec-10] c.example.aicrmdash.service.UserService  : Retrieving all users
2025-11-21T12:11:15.678-08:00  INFO 69004 --- [ai-crm-dash] [nio-8080-exec-7] c.e.aicrmdash.service.DashboardService   : Calculating dashboard summary metrics
Hibernate: 
    select
        p1_0.id,
        p1_0.created_at,
        p1_0.current_phase,
        p1_0.customer_name,
        p1_0.deal_value,
        p1_0.description,
        p1_0.end_date,
        p1_0.kickoff_date,
        p1_0.owner_id,
        p1_0.projected_close_date,
        p1_0.status,
        p1_0.title,
        p1_0.updated_at 
    from
        pocs p1_0 
    where
        p1_0.id=?
Hibernate: 
    select
        u1_0.id,
        u1_0.email,
        u1_0.name,
        u1_0.password,
        u1_0.role 
    from
        users u1_0
Hibernate: 
    select
        p1_0.id,
        p1_0.created_at,
        p1_0.current_phase,
        p1_0.customer_name,
        p1_0.deal_value,
        p1_0.description,
        p1_0.end_date,
        p1_0.kickoff_date,
        o1_0.id,
        o1_0.email,
        o1_0.name,
        o1_0.password,
        o1_0.role,
        p1_0.owner_id,
        p1_0.projected_close_date,
        p1_0.status,
        p1_0.title,
        p1_0.updated_at 
    from
        pocs p1_0 
    left join
        users o1_0 
            on o1_0.id=p1_0.owner_id 
    where
        p1_0.id=?
Hibernate: 
    select
        p1_0.id,
        p1_0.created_at,
        p1_0.current_phase,
        p1_0.customer_name,
        p1_0.deal_value,
        p1_0.description,
        p1_0.end_date,
        p1_0.kickoff_date,
        p1_0.owner_id,
        p1_0.projected_close_date,
        p1_0.status,
        p1_0.title,
        p1_0.updated_at 
    from
        pocs p1_0
Hibernate: 
    select
        p1_0.id,
        p1_0.created_at,
        p1_0.current_phase,
        p1_0.customer_name,
        p1_0.deal_value,
        p1_0.description,
        p1_0.end_date,
        p1_0.kickoff_date,
        p1_0.owner_id,
        p1_0.projected_close_date,
        p1_0.status,
        p1_0.title,
        p1_0.updated_at 
    from
        pocs p1_0
2025-11-21T12:11:15.679-08:00  INFO 69004 --- [ai-crm-dash] [io-8080-exec-10] c.example.aicrmdash.service.UserService  : Retrieved 3 users
Hibernate: 
    select
        p1_0.id,
        p1_0.created_at,
        p1_0.current_phase,
        p1_0.customer_name,
        p1_0.deal_value,
        p1_0.description,
        p1_0.end_date,
        p1_0.kickoff_date,
        p1_0.owner_id,
        p1_0.projected_close_date,
        p1_0.status,
        p1_0.title,
        p1_0.updated_at 
    from
        pocs p1_0
Hibernate: 
    select
        p1_0.id,
        p1_0.created_at,
        p1_0.current_phase,
        p1_0.customer_name,
        p1_0.deal_value,
        p1_0.description,
        p1_0.end_date,
        p1_0.kickoff_date,
        p1_0.owner_id,
        p1_0.projected_close_date,
        p1_0.status,
        p1_0.title,
        p1_0.updated_at 
    from
        pocs p1_0
2025-11-21T12:11:15.679-08:00  INFO 69004 --- [ai-crm-dash] [nio-8080-exec-7] c.e.aicrmdash.service.DashboardService   : Dashboard metrics calculated: activePocs=0, atRiskPocs=0, pipelineValue=0
Hibernate: 
    select
        u1_0.id,
        u1_0.email,
        u1_0.name,
        u1_0.password,
        u1_0.role 
    from
        users u1_0 
    where
        u1_0.email=?
Hibernate: 
    select
        u1_0.id,
        u1_0.email,
        u1_0.name,
        u1_0.password,
        u1_0.role 
    from
        users u1_0 
    where
        u1_0.email=?
Hibernate: 
    select
        u1_0.id,
        u1_0.email,
        u1_0.name,
        u1_0.password,
        u1_0.role 
    from
        users u1_0 
    where
        u1_0.email=?
Hibernate: 
    select
        u1_0.id,
        u1_0.email,
        u1_0.name,
        u1_0.password,
        u1_0.role 
    from
        users u1_0 
    where
        u1_0.email=?
Hibernate: 
    select
        u1_0.id,
        u1_0.email,
        u1_0.name,
        u1_0.password,
        u1_0.role 
    from
        users u1_0 
    where
        u1_0.email=?
2025-11-21T12:11:15.686-08:00  INFO 69004 --- [ai-crm-dash] [nio-8080-exec-5] c.e.aicrmdash.service.DashboardService   : Calculating dashboard summary metrics
2025-11-21T12:11:15.686-08:00  INFO 69004 --- [ai-crm-dash] [nio-8080-exec-2] c.example.aicrmdash.service.UserService  : Retrieving all users
Hibernate: 
    select
        p1_0.id,
        p1_0.created_at,
        p1_0.current_phase,
        p1_0.customer_name,
        p1_0.deal_value,
        p1_0.description,
        p1_0.end_date,
        p1_0.kickoff_date,
        o1_0.id,
        o1_0.email,
        o1_0.name,
        o1_0.password,
        o1_0.role,
        p1_0.owner_id,
        p1_0.projected_close_date,
        p1_0.status,
        p1_0.title,
        p1_0.updated_at 
    from
        pocs p1_0 
    left join
        users o1_0 
            on o1_0.id=p1_0.owner_id 
    where
        p1_0.id=?
Hibernate: 
    select
        p1_0.id,
        p1_0.created_at,
        p1_0.current_phase,
        p1_0.customer_name,
        p1_0.deal_value,
        p1_0.description,
        p1_0.end_date,
        p1_0.kickoff_date,
        p1_0.owner_id,
        p1_0.projected_close_date,
        p1_0.status,
        p1_0.title,
        p1_0.updated_at 
    from
        pocs p1_0 
    where
        p1_0.id=?
Hibernate: 
    select
        u1_0.id,
        u1_0.email,
        u1_0.name,
        u1_0.password,
        u1_0.role 
    from
        users u1_0
Hibernate: 
    select
        p1_0.id,
        p1_0.created_at,
        p1_0.current_phase,
        p1_0.customer_name,
        p1_0.deal_value,
        p1_0.description,
        p1_0.end_date,
        p1_0.kickoff_date,
        p1_0.owner_id,
        p1_0.projected_close_date,
        p1_0.status,
        p1_0.title,
        p1_0.updated_at 
    from
        pocs p1_0
Hibernate: 
    select
        p1_0.id,
        p1_0.created_at,
        p1_0.current_phase,
        p1_0.customer_name,
        p1_0.deal_value,
        p1_0.description,
        p1_0.end_date,
        p1_0.kickoff_date,
        p1_0.owner_id,
        p1_0.projected_close_date,
        p1_0.status,
        p1_0.title,
        p1_0.updated_at 
    from
        pocs p1_0
2025-11-21T12:11:15.687-08:00  INFO 69004 --- [ai-crm-dash] [nio-8080-exec-2] c.example.aicrmdash.service.UserService  : Retrieved 3 users
Hibernate: 
    select
        p1_0.id,
        p1_0.created_at,
        p1_0.current_phase,
        p1_0.customer_name,
        p1_0.deal_value,
        p1_0.description,
        p1_0.end_date,
        p1_0.kickoff_date,
        p1_0.owner_id,
        p1_0.projected_close_date,
        p1_0.status,
        p1_0.title,
        p1_0.updated_at 
    from
        pocs p1_0
Hibernate: 
    select
        p1_0.id,
        p1_0.created_at,
        p1_0.current_phase,
        p1_0.customer_name,
        p1_0.deal_value,
        p1_0.description,
        p1_0.end_date,
        p1_0.kickoff_date,
        p1_0.owner_id,
        p1_0.projected_close_date,
        p1_0.status,
        p1_0.title,
        p1_0.updated_at 
    from
        pocs p1_0
2025-11-21T12:11:15.687-08:00  INFO 69004 --- [ai-crm-dash] [nio-8080-exec-5] c.e.aicrmdash.service.DashboardService   : Dashboard metrics calculated: activePocs=0, atRiskPocs=0, pipelineValue=0
Hibernate: 
    select
        u1_0.id,
        u1_0.email,
        u1_0.name,
        u1_0.password,
        u1_0.role 
    from
        users u1_0 
    where
        u1_0.email=?
Hibernate: 
    select
        u1_0.id,
        u1_0.email,
        u1_0.name,
        u1_0.password,
        u1_0.role 
    from
        users u1_0 
    where
        u1_0.email=?
2025-11-21T12:11:15.691-08:00  INFO 69004 --- [ai-crm-dash] [nio-8080-exec-6] c.example.aicrmdash.service.UserService  : Retrieving all users
Hibernate: 
    select
        u1_0.id,
        u1_0.email,
        u1_0.name,
        u1_0.password,
        u1_0.role 
    from
        users u1_0
Hibernate: 
    select
        p1_0.id,
        p1_0.created_at,
        p1_0.current_phase,
        p1_0.customer_name,
        p1_0.deal_value,
        p1_0.description,
        p1_0.end_date,
        p1_0.kickoff_date,
        p1_0.owner_id,
        p1_0.projected_close_date,
        p1_0.status,
        p1_0.title,
        p1_0.updated_at 
    from
        pocs p1_0
2025-11-21T12:11:15.691-08:00  INFO 69004 --- [ai-crm-dash] [nio-8080-exec-6] c.example.aicrmdash.service.UserService  : Retrieved 3 users
Hibernate: 
    select
        p1_0.id,
        p1_0.created_at,
        p1_0.current_phase,
        p1_0.customer_name,
        p1_0.deal_value,
        p1_0.description,
        p1_0.end_date,
        p1_0.kickoff_date,
        p1_0.owner_id,
        p1_0.projected_close_date,
        p1_0.status,
        p1_0.title,
        p1_0.updated_at 
    from
        pocs p1_0
Hibernate: 
    select
        u1_0.id,
        u1_0.email,
        u1_0.name,
        u1_0.password,
        u1_0.role 
    from
        users u1_0 
    where
        u1_0.email=?
Hibernate: 
    select
        u1_0.id,
        u1_0.email,
        u1_0.name,
        u1_0.password,
        u1_0.role 
    from
        users u1_0 
    where
        u1_0.email=?
2025-11-21T12:11:15.695-08:00  INFO 69004 --- [ai-crm-dash] [nio-8080-exec-3] c.example.aicrmdash.service.UserService  : Retrieving all users
Hibernate: 
    select
        u1_0.id,
        u1_0.email,
        u1_0.name,
        u1_0.password,
        u1_0.role 
    from
        users u1_0
Hibernate: 
    select
        p1_0.id,
        p1_0.created_at,
        p1_0.current_phase,
        p1_0.customer_name,
        p1_0.deal_value,
        p1_0.description,
        p1_0.end_date,
        p1_0.kickoff_date,
        p1_0.owner_id,
        p1_0.projected_close_date,
        p1_0.status,
        p1_0.title,
        p1_0.updated_at 
    from
        pocs p1_0
2025-11-21T12:11:15.695-08:00  INFO 69004 --- [ai-crm-dash] [nio-8080-exec-3] c.example.aicrmdash.service.UserService  : Retrieved 3 users
Hibernate: 
    select
        p1_0.id,
        p1_0.created_at,
        p1_0.current_phase,
        p1_0.customer_name,
        p1_0.deal_value,
        p1_0.description,
        p1_0.end_date,
        p1_0.kickoff_date,
        p1_0.owner_id,
        p1_0.projected_close_date,
        p1_0.status,
        p1_0.title,
        p1_0.updated_at 
    from
        pocs p1_0
Hibernate: 
    select
        u1_0.id,
        u1_0.email,
        u1_0.name,
        u1_0.password,
        u1_0.role 
    from
        users u1_0 
    where
        u1_0.email=?
Hibernate: 
    select
        u1_0.id,
        u1_0.email,
        u1_0.name,
        u1_0.password,
        u1_0.role 
    from
        users u1_0 
    where
        u1_0.email=?
Hibernate: 
    select
        u1_0.id,
        u1_0.email,
        u1_0.name,
        u1_0.password,
        u1_0.role 
    from
        users u1_0 
    where
        u1_0.email=?
Hibernate: 
    select
        u1_0.id,
        u1_0.email,
        u1_0.name,
        u1_0.password,
        u1_0.role 
    from
        users u1_0 
    where
        u1_0.email=?
Hibernate: 
    select
        u1_0.id,
        u1_0.email,
        u1_0.name,
        u1_0.password,
        u1_0.role 
    from
        users u1_0 
    where
        u1_0.email=?
2025-11-21T12:18:43.266-08:00  INFO 69004 --- [ai-crm-dash] [nio-8080-exec-1] c.example.aicrmdash.service.UserService  : Retrieving all users
2025-11-21T12:18:43.266-08:00  INFO 69004 --- [ai-crm-dash] [io-8080-exec-10] c.e.aicrmdash.service.DashboardService   : Calculating dashboard summary metrics
Hibernate: 
    select
        p1_0.id,
        p1_0.created_at,
        p1_0.current_phase,
        p1_0.customer_name,
        p1_0.deal_value,
        p1_0.description,
        p1_0.end_date,
        p1_0.kickoff_date,
        p1_0.owner_id,
        p1_0.projected_close_date,
        p1_0.status,
        p1_0.title,
        p1_0.updated_at 
    from
        pocs p1_0 
    where
        p1_0.id=?
Hibernate: 
    select
        p1_0.id,
        p1_0.created_at,
        p1_0.current_phase,
        p1_0.customer_name,
        p1_0.deal_value,
        p1_0.description,
        p1_0.end_date,
        p1_0.kickoff_date,
        o1_0.id,
        o1_0.email,
        o1_0.name,
        o1_0.password,
        o1_0.role,
        p1_0.owner_id,
        p1_0.projected_close_date,
        p1_0.status,
        p1_0.title,
        p1_0.updated_at 
    from
        pocs p1_0 
    left join
        users o1_0 
            on o1_0.id=p1_0.owner_id 
    where
        p1_0.id=?
Hibernate: 
    select
        u1_0.id,
        u1_0.email,
        u1_0.name,
        u1_0.password,
        u1_0.role 
    from
        users u1_0
Hibernate: 
    select
        p1_0.id,
        p1_0.created_at,
        p1_0.current_phase,
        p1_0.customer_name,
        p1_0.deal_value,
        p1_0.description,
        p1_0.end_date,
        p1_0.kickoff_date,
        p1_0.owner_id,
        p1_0.projected_close_date,
        p1_0.status,
        p1_0.title,
        p1_0.updated_at 
    from
        pocs p1_0
Hibernate: 
    select
        p1_0.id,
        p1_0.created_at,
        p1_0.current_phase,
        p1_0.customer_name,
        p1_0.deal_value,
        p1_0.description,
        p1_0.end_date,
        p1_0.kickoff_date,
        p1_0.owner_id,
        p1_0.projected_close_date,
        p1_0.status,
        p1_0.title,
        p1_0.updated_at 
    from
        pocs p1_0
2025-11-21T12:18:43.267-08:00  INFO 69004 --- [ai-crm-dash] [nio-8080-exec-1] c.example.aicrmdash.service.UserService  : Retrieved 3 users
Hibernate: 
    select
        p1_0.id,
        p1_0.created_at,
        p1_0.current_phase,
        p1_0.customer_name,
        p1_0.deal_value,
        p1_0.description,
        p1_0.end_date,
        p1_0.kickoff_date,
        p1_0.owner_id,
        p1_0.projected_close_date,
        p1_0.status,
        p1_0.title,
        p1_0.updated_at 
    from
        pocs p1_0
Hibernate: 
    select
        p1_0.id,
        p1_0.created_at,
        p1_0.current_phase,
        p1_0.customer_name,
        p1_0.deal_value,
        p1_0.description,
        p1_0.end_date,
        p1_0.kickoff_date,
        p1_0.owner_id,
        p1_0.projected_close_date,
        p1_0.status,
        p1_0.title,
        p1_0.updated_at 
    from
        pocs p1_0
2025-11-21T12:18:43.268-08:00  INFO 69004 --- [ai-crm-dash] [io-8080-exec-10] c.e.aicrmdash.service.DashboardService   : Dashboard metrics calculated: activePocs=0, atRiskPocs=0, pipelineValue=0
Hibernate: 
    select
        u1_0.id,
        u1_0.email,
        u1_0.name,
        u1_0.password,
        u1_0.role 
    from
        users u1_0 
    where
        u1_0.email=?
Hibernate: 
    select
        u1_0.id,
        u1_0.email,
        u1_0.name,
        u1_0.password,
        u1_0.role 
    from
        users u1_0 
    where
        u1_0.email=?
Hibernate: 
    select
        u1_0.id,
        u1_0.email,
        u1_0.name,
        u1_0.password,
        u1_0.role 
    from
        users u1_0 
    where
        u1_0.email=?
Hibernate: 
    select
        u1_0.id,
        u1_0.email,
        u1_0.name,
        u1_0.password,
        u1_0.role 
    from
        users u1_0 
    where
        u1_0.email=?
Hibernate: 
    select
        u1_0.id,
        u1_0.email,
        u1_0.name,
        u1_0.password,
        u1_0.role 
    from
        users u1_0 
    where
        u1_0.email=?
2025-11-21T12:18:43.276-08:00  INFO 69004 --- [ai-crm-dash] [nio-8080-exec-4] c.e.aicrmdash.service.DashboardService   : Calculating dashboard summary metrics
2025-11-21T12:18:43.276-08:00  INFO 69004 --- [ai-crm-dash] [nio-8080-exec-7] c.example.aicrmdash.service.UserService  : Retrieving all users
Hibernate: 
    select
        p1_0.id,
        p1_0.created_at,
        p1_0.current_phase,
        p1_0.customer_name,
        p1_0.deal_value,
        p1_0.description,
        p1_0.end_date,
        p1_0.kickoff_date,
        o1_0.id,
        o1_0.email,
        o1_0.name,
        o1_0.password,
        o1_0.role,
        p1_0.owner_id,
        p1_0.projected_close_date,
        p1_0.status,
        p1_0.title,
        p1_0.updated_at 
    from
        pocs p1_0 
    left join
        users o1_0 
            on o1_0.id=p1_0.owner_id 
    where
        p1_0.id=?
Hibernate: 
    select
        u1_0.id,
        u1_0.email,
        u1_0.name,
        u1_0.password,
        u1_0.role 
    from
        users u1_0
Hibernate: 
    select
        p1_0.id,
        p1_0.created_at,
        p1_0.current_phase,
        p1_0.customer_name,
        p1_0.deal_value,
        p1_0.description,
        p1_0.end_date,
        p1_0.kickoff_date,
        p1_0.owner_id,
        p1_0.projected_close_date,
        p1_0.status,
        p1_0.title,
        p1_0.updated_at 
    from
        pocs p1_0
Hibernate: 
    select
        p1_0.id,
        p1_0.created_at,
        p1_0.current_phase,
        p1_0.customer_name,
        p1_0.deal_value,
        p1_0.description,
        p1_0.end_date,
        p1_0.kickoff_date,
        p1_0.owner_id,
        p1_0.projected_close_date,
        p1_0.status,
        p1_0.title,
        p1_0.updated_at 
    from
        pocs p1_0 
    where
        p1_0.id=?
Hibernate: 
    select
        p1_0.id,
        p1_0.created_at,
        p1_0.current_phase,
        p1_0.customer_name,
        p1_0.deal_value,
        p1_0.description,
        p1_0.end_date,
        p1_0.kickoff_date,
        p1_0.owner_id,
        p1_0.projected_close_date,
        p1_0.status,
        p1_0.title,
        p1_0.updated_at 
    from
        pocs p1_0
2025-11-21T12:18:43.276-08:00  INFO 69004 --- [ai-crm-dash] [nio-8080-exec-7] c.example.aicrmdash.service.UserService  : Retrieved 3 users
Hibernate: 
    select
        p1_0.id,
        p1_0.created_at,
        p1_0.current_phase,
        p1_0.customer_name,
        p1_0.deal_value,
        p1_0.description,
        p1_0.end_date,
        p1_0.kickoff_date,
        p1_0.owner_id,
        p1_0.projected_close_date,
        p1_0.status,
        p1_0.title,
        p1_0.updated_at 
    from
        pocs p1_0
Hibernate: 
    select
        p1_0.id,
        p1_0.created_at,
        p1_0.current_phase,
        p1_0.customer_name,
        p1_0.deal_value,
        p1_0.description,
        p1_0.end_date,
        p1_0.kickoff_date,
        p1_0.owner_id,
        p1_0.projected_close_date,
        p1_0.status,
        p1_0.title,
        p1_0.updated_at 
    from
        pocs p1_0
2025-11-21T12:18:43.277-08:00  INFO 69004 --- [ai-crm-dash] [nio-8080-exec-4] c.e.aicrmdash.service.DashboardService   : Dashboard metrics calculated: activePocs=0, atRiskPocs=0, pipelineValue=0
Hibernate: 
    select
        u1_0.id,
        u1_0.email,
        u1_0.name,
        u1_0.password,
        u1_0.role 
    from
        users u1_0 
    where
        u1_0.email=?
Hibernate: 
    select
        u1_0.id,
        u1_0.email,
        u1_0.name,
        u1_0.password,
        u1_0.role 
    from
        users u1_0 
    where
        u1_0.email=?
2025-11-21T12:18:43.280-08:00  INFO 69004 --- [ai-crm-dash] [nio-8080-exec-2] c.example.aicrmdash.service.UserService  : Retrieving all users
Hibernate: 
    select
        u1_0.id,
        u1_0.email,
        u1_0.name,
        u1_0.password,
        u1_0.role 
    from
        users u1_0
Hibernate: 
    select
        p1_0.id,
        p1_0.created_at,
        p1_0.current_phase,
        p1_0.customer_name,
        p1_0.deal_value,
        p1_0.description,
        p1_0.end_date,
        p1_0.kickoff_date,
        p1_0.owner_id,
        p1_0.projected_close_date,
        p1_0.status,
        p1_0.title,
        p1_0.updated_at 
    from
        pocs p1_0
2025-11-21T12:18:43.280-08:00  INFO 69004 --- [ai-crm-dash] [nio-8080-exec-2] c.example.aicrmdash.service.UserService  : Retrieved 3 users
Hibernate: 
    select
        p1_0.id,
        p1_0.created_at,
        p1_0.current_phase,
        p1_0.customer_name,
        p1_0.deal_value,
        p1_0.description,
        p1_0.end_date,
        p1_0.kickoff_date,
        p1_0.owner_id,
        p1_0.projected_close_date,
        p1_0.status,
        p1_0.title,
        p1_0.updated_at 
    from
        pocs p1_0
Hibernate: 
    select
        u1_0.id,
        u1_0.email,
        u1_0.name,
        u1_0.password,
        u1_0.role 
    from
        users u1_0 
    where
        u1_0.email=?
Hibernate: 
    select
        u1_0.id,
        u1_0.email,
        u1_0.name,
        u1_0.password,
        u1_0.role 
    from
        users u1_0 
    where
        u1_0.email=?
2025-11-21T12:18:43.283-08:00  INFO 69004 --- [ai-crm-dash] [nio-8080-exec-1] c.example.aicrmdash.service.UserService  : Retrieving all users
Hibernate: 
    select
        u1_0.id,
        u1_0.email,
        u1_0.name,
        u1_0.password,
        u1_0.role 
    from
        users u1_0
Hibernate: 
    select
        p1_0.id,
        p1_0.created_at,
        p1_0.current_phase,
        p1_0.customer_name,
        p1_0.deal_value,
        p1_0.description,
        p1_0.end_date,
        p1_0.kickoff_date,
        p1_0.owner_id,
        p1_0.projected_close_date,
        p1_0.status,
        p1_0.title,
        p1_0.updated_at 
    from
        pocs p1_0
2025-11-21T12:18:43.283-08:00  INFO 69004 --- [ai-crm-dash] [nio-8080-exec-1] c.example.aicrmdash.service.UserService  : Retrieved 3 users
Hibernate: 
    select
        p1_0.id,
        p1_0.created_at,
        p1_0.current_phase,
        p1_0.customer_name,
        p1_0.deal_value,
        p1_0.description,
        p1_0.end_date,
        p1_0.kickoff_date,
        p1_0.owner_id,
        p1_0.projected_close_date,
        p1_0.status,
        p1_0.title,
        p1_0.updated_at 
    from
        pocs p1_0
2025-11-21T12:33:14.808-08:00  WARN 69004 --- [ai-crm-dash] [l-1:housekeeper] com.zaxxer.hikari.pool.HikariPool        : HikariPool-1 - Thread starvation or clock leap detected (housekeeper delta=14m25s320ms).
Hibernate: 
    select
        u1_0.id,
        u1_0.email,
        u1_0.name,
        u1_0.password,
        u1_0.role 
    from
        users u1_0 
    where
        u1_0.email=?
Hibernate: 
    select
        u1_0.id,
        u1_0.email,
        u1_0.name,
        u1_0.password,
        u1_0.role 
    from
        users u1_0 
    where
        u1_0.email=?
Hibernate: 
    select
        u1_0.id,
        u1_0.email,
        u1_0.name,
        u1_0.password,
        u1_0.role 
    from
        users u1_0 
    where
        u1_0.email=?
Hibernate: 
    select
        u1_0.id,
        u1_0.email,
        u1_0.name,
        u1_0.password,
        u1_0.role 
    from
        users u1_0 
    where
        u1_0.email=?
Hibernate: 
    select
        u1_0.id,
        u1_0.email,
        u1_0.name,
        u1_0.password,
        u1_0.role 
    from
        users u1_0 
    where
        u1_0.email=?
2025-11-21T12:34:00.875-08:00  INFO 69004 --- [ai-crm-dash] [nio-8080-exec-5] c.e.aicrmdash.service.DashboardService   : Calculating dashboard summary metrics
2025-11-21T12:34:00.875-08:00  INFO 69004 --- [ai-crm-dash] [nio-8080-exec-6] c.example.aicrmdash.service.UserService  : Retrieving all users
Hibernate: 
    select
        p1_0.id,
        p1_0.created_at,
        p1_0.current_phase,
        p1_0.customer_name,
        p1_0.deal_value,
        p1_0.description,
        p1_0.end_date,
        p1_0.kickoff_date,
        p1_0.owner_id,
        p1_0.projected_close_date,
        p1_0.status,
        p1_0.title,
        p1_0.updated_at 
    from
        pocs p1_0
Hibernate: 
    select
        p1_0.id,
        p1_0.created_at,
        p1_0.current_phase,
        p1_0.customer_name,
        p1_0.deal_value,
        p1_0.description,
        p1_0.end_date,
        p1_0.kickoff_date,
        p1_0.owner_id,
        p1_0.projected_close_date,
        p1_0.status,
        p1_0.title,
        p1_0.updated_at 
    from
        pocs p1_0 
    where
        p1_0.id=?
Hibernate: 
    select
        p1_0.id,
        p1_0.created_at,
        p1_0.current_phase,
        p1_0.customer_name,
        p1_0.deal_value,
        p1_0.description,
        p1_0.end_date,
        p1_0.kickoff_date,
        o1_0.id,
        o1_0.email,
        o1_0.name,
        o1_0.password,
        o1_0.role,
        p1_0.owner_id,
        p1_0.projected_close_date,
        p1_0.status,
        p1_0.title,
        p1_0.updated_at 
    from
        pocs p1_0 
    left join
        users o1_0 
            on o1_0.id=p1_0.owner_id 
    where
        p1_0.id=?
Hibernate: 
    select
        p1_0.id,
        p1_0.created_at,
        p1_0.current_phase,
        p1_0.customer_name,
        p1_0.deal_value,
        p1_0.description,
        p1_0.end_date,
        p1_0.kickoff_date,
        p1_0.owner_id,
        p1_0.projected_close_date,
        p1_0.status,
        p1_0.title,
        p1_0.updated_at 
    from
        pocs p1_0
Hibernate: 
    select
        u1_0.id,
        u1_0.email,
        u1_0.name,
        u1_0.password,
        u1_0.role 
    from
        users u1_0
Hibernate: 
    select
        p1_0.id,
        p1_0.created_at,
        p1_0.current_phase,
        p1_0.customer_name,
        p1_0.deal_value,
        p1_0.description,
        p1_0.end_date,
        p1_0.kickoff_date,
        p1_0.owner_id,
        p1_0.projected_close_date,
        p1_0.status,
        p1_0.title,
        p1_0.updated_at 
    from
        pocs p1_0
Hibernate: 
    select
        p1_0.id,
        p1_0.created_at,
        p1_0.current_phase,
        p1_0.customer_name,
        p1_0.deal_value,
        p1_0.description,
        p1_0.end_date,
        p1_0.kickoff_date,
        p1_0.owner_id,
        p1_0.projected_close_date,
        p1_0.status,
        p1_0.title,
        p1_0.updated_at 
    from
        pocs p1_0
2025-11-21T12:34:00.876-08:00  INFO 69004 --- [ai-crm-dash] [nio-8080-exec-6] c.example.aicrmdash.service.UserService  : Retrieved 3 users
2025-11-21T12:34:00.876-08:00  INFO 69004 --- [ai-crm-dash] [nio-8080-exec-5] c.e.aicrmdash.service.DashboardService   : Dashboard metrics calculated: activePocs=0, atRiskPocs=0, pipelineValue=0
Hibernate: 
    select
        u1_0.id,
        u1_0.email,
        u1_0.name,
        u1_0.password,
        u1_0.role 
    from
        users u1_0 
    where
        u1_0.email=?
Hibernate: 
    select
        u1_0.id,
        u1_0.email,
        u1_0.name,
        u1_0.password,
        u1_0.role 
    from
        users u1_0 
    where
        u1_0.email=?
Hibernate: 
    select
        u1_0.id,
        u1_0.email,
        u1_0.name,
        u1_0.password,
        u1_0.role 
    from
        users u1_0 
    where
        u1_0.email=?
Hibernate: 
    select
        u1_0.id,
        u1_0.email,
        u1_0.name,
        u1_0.password,
        u1_0.role 
    from
        users u1_0 
    where
        u1_0.email=?
Hibernate: 
    select
        u1_0.id,
        u1_0.email,
        u1_0.name,
        u1_0.password,
        u1_0.role 
    from
        users u1_0 
    where
        u1_0.email=?
2025-11-21T12:34:00.883-08:00  INFO 69004 --- [ai-crm-dash] [nio-8080-exec-1] c.example.aicrmdash.service.UserService  : Retrieving all users
2025-11-21T12:34:00.883-08:00  INFO 69004 --- [ai-crm-dash] [io-8080-exec-10] c.e.aicrmdash.service.DashboardService   : Calculating dashboard summary metrics
Hibernate: 
    select
        p1_0.id,
        p1_0.created_at,
        p1_0.current_phase,
        p1_0.customer_name,
        p1_0.deal_value,
        p1_0.description,
        p1_0.end_date,
        p1_0.kickoff_date,
        p1_0.owner_id,
        p1_0.projected_close_date,
        p1_0.status,
        p1_0.title,
        p1_0.updated_at 
    from
        pocs p1_0 
    where
        p1_0.id=?
Hibernate: 
    select
        p1_0.id,
        p1_0.created_at,
        p1_0.current_phase,
        p1_0.customer_name,
        p1_0.deal_value,
        p1_0.description,
        p1_0.end_date,
        p1_0.kickoff_date,
        o1_0.id,
        o1_0.email,
        o1_0.name,
        o1_0.password,
        o1_0.role,
        p1_0.owner_id,
        p1_0.projected_close_date,
        p1_0.status,
        p1_0.title,
        p1_0.updated_at 
    from
        pocs p1_0 
    left join
        users o1_0 
            on o1_0.id=p1_0.owner_id 
    where
        p1_0.id=?
Hibernate: 
    select
        u1_0.id,
        u1_0.email,
        u1_0.name,
        u1_0.password,
        u1_0.role 
    from
        users u1_0
2025-11-21T12:34:00.883-08:00  INFO 69004 --- [ai-crm-dash] [nio-8080-exec-1] c.example.aicrmdash.service.UserService  : Retrieved 3 users
Hibernate: 
    select
        p1_0.id,
        p1_0.created_at,
        p1_0.current_phase,
        p1_0.customer_name,
        p1_0.deal_value,
        p1_0.description,
        p1_0.end_date,
        p1_0.kickoff_date,
        p1_0.owner_id,
        p1_0.projected_close_date,
        p1_0.status,
        p1_0.title,
        p1_0.updated_at 
    from
        pocs p1_0
Hibernate: 
    select
        p1_0.id,
        p1_0.created_at,
        p1_0.current_phase,
        p1_0.customer_name,
        p1_0.deal_value,
        p1_0.description,
        p1_0.end_date,
        p1_0.kickoff_date,
        p1_0.owner_id,
        p1_0.projected_close_date,
        p1_0.status,
        p1_0.title,
        p1_0.updated_at 
    from
        pocs p1_0
2025-11-21T12:34:00.922-08:00  INFO 69004 --- [ai-crm-dash] [io-8080-exec-10] c.e.aicrmdash.service.DashboardService   : Dashboard metrics calculated: activePocs=0, atRiskPocs=0, pipelineValue=0
Hibernate: 
    select
        p1_0.id,
        p1_0.created_at,
        p1_0.current_phase,
        p1_0.customer_name,
        p1_0.deal_value,
        p1_0.description,
        p1_0.end_date,
        p1_0.kickoff_date,
        p1_0.owner_id,
        p1_0.projected_close_date,
        p1_0.status,
        p1_0.title,
        p1_0.updated_at 
    from
        pocs p1_0
Hibernate: 
    select
        p1_0.id,
        p1_0.created_at,
        p1_0.current_phase,
        p1_0.customer_name,
        p1_0.deal_value,
        p1_0.description,
        p1_0.end_date,
        p1_0.kickoff_date,
        p1_0.owner_id,
        p1_0.projected_close_date,
        p1_0.status,
        p1_0.title,
        p1_0.updated_at 
    from
        pocs p1_0
Hibernate: 
    select
        u1_0.id,
        u1_0.email,
        u1_0.name,
        u1_0.password,
        u1_0.role 
    from
        users u1_0 
    where
        u1_0.email=?
Hibernate: 
    select
        u1_0.id,
        u1_0.email,
        u1_0.name,
        u1_0.password,
        u1_0.role 
    from
        users u1_0 
    where
        u1_0.email=?
2025-11-21T12:34:00.927-08:00  INFO 69004 --- [ai-crm-dash] [nio-8080-exec-6] c.example.aicrmdash.service.UserService  : Retrieving all users
Hibernate: 
    select
        u1_0.id,
        u1_0.email,
        u1_0.name,
        u1_0.password,
        u1_0.role 
    from
        users u1_0
2025-11-21T12:34:00.928-08:00  INFO 69004 --- [ai-crm-dash] [nio-8080-exec-6] c.example.aicrmdash.service.UserService  : Retrieved 3 users
Hibernate: 
    select
        p1_0.id,
        p1_0.created_at,
        p1_0.current_phase,
        p1_0.customer_name,
        p1_0.deal_value,
        p1_0.description,
        p1_0.end_date,
        p1_0.kickoff_date,
        p1_0.owner_id,
        p1_0.projected_close_date,
        p1_0.status,
        p1_0.title,
        p1_0.updated_at 
    from
        pocs p1_0
Hibernate: 
    select
        p1_0.id,
        p1_0.created_at,
        p1_0.current_phase,
        p1_0.customer_name,
        p1_0.deal_value,
        p1_0.description,
        p1_0.end_date,
        p1_0.kickoff_date,
        p1_0.owner_id,
        p1_0.projected_close_date,
        p1_0.status,
        p1_0.title,
        p1_0.updated_at 
    from
        pocs p1_0
Hibernate: 
    select
        u1_0.id,
        u1_0.email,
        u1_0.name,
        u1_0.password,
        u1_0.role 
    from
        users u1_0 
    where
        u1_0.email=?
Hibernate: 
    select
        u1_0.id,
        u1_0.email,
        u1_0.name,
        u1_0.password,
        u1_0.role 
    from
        users u1_0 
    where
        u1_0.email=?
2025-11-21T12:34:00.932-08:00  INFO 69004 --- [ai-crm-dash] [nio-8080-exec-8] c.example.aicrmdash.service.UserService  : Retrieving all users
Hibernate: 
    select
        p1_0.id,
        p1_0.created_at,
        p1_0.current_phase,
        p1_0.customer_name,
        p1_0.deal_value,
        p1_0.description,
        p1_0.end_date,
        p1_0.kickoff_date,
        p1_0.owner_id,
        p1_0.projected_close_date,
        p1_0.status,
        p1_0.title,
        p1_0.updated_at 
    from
        pocs p1_0
Hibernate: 
    select
        p1_0.id,
        p1_0.created_at,
        p1_0.current_phase,
        p1_0.customer_name,
        p1_0.deal_value,
        p1_0.description,
        p1_0.end_date,
        p1_0.kickoff_date,
        p1_0.owner_id,
        p1_0.projected_close_date,
        p1_0.status,
        p1_0.title,
        p1_0.updated_at 
    from
        pocs p1_0
Hibernate: 
    select
        u1_0.id,
        u1_0.email,
        u1_0.name,
        u1_0.password,
        u1_0.role 
    from
        users u1_0
2025-11-21T12:34:00.933-08:00  INFO 69004 --- [ai-crm-dash] [nio-8080-exec-8] c.example.aicrmdash.service.UserService  : Retrieved 3 users
2025-11-21T13:06:34.274-08:00  WARN 69004 --- [ai-crm-dash] [l-1:housekeeper] com.zaxxer.hikari.pool.HikariPool        : HikariPool-1 - Thread starvation or clock leap detected (housekeeper delta=32m49s461ms).
2025-11-21T14:01:11.349-08:00  WARN 69004 --- [ai-crm-dash] [l-1:housekeeper] com.zaxxer.hikari.pool.HikariPool        : HikariPool-1 - Thread starvation or clock leap detected (housekeeper delta=54m37s74ms).
2025-11-21T14:49:40.811-08:00  WARN 69004 --- [ai-crm-dash] [l-1:housekeeper] com.zaxxer.hikari.pool.HikariPool        : HikariPool-1 - Thread starvation or clock leap detected (housekeeper delta=43m14s434ms).
2025-11-21T15:01:57.409-08:00  WARN 69004 --- [ai-crm-dash] [l-1:housekeeper] com.zaxxer.hikari.pool.HikariPool        : HikariPool-1 - Thread starvation or clock leap detected (housekeeper delta=10m16s569ms).
2025-11-21T15:26:45.177-08:00  WARN 69004 --- [ai-crm-dash] [l-1:housekeeper] com.zaxxer.hikari.pool.HikariPool        : HikariPool-1 - Thread starvation or clock leap detected (housekeeper delta=1m47s619ms).
Hibernate: 
    select
        u1_0.id,
        u1_0.email,
        u1_0.name,
        u1_0.password,
        u1_0.role 
    from
        users u1_0 
    where
        u1_0.email=?
Hibernate: 
    select
        u1_0.id,
        u1_0.email,
        u1_0.name,
        u1_0.password,
        u1_0.role 
    from
        users u1_0 
    where
        u1_0.email=?
Hibernate: 
    select
        u1_0.id,
        u1_0.email,
        u1_0.name,
        u1_0.password,
        u1_0.role 
    from
        users u1_0 
    where
        u1_0.email=?
2025-11-21T15:32:35.078-08:00  INFO 69004 --- [ai-crm-dash] [nio-8080-exec-4] c.e.aicrmdash.service.DashboardService   : Calculating dashboard summary metrics
Hibernate: 
    select
        u1_0.id,
        u1_0.email,
        u1_0.name,
        u1_0.password,
        u1_0.role 
    from
        users u1_0 
    where
        u1_0.email=?
Hibernate: 
    select
        p1_0.id,
        p1_0.created_at,
        p1_0.current_phase,
        p1_0.customer_name,
        p1_0.deal_value,
        p1_0.description,
        p1_0.end_date,
        p1_0.kickoff_date,
        p1_0.owner_id,
        p1_0.projected_close_date,
        p1_0.status,
        p1_0.title,
        p1_0.updated_at 
    from
        pocs p1_0
Hibernate: 
    select
        p1_0.id,
        p1_0.created_at,
        p1_0.current_phase,
        p1_0.customer_name,
        p1_0.deal_value,
        p1_0.description,
        p1_0.end_date,
        p1_0.kickoff_date,
        p1_0.owner_id,
        p1_0.projected_close_date,
        p1_0.status,
        p1_0.title,
        p1_0.updated_at 
    from
        pocs p1_0
2025-11-21T15:32:35.079-08:00  INFO 69004 --- [ai-crm-dash] [nio-8080-exec-4] c.e.aicrmdash.service.DashboardService   : Dashboard metrics calculated: activePocs=0, atRiskPocs=0, pipelineValue=0
Hibernate: 
    select
        p1_0.id,
        p1_0.created_at,
        p1_0.current_phase,
        p1_0.customer_name,
        p1_0.deal_value,
        p1_0.description,
        p1_0.end_date,
        p1_0.kickoff_date,
        p1_0.owner_id,
        p1_0.projected_close_date,
        p1_0.status,
        p1_0.title,
        p1_0.updated_at 
    from
        pocs p1_0
Hibernate: 
    select
        p1_0.id,
        p1_0.created_at,
        p1_0.current_phase,
        p1_0.customer_name,
        p1_0.deal_value,
        p1_0.description,
        p1_0.end_date,
        p1_0.kickoff_date,
        p1_0.owner_id,
        p1_0.projected_close_date,
        p1_0.status,
        p1_0.title,
        p1_0.updated_at 
    from
        pocs p1_0
Hibernate: 
    select
        u1_0.id,
        u1_0.email,
        u1_0.name,
        u1_0.password,
        u1_0.role 
    from
        users u1_0 
    where
        u1_0.email=?
Hibernate: 
    select
        u1_0.id,
        u1_0.email,
        u1_0.name,
        u1_0.password,
        u1_0.role 
    from
        users u1_0 
    where
        u1_0.email=?
2025-11-21T15:32:35.082-08:00  INFO 69004 --- [ai-crm-dash] [nio-8080-exec-8] c.e.aicrmdash.service.DashboardService   : Calculating dashboard summary metrics
Hibernate: 
    select
        p1_0.id,
        p1_0.created_at,
        p1_0.current_phase,
        p1_0.customer_name,
        p1_0.deal_value,
        p1_0.description,
        p1_0.end_date,
        p1_0.kickoff_date,
        p1_0.owner_id,
        p1_0.projected_close_date,
        p1_0.status,
        p1_0.title,
        p1_0.updated_at 
    from
        pocs p1_0
Hibernate: 
    select
        p1_0.id,
        p1_0.created_at,
        p1_0.current_phase,
        p1_0.customer_name,
        p1_0.deal_value,
        p1_0.description,
        p1_0.end_date,
        p1_0.kickoff_date,
        p1_0.owner_id,
        p1_0.projected_close_date,
        p1_0.status,
        p1_0.title,
        p1_0.updated_at 
    from
        pocs p1_0
Hibernate: 
    select
        p1_0.id,
        p1_0.created_at,
        p1_0.current_phase,
        p1_0.customer_name,
        p1_0.deal_value,
        p1_0.description,
        p1_0.end_date,
        p1_0.kickoff_date,
        p1_0.owner_id,
        p1_0.projected_close_date,
        p1_0.status,
        p1_0.title,
        p1_0.updated_at 
    from
        pocs p1_0
Hibernate: 
    select
        p1_0.id,
        p1_0.created_at,
        p1_0.current_phase,
        p1_0.customer_name,
        p1_0.deal_value,
        p1_0.description,
        p1_0.end_date,
        p1_0.kickoff_date,
        p1_0.owner_id,
        p1_0.projected_close_date,
        p1_0.status,
        p1_0.title,
        p1_0.updated_at 
    from
        pocs p1_0
2025-11-21T15:32:35.083-08:00  INFO 69004 --- [ai-crm-dash] [nio-8080-exec-8] c.e.aicrmdash.service.DashboardService   : Dashboard metrics calculated: activePocs=0, atRiskPocs=0, pipelineValue=0
Hibernate: 
    select
        u1_0.id,
        u1_0.email,
        u1_0.name,
        u1_0.password,
        u1_0.role 
    from
        users u1_0 
    where
        u1_0.email=?
Hibernate: 
    select
        u1_0.id,
        u1_0.email,
        u1_0.name,
        u1_0.password,
        u1_0.role 
    from
        users u1_0 
    where
        u1_0.email=?
Hibernate: 
    select
        p1_0.id,
        p1_0.created_at,
        p1_0.current_phase,
        p1_0.customer_name,
        p1_0.deal_value,
        p1_0.description,
        p1_0.end_date,
        p1_0.kickoff_date,
        p1_0.owner_id,
        p1_0.projected_close_date,
        p1_0.status,
        p1_0.title,
        p1_0.updated_at 
    from
        pocs p1_0
Hibernate: 
    select
        p1_0.id,
        p1_0.created_at,
        p1_0.current_phase,
        p1_0.customer_name,
        p1_0.deal_value,
        p1_0.description,
        p1_0.end_date,
        p1_0.kickoff_date,
        p1_0.owner_id,
        p1_0.projected_close_date,
        p1_0.status,
        p1_0.title,
        p1_0.updated_at 
    from
        pocs p1_0
2025-11-21T15:32:38.569-08:00  INFO 69004 --- [ai-crm-dash] [nio-8080-exec-9] c.example.aicrmdash.service.UserService  : Retrieving all users
Hibernate: 
    select
        u1_0.id,
        u1_0.email,
        u1_0.name,
        u1_0.password,
        u1_0.role 
    from
        users u1_0
2025-11-21T15:32:38.570-08:00  INFO 69004 --- [ai-crm-dash] [nio-8080-exec-9] c.example.aicrmdash.service.UserService  : Retrieved 3 users
Hibernate: 
    select
        u1_0.id,
        u1_0.email,
        u1_0.name,
        u1_0.password,
        u1_0.role 
    from
        users u1_0 
    where
        u1_0.email=?
Hibernate: 
    select
        u1_0.id,
        u1_0.email,
        u1_0.name,
        u1_0.password,
        u1_0.role 
    from
        users u1_0 
    where
        u1_0.email=?
2025-11-21T15:32:38.574-08:00  INFO 69004 --- [ai-crm-dash] [nio-8080-exec-2] c.example.aicrmdash.service.UserService  : Retrieving all users
Hibernate: 
    select
        p1_0.id,
        p1_0.created_at,
        p1_0.current_phase,
        p1_0.customer_name,
        p1_0.deal_value,
        p1_0.description,
        p1_0.end_date,
        p1_0.kickoff_date,
        p1_0.owner_id,
        p1_0.projected_close_date,
        p1_0.status,
        p1_0.title,
        p1_0.updated_at 
    from
        pocs p1_0
Hibernate: 
    select
        u1_0.id,
        u1_0.email,
        u1_0.name,
        u1_0.password,
        u1_0.role 
    from
        users u1_0
Hibernate: 
    select
        p1_0.id,
        p1_0.created_at,
        p1_0.current_phase,
        p1_0.customer_name,
        p1_0.deal_value,
        p1_0.description,
        p1_0.end_date,
        p1_0.kickoff_date,
        p1_0.owner_id,
        p1_0.projected_close_date,
        p1_0.status,
        p1_0.title,
        p1_0.updated_at 
    from
        pocs p1_0
2025-11-21T15:32:38.575-08:00  INFO 69004 --- [ai-crm-dash] [nio-8080-exec-2] c.example.aicrmdash.service.UserService  : Retrieved 3 users
Hibernate: 
    select
        u1_0.id,
        u1_0.email,
        u1_0.name,
        u1_0.password,
        u1_0.role 
    from
        users u1_0 
    where
        u1_0.email=?
Hibernate: 
    select
        u1_0.id,
        u1_0.email,
        u1_0.name,
        u1_0.password,
        u1_0.role 
    from
        users u1_0 
    where
        u1_0.email=?
2025-11-21T15:32:45.409-08:00  INFO 69004 --- [ai-crm-dash] [nio-8080-exec-7] c.e.aicrmdash.service.DashboardService   : Calculating dashboard summary metrics
Hibernate: 
    select
        p1_0.id,
        p1_0.created_at,
        p1_0.current_phase,
        p1_0.customer_name,
        p1_0.deal_value,
        p1_0.description,
        p1_0.end_date,
        p1_0.kickoff_date,
        p1_0.owner_id,
        p1_0.projected_close_date,
        p1_0.status,
        p1_0.title,
        p1_0.updated_at 
    from
        pocs p1_0
Hibernate: 
    select
        p1_0.id,
        p1_0.created_at,
        p1_0.current_phase,
        p1_0.customer_name,
        p1_0.deal_value,
        p1_0.description,
        p1_0.end_date,
        p1_0.kickoff_date,
        p1_0.owner_id,
        p1_0.projected_close_date,
        p1_0.status,
        p1_0.title,
        p1_0.updated_at 
    from
        pocs p1_0
Hibernate: 
    select
        p1_0.id,
        p1_0.created_at,
        p1_0.current_phase,
        p1_0.customer_name,
        p1_0.deal_value,
        p1_0.description,
        p1_0.end_date,
        p1_0.kickoff_date,
        p1_0.owner_id,
        p1_0.projected_close_date,
        p1_0.status,
        p1_0.title,
        p1_0.updated_at 
    from
        pocs p1_0
Hibernate: 
    select
        p1_0.id,
        p1_0.created_at,
        p1_0.current_phase,
        p1_0.customer_name,
        p1_0.deal_value,
        p1_0.description,
        p1_0.end_date,
        p1_0.kickoff_date,
        p1_0.owner_id,
        p1_0.projected_close_date,
        p1_0.status,
        p1_0.title,
        p1_0.updated_at 
    from
        pocs p1_0
2025-11-21T15:32:45.411-08:00  INFO 69004 --- [ai-crm-dash] [nio-8080-exec-7] c.e.aicrmdash.service.DashboardService   : Dashboard metrics calculated: activePocs=0, atRiskPocs=0, pipelineValue=0
Hibernate: 
    select
        u1_0.id,
        u1_0.email,
        u1_0.name,
        u1_0.password,
        u1_0.role 
    from
        users u1_0 
    where
        u1_0.email=?
Hibernate: 
    select
        u1_0.id,
        u1_0.email,
        u1_0.name,
        u1_0.password,
        u1_0.role 
    from
        users u1_0 
    where
        u1_0.email=?
2025-11-21T15:32:45.417-08:00  INFO 69004 --- [ai-crm-dash] [nio-8080-exec-4] c.e.aicrmdash.service.DashboardService   : Calculating dashboard summary metrics
Hibernate: 
    select
        p1_0.id,
        p1_0.created_at,
        p1_0.current_phase,
        p1_0.customer_name,
        p1_0.deal_value,
        p1_0.description,
        p1_0.end_date,
        p1_0.kickoff_date,
        p1_0.owner_id,
        p1_0.projected_close_date,
        p1_0.status,
        p1_0.title,
        p1_0.updated_at 
    from
        pocs p1_0
Hibernate: 
    select
        p1_0.id,
        p1_0.created_at,
        p1_0.current_phase,
        p1_0.customer_name,
        p1_0.deal_value,
        p1_0.description,
        p1_0.end_date,
        p1_0.kickoff_date,
        p1_0.owner_id,
        p1_0.projected_close_date,
        p1_0.status,
        p1_0.title,
        p1_0.updated_at 
    from
        pocs p1_0
Hibernate: 
    select
        p1_0.id,
        p1_0.created_at,
        p1_0.current_phase,
        p1_0.customer_name,
        p1_0.deal_value,
        p1_0.description,
        p1_0.end_date,
        p1_0.kickoff_date,
        p1_0.owner_id,
        p1_0.projected_close_date,
        p1_0.status,
        p1_0.title,
        p1_0.updated_at 
    from
        pocs p1_0
Hibernate: 
    select
        p1_0.id,
        p1_0.created_at,
        p1_0.current_phase,
        p1_0.customer_name,
        p1_0.deal_value,
        p1_0.description,
        p1_0.end_date,
        p1_0.kickoff_date,
        p1_0.owner_id,
        p1_0.projected_close_date,
        p1_0.status,
        p1_0.title,
        p1_0.updated_at 
    from
        pocs p1_0
2025-11-21T15:32:45.418-08:00  INFO 69004 --- [ai-crm-dash] [nio-8080-exec-4] c.e.aicrmdash.service.DashboardService   : Dashboard metrics calculated: activePocs=0, atRiskPocs=0, pipelineValue=0
Hibernate: 
    select
        u1_0.id,
        u1_0.email,
        u1_0.name,
        u1_0.password,
        u1_0.role 
    from
        users u1_0 
    where
        u1_0.email=?
Hibernate: 
    select
        u1_0.id,
        u1_0.email,
        u1_0.name,
        u1_0.password,
        u1_0.role 
    from
        users u1_0 
    where
        u1_0.email=?
2025-11-21T15:32:47.034-08:00  INFO 69004 --- [ai-crm-dash] [io-8080-exec-10] c.example.aicrmdash.service.UserService  : Retrieving all users
Hibernate: 
    select
        u1_0.id,
        u1_0.email,
        u1_0.name,
        u1_0.password,
        u1_0.role 
    from
        users u1_0
Hibernate: 
    select
        p1_0.id,
        p1_0.created_at,
        p1_0.current_phase,
        p1_0.customer_name,
        p1_0.deal_value,
        p1_0.description,
        p1_0.end_date,
        p1_0.kickoff_date,
        p1_0.owner_id,
        p1_0.projected_close_date,
        p1_0.status,
        p1_0.title,
        p1_0.updated_at 
    from
        pocs p1_0
2025-11-21T15:32:47.035-08:00  INFO 69004 --- [ai-crm-dash] [io-8080-exec-10] c.example.aicrmdash.service.UserService  : Retrieved 3 users
Hibernate: 
    select
        p1_0.id,
        p1_0.created_at,
        p1_0.current_phase,
        p1_0.customer_name,
        p1_0.deal_value,
        p1_0.description,
        p1_0.end_date,
        p1_0.kickoff_date,
        p1_0.owner_id,
        p1_0.projected_close_date,
        p1_0.status,
        p1_0.title,
        p1_0.updated_at 
    from
        pocs p1_0
Hibernate: 
    select
        u1_0.id,
        u1_0.email,
        u1_0.name,
        u1_0.password,
        u1_0.role 
    from
        users u1_0 
    where
        u1_0.email=?
Hibernate: 
    select
        u1_0.id,
        u1_0.email,
        u1_0.name,
        u1_0.password,
        u1_0.role 
    from
        users u1_0 
    where
        u1_0.email=?
2025-11-21T15:32:47.040-08:00  INFO 69004 --- [ai-crm-dash] [nio-8080-exec-9] c.example.aicrmdash.service.UserService  : Retrieving all users
Hibernate: 
    select
        u1_0.id,
        u1_0.email,
        u1_0.name,
        u1_0.password,
        u1_0.role 
    from
        users u1_0
2025-11-21T15:32:47.040-08:00  INFO 69004 --- [ai-crm-dash] [nio-8080-exec-9] c.example.aicrmdash.service.UserService  : Retrieved 3 users
Hibernate: 
    select
        p1_0.id,
        p1_0.created_at,
        p1_0.current_phase,
        p1_0.customer_name,
        p1_0.deal_value,
        p1_0.description,
        p1_0.end_date,
        p1_0.kickoff_date,
        p1_0.owner_id,
        p1_0.projected_close_date,
        p1_0.status,
        p1_0.title,
        p1_0.updated_at 
    from
        pocs p1_0
Hibernate: 
    select
        p1_0.id,
        p1_0.created_at,
        p1_0.current_phase,
        p1_0.customer_name,
        p1_0.deal_value,
        p1_0.description,
        p1_0.end_date,
        p1_0.kickoff_date,
        p1_0.owner_id,
        p1_0.projected_close_date,
        p1_0.status,
        p1_0.title,
        p1_0.updated_at 
    from
        pocs p1_0
Hibernate: 
    select
        u1_0.id,
        u1_0.email,
        u1_0.name,
        u1_0.password,
        u1_0.role 
    from
        users u1_0 
    where
        u1_0.email=?
Hibernate: 
    select
        u1_0.id,
        u1_0.email,
        u1_0.name,
        u1_0.password,
        u1_0.role 
    from
        users u1_0 
    where
        u1_0.email=?
2025-11-21T15:33:35.553-08:00  INFO 69004 --- [ai-crm-dash] [nio-8080-exec-3] c.example.aicrmdash.service.UserService  : Retrieving all users
Hibernate: 
    select
        p1_0.id,
        p1_0.created_at,
        p1_0.current_phase,
        p1_0.customer_name,
        p1_0.deal_value,
        p1_0.description,
        p1_0.end_date,
        p1_0.kickoff_date,
        p1_0.owner_id,
        p1_0.projected_close_date,
        p1_0.status,
        p1_0.title,
        p1_0.updated_at 
    from
        pocs p1_0
Hibernate: 
    select
        u1_0.id,
        u1_0.email,
        u1_0.name,
        u1_0.password,
        u1_0.role 
    from
        users u1_0
Hibernate: 
    select
        p1_0.id,
        p1_0.created_at,
        p1_0.current_phase,
        p1_0.customer_name,
        p1_0.deal_value,
        p1_0.description,
        p1_0.end_date,
        p1_0.kickoff_date,
        p1_0.owner_id,
        p1_0.projected_close_date,
        p1_0.status,
        p1_0.title,
        p1_0.updated_at 
    from
        pocs p1_0
2025-11-21T15:33:35.554-08:00  INFO 69004 --- [ai-crm-dash] [nio-8080-exec-3] c.example.aicrmdash.service.UserService  : Retrieved 3 users
Hibernate: 
    select
        u1_0.id,
        u1_0.email,
        u1_0.name,
        u1_0.password,
        u1_0.role 
    from
        users u1_0 
    where
        u1_0.email=?
Hibernate: 
    select
        u1_0.id,
        u1_0.email,
        u1_0.name,
        u1_0.password,
        u1_0.role 
    from
        users u1_0 
    where
        u1_0.email=?
2025-11-21T15:33:35.558-08:00  INFO 69004 --- [ai-crm-dash] [nio-8080-exec-4] c.example.aicrmdash.service.UserService  : Retrieving all users
Hibernate: 
    select
        u1_0.id,
        u1_0.email,
        u1_0.name,
        u1_0.password,
        u1_0.role 
    from
        users u1_0
Hibernate: 
    select
        p1_0.id,
        p1_0.created_at,
        p1_0.current_phase,
        p1_0.customer_name,
        p1_0.deal_value,
        p1_0.description,
        p1_0.end_date,
        p1_0.kickoff_date,
        p1_0.owner_id,
        p1_0.projected_close_date,
        p1_0.status,
        p1_0.title,
        p1_0.updated_at 
    from
        pocs p1_0
2025-11-21T15:33:35.558-08:00  INFO 69004 --- [ai-crm-dash] [nio-8080-exec-4] c.example.aicrmdash.service.UserService  : Retrieved 3 users
Hibernate: 
    select
        p1_0.id,
        p1_0.created_at,
        p1_0.current_phase,
        p1_0.customer_name,
        p1_0.deal_value,
        p1_0.description,
        p1_0.end_date,
        p1_0.kickoff_date,
        p1_0.owner_id,
        p1_0.projected_close_date,
        p1_0.status,
        p1_0.title,
        p1_0.updated_at 
    from
        pocs p1_0
Hibernate: 
    select
        u1_0.id,
        u1_0.email,
        u1_0.name,
        u1_0.password,
        u1_0.role 
    from
        users u1_0 
    where
        u1_0.email=?
Hibernate: 
    select
        u1_0.id,
        u1_0.email,
        u1_0.name,
        u1_0.password,
        u1_0.role 
    from
        users u1_0 
    where
        u1_0.email=?
2025-11-21T15:33:36.896-08:00  INFO 69004 --- [ai-crm-dash] [nio-8080-exec-8] c.e.aicrmdash.service.DashboardService   : Calculating dashboard summary metrics
Hibernate: 
    select
        p1_0.id,
        p1_0.created_at,
        p1_0.current_phase,
        p1_0.customer_name,
        p1_0.deal_value,
        p1_0.description,
        p1_0.end_date,
        p1_0.kickoff_date,
        p1_0.owner_id,
        p1_0.projected_close_date,
        p1_0.status,
        p1_0.title,
        p1_0.updated_at 
    from
        pocs p1_0
Hibernate: 
    select
        p1_0.id,
        p1_0.created_at,
        p1_0.current_phase,
        p1_0.customer_name,
        p1_0.deal_value,
        p1_0.description,
        p1_0.end_date,
        p1_0.kickoff_date,
        p1_0.owner_id,
        p1_0.projected_close_date,
        p1_0.status,
        p1_0.title,
        p1_0.updated_at 
    from
        pocs p1_0
Hibernate: 
    select
        p1_0.id,
        p1_0.created_at,
        p1_0.current_phase,
        p1_0.customer_name,
        p1_0.deal_value,
        p1_0.description,
        p1_0.end_date,
        p1_0.kickoff_date,
        p1_0.owner_id,
        p1_0.projected_close_date,
        p1_0.status,
        p1_0.title,
        p1_0.updated_at 
    from
        pocs p1_0
Hibernate: 
    select
        p1_0.id,
        p1_0.created_at,
        p1_0.current_phase,
        p1_0.customer_name,
        p1_0.deal_value,
        p1_0.description,
        p1_0.end_date,
        p1_0.kickoff_date,
        p1_0.owner_id,
        p1_0.projected_close_date,
        p1_0.status,
        p1_0.title,
        p1_0.updated_at 
    from
        pocs p1_0
2025-11-21T15:33:36.898-08:00  INFO 69004 --- [ai-crm-dash] [nio-8080-exec-8] c.e.aicrmdash.service.DashboardService   : Dashboard metrics calculated: activePocs=0, atRiskPocs=0, pipelineValue=0
Hibernate: 
    select
        u1_0.id,
        u1_0.email,
        u1_0.name,
        u1_0.password,
        u1_0.role 
    from
        users u1_0 
    where
        u1_0.email=?
Hibernate: 
    select
        u1_0.id,
        u1_0.email,
        u1_0.name,
        u1_0.password,
        u1_0.role 
    from
        users u1_0 
    where
        u1_0.email=?
2025-11-21T15:33:36.904-08:00  INFO 69004 --- [ai-crm-dash] [nio-8080-exec-1] c.e.aicrmdash.service.DashboardService   : Calculating dashboard summary metrics
Hibernate: 
    select
        p1_0.id,
        p1_0.created_at,
        p1_0.current_phase,
        p1_0.customer_name,
        p1_0.deal_value,
        p1_0.description,
        p1_0.end_date,
        p1_0.kickoff_date,
        p1_0.owner_id,
        p1_0.projected_close_date,
        p1_0.status,
        p1_0.title,
        p1_0.updated_at 
    from
        pocs p1_0
Hibernate: 
    select
        p1_0.id,
        p1_0.created_at,
        p1_0.current_phase,
        p1_0.customer_name,
        p1_0.deal_value,
        p1_0.description,
        p1_0.end_date,
        p1_0.kickoff_date,
        p1_0.owner_id,
        p1_0.projected_close_date,
        p1_0.status,
        p1_0.title,
        p1_0.updated_at 
    from
        pocs p1_0
Hibernate: 
    select
        p1_0.id,
        p1_0.created_at,
        p1_0.current_phase,
        p1_0.customer_name,
        p1_0.deal_value,
        p1_0.description,
        p1_0.end_date,
        p1_0.kickoff_date,
        p1_0.owner_id,
        p1_0.projected_close_date,
        p1_0.status,
        p1_0.title,
        p1_0.updated_at 
    from
        pocs p1_0
Hibernate: 
    select
        p1_0.id,
        p1_0.created_at,
        p1_0.current_phase,
        p1_0.customer_name,
        p1_0.deal_value,
        p1_0.description,
        p1_0.end_date,
        p1_0.kickoff_date,
        p1_0.owner_id,
        p1_0.projected_close_date,
        p1_0.status,
        p1_0.title,
        p1_0.updated_at 
    from
        pocs p1_0
2025-11-21T15:33:36.904-08:00  INFO 69004 --- [ai-crm-dash] [nio-8080-exec-1] c.e.aicrmdash.service.DashboardService   : Dashboard metrics calculated: activePocs=0, atRiskPocs=0, pipelineValue=0
Hibernate: 
    select
        u1_0.id,
        u1_0.email,
        u1_0.name,
        u1_0.password,
        u1_0.role 
    from
        users u1_0 
    where
        u1_0.email=?
2025-11-21T15:33:44.688-08:00  INFO 69004 --- [ai-crm-dash] [nio-8080-exec-6] c.example.aicrmdash.service.UserService  : Retrieving all users
Hibernate: 
    select
        u1_0.id,
        u1_0.email,
        u1_0.name,
        u1_0.password,
        u1_0.role 
    from
        users u1_0
2025-11-21T15:33:44.689-08:00  INFO 69004 --- [ai-crm-dash] [nio-8080-exec-6] c.example.aicrmdash.service.UserService  : Retrieved 3 users
Hibernate: 
    select
        u1_0.id,
        u1_0.email,
        u1_0.name,
        u1_0.password,
        u1_0.role 
    from
        users u1_0 
    where
        u1_0.email=?
2025-11-21T15:33:44.696-08:00  INFO 69004 --- [ai-crm-dash] [nio-8080-exec-2] c.example.aicrmdash.service.UserService  : Retrieving all users
Hibernate: 
    select
        u1_0.id,
        u1_0.email,
        u1_0.name,
        u1_0.password,
        u1_0.role 
    from
        users u1_0
2025-11-21T15:33:44.696-08:00  INFO 69004 --- [ai-crm-dash] [nio-8080-exec-2] c.example.aicrmdash.service.UserService  : Retrieved 3 users
Hibernate: 
    select
        u1_0.id,
        u1_0.email,
        u1_0.name,
        u1_0.password,
        u1_0.role 
    from
        users u1_0 
    where
        u1_0.email=?
2025-11-21T15:34:53.824-08:00  INFO 69004 --- [ai-crm-dash] [nio-8080-exec-7] c.example.aicrmdash.service.PocService   : Creating new POC: customer=Arthurs Test Customer, title=Test POC, ownerId=1
Hibernate: 
    select
        count(*) 
    from
        users u1_0 
    where
        u1_0.id=?
Hibernate: 
    insert 
    into
        pocs
        (created_at, current_phase, customer_name, deal_value, description, end_date, kickoff_date, owner_id, projected_close_date, status, title, updated_at, id) 
    values
        (?, ?, ?, ?, ?, ?, ?, ?, ?, ?, ?, ?, default)
Hibernate: 
    insert 
    into
        requirements
        (poc_id, completed, completed_at, description, display_order, notes, phase, id) 
    values
        (?, ?, ?, ?, ?, ?, ?, default)
Hibernate: 
    insert 
    into
        requirements
        (poc_id, completed, completed_at, description, display_order, notes, phase, id) 
    values
        (?, ?, ?, ?, ?, ?, ?, default)
Hibernate: 
    insert 
    into
        requirements
        (poc_id, completed, completed_at, description, display_order, notes, phase, id) 
    values
        (?, ?, ?, ?, ?, ?, ?, default)
Hibernate: 
    insert 
    into
        requirements
        (poc_id, completed, completed_at, description, display_order, notes, phase, id) 
    values
        (?, ?, ?, ?, ?, ?, ?, default)
Hibernate: 
    insert 
    into
        requirements
        (poc_id, completed, completed_at, description, display_order, notes, phase, id) 
    values
        (?, ?, ?, ?, ?, ?, ?, default)
Hibernate: 
    select
        u1_0.id,
        u1_0.email,
        u1_0.name,
        u1_0.password,
        u1_0.role 
    from
        users u1_0 
    where
        u1_0.id=?
Hibernate: 
    insert 
    into
        phase_transitions
        (from_phase, poc_id, to_phase, transitioned_at, transitioned_by, id) 
    values
        (?, ?, ?, ?, ?, default)
2025-11-21T15:34:53.856-08:00  INFO 69004 --- [ai-crm-dash] [nio-8080-exec-7] c.example.aicrmdash.service.PocService   : Phase transition recorded: pocId=1, from=null, to=DISCOVERY, by user=1
2025-11-21T15:34:53.856-08:00  INFO 69004 --- [ai-crm-dash] [nio-8080-exec-7] c.example.aicrmdash.service.PocService   : POC created successfully: id=1, customer=Arthurs Test Customer, dealValue=1000000
Hibernate: 
    select
        p1_0.id,
        p1_0.created_at,
        p1_0.current_phase,
        p1_0.customer_name,
        p1_0.deal_value,
        p1_0.description,
        p1_0.end_date,
        p1_0.kickoff_date,
        o1_0.id,
        o1_0.email,
        o1_0.name,
        o1_0.password,
        o1_0.role,
        p1_0.owner_id,
        p1_0.projected_close_date,
        p1_0.status,
        p1_0.title,
        p1_0.updated_at 
    from
        pocs p1_0 
    left join
        users o1_0 
            on o1_0.id=p1_0.owner_id 
    where
        p1_0.id=?
Hibernate: 
    update
        requirements 
    set
        poc_id=? 
    where
        id=?
Hibernate: 
    update
        requirements 
    set
        poc_id=? 
    where
        id=?
Hibernate: 
    update
        requirements 
    set
        poc_id=? 
    where
        id=?
Hibernate: 
    update
        requirements 
    set
        poc_id=? 
    where
        id=?
Hibernate: 
    update
        requirements 
    set
        poc_id=? 
    where
        id=?
Hibernate: 
    select
        u1_0.id,
        u1_0.email,
        u1_0.name,
        u1_0.password,
        u1_0.role 
    from
        users u1_0 
    where
        u1_0.email=?
2025-11-21T15:34:56.185-08:00  INFO 69004 --- [ai-crm-dash] [nio-8080-exec-3] c.e.aicrmdash.service.DashboardService   : Calculating dashboard summary metrics
Hibernate: 
    select
        p1_0.id,
        p1_0.created_at,
        p1_0.current_phase,
        p1_0.customer_name,
        p1_0.deal_value,
        p1_0.description,
        p1_0.end_date,
        p1_0.kickoff_date,
        p1_0.owner_id,
        p1_0.projected_close_date,
        p1_0.status,
        p1_0.title,
        p1_0.updated_at 
    from
        pocs p1_0
Hibernate: 
    select
        u1_0.id,
        u1_0.email,
        u1_0.name,
        u1_0.password,
        u1_0.role 
    from
        users u1_0 
    where
        u1_0.id=?
Hibernate: 
    select
        u1_0.id,
        u1_0.email,
        u1_0.name,
        u1_0.password,
        u1_0.role 
    from
        users u1_0 
    where
        u1_0.email=?
Hibernate: 
    select
        p1_0.id,
        p1_0.created_at,
        p1_0.current_phase,
        p1_0.customer_name,
        p1_0.deal_value,
        p1_0.description,
        p1_0.end_date,
        p1_0.kickoff_date,
        p1_0.owner_id,
        p1_0.projected_close_date,
        p1_0.status,
        p1_0.title,
        p1_0.updated_at 
    from
        pocs p1_0
Hibernate: 
    select
        u1_0.id,
        u1_0.email,
        u1_0.name,
        u1_0.password,
        u1_0.role 
    from
        users u1_0 
    where
        u1_0.id=?
Hibernate: 
    select
        p1_0.id,
        p1_0.created_at,
        p1_0.current_phase,
        p1_0.customer_name,
        p1_0.deal_value,
        p1_0.description,
        p1_0.end_date,
        p1_0.kickoff_date,
        p1_0.owner_id,
        p1_0.projected_close_date,
        p1_0.status,
        p1_0.title,
        p1_0.updated_at 
    from
        pocs p1_0
Hibernate: 
    select
        p1_0.id,
        p1_0.created_at,
        p1_0.current_phase,
        p1_0.customer_name,
        p1_0.deal_value,
        p1_0.description,
        p1_0.end_date,
        p1_0.kickoff_date,
        p1_0.owner_id,
        p1_0.projected_close_date,
        p1_0.status,
        p1_0.title,
        p1_0.updated_at 
    from
        pocs p1_0
2025-11-21T15:34:56.190-08:00  INFO 69004 --- [ai-crm-dash] [nio-8080-exec-3] c.e.aicrmdash.service.DashboardService   : Dashboard metrics calculated: activePocs=1, atRiskPocs=0, pipelineValue=1000000.00
Hibernate: 
    select
        u1_0.id,
        u1_0.email,
        u1_0.name,
        u1_0.password,
        u1_0.role 
    from
        users u1_0 
    where
        u1_0.email=?
Hibernate: 
    select
        u1_0.id,
        u1_0.email,
        u1_0.name,
        u1_0.password,
        u1_0.role 
    from
        users u1_0 
    where
        u1_0.email=?
2025-11-21T15:34:56.194-08:00  INFO 69004 --- [ai-crm-dash] [nio-8080-exec-5] c.e.aicrmdash.service.DashboardService   : Calculating dashboard summary metrics
Hibernate: 
    select
        p1_0.id,
        p1_0.created_at,
        p1_0.current_phase,
        p1_0.customer_name,
        p1_0.deal_value,
        p1_0.description,
        p1_0.end_date,
        p1_0.kickoff_date,
        p1_0.owner_id,
        p1_0.projected_close_date,
        p1_0.status,
        p1_0.title,
        p1_0.updated_at 
    from
        pocs p1_0
Hibernate: 
    select
        p1_0.id,
        p1_0.created_at,
        p1_0.current_phase,
        p1_0.customer_name,
        p1_0.deal_value,
        p1_0.description,
        p1_0.end_date,
        p1_0.kickoff_date,
        p1_0.owner_id,
        p1_0.projected_close_date,
        p1_0.status,
        p1_0.title,
        p1_0.updated_at 
    from
        pocs p1_0
Hibernate: 
    select
        u1_0.id,
        u1_0.email,
        u1_0.name,
        u1_0.password,
        u1_0.role 
    from
        users u1_0 
    where
        u1_0.id=?
Hibernate: 
    select
        u1_0.id,
        u1_0.email,
        u1_0.name,
        u1_0.password,
        u1_0.role 
    from
        users u1_0 
    where
        u1_0.id=?
Hibernate: 
    select
        p1_0.id,
        p1_0.created_at,
        p1_0.current_phase,
        p1_0.customer_name,
        p1_0.deal_value,
        p1_0.description,
        p1_0.end_date,
        p1_0.kickoff_date,
        p1_0.owner_id,
        p1_0.projected_close_date,
        p1_0.status,
        p1_0.title,
        p1_0.updated_at 
    from
        pocs p1_0
Hibernate: 
    select
        p1_0.id,
        p1_0.created_at,
        p1_0.current_phase,
        p1_0.customer_name,
        p1_0.deal_value,
        p1_0.description,
        p1_0.end_date,
        p1_0.kickoff_date,
        p1_0.owner_id,
        p1_0.projected_close_date,
        p1_0.status,
        p1_0.title,
        p1_0.updated_at 
    from
        pocs p1_0
2025-11-21T15:34:56.195-08:00  INFO 69004 --- [ai-crm-dash] [nio-8080-exec-5] c.e.aicrmdash.service.DashboardService   : Dashboard metrics calculated: activePocs=1, atRiskPocs=0, pipelineValue=1000000.00
Hibernate: 
    select
        u1_0.id,
        u1_0.email,
        u1_0.name,
        u1_0.password,
        u1_0.role 
    from
        users u1_0 
    where
        u1_0.email=?
Hibernate: 
    select
        u1_0.id,
        u1_0.email,
        u1_0.name,
        u1_0.password,
        u1_0.role 
    from
        users u1_0 
    where
        u1_0.email=?
Hibernate: 
    select
        p1_0.id,
        p1_0.created_at,
        p1_0.current_phase,
        p1_0.customer_name,
        p1_0.deal_value,
        p1_0.description,
        p1_0.end_date,
        p1_0.kickoff_date,
        p1_0.owner_id,
        p1_0.projected_close_date,
        p1_0.status,
        p1_0.title,
        p1_0.updated_at 
    from
        pocs p1_0 
    where
        p1_0.id=?
Hibernate: 
    select
        p1_0.id,
        p1_0.created_at,
        p1_0.current_phase,
        p1_0.customer_name,
        p1_0.deal_value,
        p1_0.description,
        p1_0.end_date,
        p1_0.kickoff_date,
        o1_0.id,
        o1_0.email,
        o1_0.name,
        o1_0.password,
        o1_0.role,
        p1_0.owner_id,
        p1_0.projected_close_date,
        p1_0.status,
        p1_0.title,
        p1_0.updated_at 
    from
        pocs p1_0 
    left join
        users o1_0 
            on o1_0.id=p1_0.owner_id 
    where
        p1_0.id=?
Hibernate: 
    select
        u1_0.id,
        u1_0.email,
        u1_0.name,
        u1_0.password,
        u1_0.role 
    from
        users u1_0 
    where
        u1_0.id=?
Hibernate: 
    select
        r1_0.id,
        r1_0.completed,
        r1_0.completed_at,
        r1_0.description,
        r1_0.display_order,
        r1_0.notes,
        r1_0.phase,
        r1_0.poc_id 
    from
        requirements r1_0 
    where
        r1_0.poc_id=? 
        and r1_0.phase=? 
    order by
        r1_0.display_order
Hibernate: 
    select
        u1_0.id,
        u1_0.email,
        u1_0.name,
        u1_0.password,
        u1_0.role 
    from
        users u1_0 
    where
        u1_0.email=?
Hibernate: 
    select
        p1_0.id,
        p1_0.created_at,
        p1_0.current_phase,
        p1_0.customer_name,
        p1_0.deal_value,
        p1_0.description,
        p1_0.end_date,
        p1_0.kickoff_date,
        o1_0.id,
        o1_0.email,
        o1_0.name,
        o1_0.password,
        o1_0.role,
        p1_0.owner_id,
        p1_0.projected_close_date,
        p1_0.status,
        p1_0.title,
        p1_0.updated_at 
    from
        pocs p1_0 
    left join
        users o1_0 
            on o1_0.id=p1_0.owner_id 
    where
        p1_0.id=?
Hibernate: 
    select
        u1_0.id,
        u1_0.email,
        u1_0.name,
        u1_0.password,
        u1_0.role 
    from
        users u1_0 
    where
        u1_0.email=?
Hibernate: 
    select
        p1_0.id,
        p1_0.created_at,
        p1_0.current_phase,
        p1_0.customer_name,
        p1_0.deal_value,
        p1_0.description,
        p1_0.end_date,
        p1_0.kickoff_date,
        p1_0.owner_id,
        p1_0.projected_close_date,
        p1_0.status,
        p1_0.title,
        p1_0.updated_at 
    from
        pocs p1_0 
    where
        p1_0.id=?
Hibernate: 
    select
        u1_0.id,
        u1_0.email,
        u1_0.name,
        u1_0.password,
        u1_0.role 
    from
        users u1_0 
    where
        u1_0.id=?
Hibernate: 
    select
        r1_0.id,
        r1_0.completed,
        r1_0.completed_at,
        r1_0.description,
        r1_0.display_order,
        r1_0.notes,
        r1_0.phase,
        r1_0.poc_id 
    from
        requirements r1_0 
    where
        r1_0.poc_id=? 
        and r1_0.phase=? 
    order by
        r1_0.display_order
Hibernate: 
    select
        u1_0.id,
        u1_0.email,
        u1_0.name,
        u1_0.password,
        u1_0.role 
    from
        users u1_0 
    where
        u1_0.email=?
Hibernate: 
    select
        u1_0.id,
        u1_0.email,
        u1_0.name,
        u1_0.password,
        u1_0.role 
    from
        users u1_0 
    where
        u1_0.email=?
2025-11-21T15:35:11.120-08:00  INFO 69004 --- [ai-crm-dash] [nio-8080-exec-7] c.example.aicrmdash.service.UserService  : Retrieving all users
Hibernate: 
    select
        p1_0.id,
        p1_0.created_at,
        p1_0.current_phase,
        p1_0.customer_name,
        p1_0.deal_value,
        p1_0.description,
        p1_0.end_date,
        p1_0.kickoff_date,
        p1_0.owner_id,
        p1_0.projected_close_date,
        p1_0.status,
        p1_0.title,
        p1_0.updated_at 
    from
        pocs p1_0
Hibernate: 
    select
        u1_0.id,
        u1_0.email,
        u1_0.name,
        u1_0.password,
        u1_0.role 
    from
        users u1_0
Hibernate: 
    select
        u1_0.id,
        u1_0.email,
        u1_0.name,
        u1_0.password,
        u1_0.role 
    from
        users u1_0 
    where
        u1_0.id=?
2025-11-21T15:35:11.121-08:00  INFO 69004 --- [ai-crm-dash] [nio-8080-exec-7] c.example.aicrmdash.service.UserService  : Retrieved 3 users
Hibernate: 
    select
        p1_0.id,
        p1_0.created_at,
        p1_0.current_phase,
        p1_0.customer_name,
        p1_0.deal_value,
        p1_0.description,
        p1_0.end_date,
        p1_0.kickoff_date,
        p1_0.owner_id,
        p1_0.projected_close_date,
        p1_0.status,
        p1_0.title,
        p1_0.updated_at 
    from
        pocs p1_0
Hibernate: 
    select
        u1_0.id,
        u1_0.email,
        u1_0.name,
        u1_0.password,
        u1_0.role 
    from
        users u1_0 
    where
        u1_0.email=?
Hibernate: 
    select
        u1_0.id,
        u1_0.email,
        u1_0.name,
        u1_0.password,
        u1_0.role 
    from
        users u1_0 
    where
        u1_0.email=?
2025-11-21T15:35:11.126-08:00  INFO 69004 --- [ai-crm-dash] [nio-8080-exec-3] c.example.aicrmdash.service.UserService  : Retrieving all users
Hibernate: 
    select
        u1_0.id,
        u1_0.email,
        u1_0.name,
        u1_0.password,
        u1_0.role 
    from
        users u1_0
2025-11-21T15:35:11.126-08:00  INFO 69004 --- [ai-crm-dash] [nio-8080-exec-3] c.example.aicrmdash.service.UserService  : Retrieved 3 users
Hibernate: 
    select
        p1_0.id,
        p1_0.created_at,
        p1_0.current_phase,
        p1_0.customer_name,
        p1_0.deal_value,
        p1_0.description,
        p1_0.end_date,
        p1_0.kickoff_date,
        p1_0.owner_id,
        p1_0.projected_close_date,
        p1_0.status,
        p1_0.title,
        p1_0.updated_at 
    from
        pocs p1_0
Hibernate: 
    select
        u1_0.id,
        u1_0.email,
        u1_0.name,
        u1_0.password,
        u1_0.role 
    from
        users u1_0 
    where
        u1_0.id=?
Hibernate: 
    select
        p1_0.id,
        p1_0.created_at,
        p1_0.current_phase,
        p1_0.customer_name,
        p1_0.deal_value,
        p1_0.description,
        p1_0.end_date,
        p1_0.kickoff_date,
        p1_0.owner_id,
        p1_0.projected_close_date,
        p1_0.status,
        p1_0.title,
        p1_0.updated_at 
    from
        pocs p1_0
Hibernate: 
    select
        u1_0.id,
        u1_0.email,
        u1_0.name,
        u1_0.password,
        u1_0.role 
    from
        users u1_0 
    where
        u1_0.email=?
Hibernate: 
    select
        u1_0.id,
        u1_0.email,
        u1_0.name,
        u1_0.password,
        u1_0.role 
    from
        users u1_0 
    where
        u1_0.email=?
Hibernate: 
    select
        p1_0.id,
        p1_0.created_at,
        p1_0.current_phase,
        p1_0.customer_name,
        p1_0.deal_value,
        p1_0.description,
        p1_0.end_date,
        p1_0.kickoff_date,
        o1_0.id,
        o1_0.email,
        o1_0.name,
        o1_0.password,
        o1_0.role,
        p1_0.owner_id,
        p1_0.projected_close_date,
        p1_0.status,
        p1_0.title,
        p1_0.updated_at 
    from
        pocs p1_0 
    left join
        users o1_0 
            on o1_0.id=p1_0.owner_id 
    where
        p1_0.id=?
Hibernate: 
    select
        p1_0.id,
        p1_0.created_at,
        p1_0.current_phase,
        p1_0.customer_name,
        p1_0.deal_value,
        p1_0.description,
        p1_0.end_date,
        p1_0.kickoff_date,
        p1_0.owner_id,
        p1_0.projected_close_date,
        p1_0.status,
        p1_0.title,
        p1_0.updated_at 
    from
        pocs p1_0 
    where
        p1_0.id=?
Hibernate: 
    select
        u1_0.id,
        u1_0.email,
        u1_0.name,
        u1_0.password,
        u1_0.role 
    from
        users u1_0 
    where
        u1_0.id=?
Hibernate: 
    select
        r1_0.id,
        r1_0.completed,
        r1_0.completed_at,
        r1_0.description,
        r1_0.display_order,
        r1_0.notes,
        r1_0.phase,
        r1_0.poc_id 
    from
        requirements r1_0 
    where
        r1_0.poc_id=? 
        and r1_0.phase=? 
    order by
        r1_0.display_order
Hibernate: 
    select
        u1_0.id,
        u1_0.email,
        u1_0.name,
        u1_0.password,
        u1_0.role 
    from
        users u1_0 
    where
        u1_0.email=?
Hibernate: 
    select
        p1_0.id,
        p1_0.created_at,
        p1_0.current_phase,
        p1_0.customer_name,
        p1_0.deal_value,
        p1_0.description,
        p1_0.end_date,
        p1_0.kickoff_date,
        o1_0.id,
        o1_0.email,
        o1_0.name,
        o1_0.password,
        o1_0.role,
        p1_0.owner_id,
        p1_0.projected_close_date,
        p1_0.status,
        p1_0.title,
        p1_0.updated_at 
    from
        pocs p1_0 
    left join
        users o1_0 
            on o1_0.id=p1_0.owner_id 
    where
        p1_0.id=?
Hibernate: 
    select
        u1_0.id,
        u1_0.email,
        u1_0.name,
        u1_0.password,
        u1_0.role 
    from
        users u1_0 
    where
        u1_0.email=?
Hibernate: 
    select
        p1_0.id,
        p1_0.created_at,
        p1_0.current_phase,
        p1_0.customer_name,
        p1_0.deal_value,
        p1_0.description,
        p1_0.end_date,
        p1_0.kickoff_date,
        p1_0.owner_id,
        p1_0.projected_close_date,
        p1_0.status,
        p1_0.title,
        p1_0.updated_at 
    from
        pocs p1_0 
    where
        p1_0.id=?
Hibernate: 
    select
        u1_0.id,
        u1_0.email,
        u1_0.name,
        u1_0.password,
        u1_0.role 
    from
        users u1_0 
    where
        u1_0.id=?
Hibernate: 
    select
        r1_0.id,
        r1_0.completed,
        r1_0.completed_at,
        r1_0.description,
        r1_0.display_order,
        r1_0.notes,
        r1_0.phase,
        r1_0.poc_id 
    from
        requirements r1_0 
    where
        r1_0.poc_id=? 
        and r1_0.phase=? 
    order by
        r1_0.display_order
Hibernate: 
    select
        u1_0.id,
        u1_0.email,
        u1_0.name,
        u1_0.password,
        u1_0.role 
    from
        users u1_0 
    where
        u1_0.email=?
2025-11-21T15:35:19.415-08:00  INFO 69004 --- [ai-crm-dash] [nio-8080-exec-1] c.e.a.service.RequirementService         : Updating requirement: id=1, pocId=1, completed=true
Hibernate: 
    select
        p1_0.id,
        p1_0.created_at,
        p1_0.current_phase,
        p1_0.customer_name,
        p1_0.deal_value,
        p1_0.description,
        p1_0.end_date,
        p1_0.kickoff_date,
        p1_0.owner_id,
        p1_0.projected_close_date,
        p1_0.status,
        p1_0.title,
        p1_0.updated_at 
    from
        pocs p1_0 
    where
        p1_0.id=?
Hibernate: 
    select
        u1_0.id,
        u1_0.email,
        u1_0.name,
        u1_0.password,
        u1_0.role 
    from
        users u1_0 
    where
        u1_0.id=?
Hibernate: 
    select
        r1_0.id,
        r1_0.completed,
        r1_0.completed_at,
        r1_0.description,
        r1_0.display_order,
        r1_0.notes,
        r1_0.phase,
        r1_0.poc_id 
    from
        requirements r1_0 
    where
        r1_0.id=?
2025-11-21T15:35:19.421-08:00  INFO 69004 --- [ai-crm-dash] [nio-8080-exec-1] c.e.a.service.RequirementService         : Requirement updated successfully: id=1, completed=true
Hibernate: 
    update
        requirements 
    set
        completed=?,
        completed_at=?,
        description=?,
        display_order=?,
        notes=?,
        phase=? 
    where
        id=?
Hibernate: 
    select
        u1_0.id,
        u1_0.email,
        u1_0.name,
        u1_0.password,
        u1_0.role 
    from
        users u1_0 
    where
        u1_0.email=?
2025-11-21T15:35:21.165-08:00  INFO 69004 --- [ai-crm-dash] [nio-8080-exec-6] c.e.a.service.RequirementService         : Updating requirement: id=2, pocId=1, completed=true
Hibernate: 
    select
        p1_0.id,
        p1_0.created_at,
        p1_0.current_phase,
        p1_0.customer_name,
        p1_0.deal_value,
        p1_0.description,
        p1_0.end_date,
        p1_0.kickoff_date,
        p1_0.owner_id,
        p1_0.projected_close_date,
        p1_0.status,
        p1_0.title,
        p1_0.updated_at 
    from
        pocs p1_0 
    where
        p1_0.id=?
Hibernate: 
    select
        u1_0.id,
        u1_0.email,
        u1_0.name,
        u1_0.password,
        u1_0.role 
    from
        users u1_0 
    where
        u1_0.id=?
Hibernate: 
    select
        r1_0.id,
        r1_0.completed,
        r1_0.completed_at,
        r1_0.description,
        r1_0.display_order,
        r1_0.notes,
        r1_0.phase,
        r1_0.poc_id 
    from
        requirements r1_0 
    where
        r1_0.id=?
2025-11-21T15:35:21.167-08:00  INFO 69004 --- [ai-crm-dash] [nio-8080-exec-6] c.e.a.service.RequirementService         : Requirement updated successfully: id=2, completed=true
Hibernate: 
    update
        requirements 
    set
        completed=?,
        completed_at=?,
        description=?,
        display_order=?,
        notes=?,
        phase=? 
    where
        id=?
Hibernate: 
    select
        u1_0.id,
        u1_0.email,
        u1_0.name,
        u1_0.password,
        u1_0.role 
    from
        users u1_0 
    where
        u1_0.email=?
2025-11-21T15:35:22.393-08:00  INFO 69004 --- [ai-crm-dash] [nio-8080-exec-7] c.e.a.service.RequirementService         : Updating requirement: id=3, pocId=1, completed=true
Hibernate: 
    select
        p1_0.id,
        p1_0.created_at,
        p1_0.current_phase,
        p1_0.customer_name,
        p1_0.deal_value,
        p1_0.description,
        p1_0.end_date,
        p1_0.kickoff_date,
        p1_0.owner_id,
        p1_0.projected_close_date,
        p1_0.status,
        p1_0.title,
        p1_0.updated_at 
    from
        pocs p1_0 
    where
        p1_0.id=?
Hibernate: 
    select
        u1_0.id,
        u1_0.email,
        u1_0.name,
        u1_0.password,
        u1_0.role 
    from
        users u1_0 
    where
        u1_0.id=?
Hibernate: 
    select
        r1_0.id,
        r1_0.completed,
        r1_0.completed_at,
        r1_0.description,
        r1_0.display_order,
        r1_0.notes,
        r1_0.phase,
        r1_0.poc_id 
    from
        requirements r1_0 
    where
        r1_0.id=?
2025-11-21T15:35:22.395-08:00  INFO 69004 --- [ai-crm-dash] [nio-8080-exec-7] c.e.a.service.RequirementService         : Requirement updated successfully: id=3, completed=true
Hibernate: 
    update
        requirements 
    set
        completed=?,
        completed_at=?,
        description=?,
        display_order=?,
        notes=?,
        phase=? 
    where
        id=?
Hibernate: 
    select
        u1_0.id,
        u1_0.email,
        u1_0.name,
        u1_0.password,
        u1_0.role 
    from
        users u1_0 
    where
        u1_0.email=?
2025-11-21T15:35:23.542-08:00  INFO 69004 --- [ai-crm-dash] [nio-8080-exec-2] c.e.a.service.RequirementService         : Updating requirement: id=4, pocId=1, completed=true
Hibernate: 
    select
        p1_0.id,
        p1_0.created_at,
        p1_0.current_phase,
        p1_0.customer_name,
        p1_0.deal_value,
        p1_0.description,
        p1_0.end_date,
        p1_0.kickoff_date,
        p1_0.owner_id,
        p1_0.projected_close_date,
        p1_0.status,
        p1_0.title,
        p1_0.updated_at 
    from
        pocs p1_0 
    where
        p1_0.id=?
Hibernate: 
    select
        u1_0.id,
        u1_0.email,
        u1_0.name,
        u1_0.password,
        u1_0.role 
    from
        users u1_0 
    where
        u1_0.id=?
Hibernate: 
    select
        r1_0.id,
        r1_0.completed,
        r1_0.completed_at,
        r1_0.description,
        r1_0.display_order,
        r1_0.notes,
        r1_0.phase,
        r1_0.poc_id 
    from
        requirements r1_0 
    where
        r1_0.id=?
2025-11-21T15:35:23.545-08:00  INFO 69004 --- [ai-crm-dash] [nio-8080-exec-2] c.e.a.service.RequirementService         : Requirement updated successfully: id=4, completed=true
Hibernate: 
    update
        requirements 
    set
        completed=?,
        completed_at=?,
        description=?,
        display_order=?,
        notes=?,
        phase=? 
    where
        id=?
Hibernate: 
    select
        u1_0.id,
        u1_0.email,
        u1_0.name,
        u1_0.password,
        u1_0.role 
    from
        users u1_0 
    where
        u1_0.email=?
2025-11-21T15:35:24.822-08:00  INFO 69004 --- [ai-crm-dash] [nio-8080-exec-3] c.e.a.service.RequirementService         : Updating requirement: id=5, pocId=1, completed=true
Hibernate: 
    select
        p1_0.id,
        p1_0.created_at,
        p1_0.current_phase,
        p1_0.customer_name,
        p1_0.deal_value,
        p1_0.description,
        p1_0.end_date,
        p1_0.kickoff_date,
        p1_0.owner_id,
        p1_0.projected_close_date,
        p1_0.status,
        p1_0.title,
        p1_0.updated_at 
    from
        pocs p1_0 
    where
        p1_0.id=?
Hibernate: 
    select
        u1_0.id,
        u1_0.email,
        u1_0.name,
        u1_0.password,
        u1_0.role 
    from
        users u1_0 
    where
        u1_0.id=?
Hibernate: 
    select
        r1_0.id,
        r1_0.completed,
        r1_0.completed_at,
        r1_0.description,
        r1_0.display_order,
        r1_0.notes,
        r1_0.phase,
        r1_0.poc_id 
    from
        requirements r1_0 
    where
        r1_0.id=?
2025-11-21T15:35:24.824-08:00  INFO 69004 --- [ai-crm-dash] [nio-8080-exec-3] c.e.a.service.RequirementService         : Requirement updated successfully: id=5, completed=true
Hibernate: 
    update
        requirements 
    set
        completed=?,
        completed_at=?,
        description=?,
        display_order=?,
        notes=?,
        phase=? 
    where
        id=?
Hibernate: 
    select
        u1_0.id,
        u1_0.email,
        u1_0.name,
        u1_0.password,
        u1_0.role 
    from
        users u1_0 
    where
        u1_0.email=?
2025-11-21T15:35:39.588-08:00  INFO 69004 --- [ai-crm-dash] [nio-8080-exec-4] c.e.a.service.RequirementService         : Updating requirement: id=1, pocId=1, completed=null
Hibernate: 
    select
        p1_0.id,
        p1_0.created_at,
        p1_0.current_phase,
        p1_0.customer_name,
        p1_0.deal_value,
        p1_0.description,
        p1_0.end_date,
        p1_0.kickoff_date,
        p1_0.owner_id,
        p1_0.projected_close_date,
        p1_0.status,
        p1_0.title,
        p1_0.updated_at 
    from
        pocs p1_0 
    where
        p1_0.id=?
Hibernate: 
    select
        u1_0.id,
        u1_0.email,
        u1_0.name,
        u1_0.password,
        u1_0.role 
    from
        users u1_0 
    where
        u1_0.id=?
Hibernate: 
    select
        r1_0.id,
        r1_0.completed,
        r1_0.completed_at,
        r1_0.description,
        r1_0.display_order,
        r1_0.notes,
        r1_0.phase,
        r1_0.poc_id 
    from
        requirements r1_0 
    where
        r1_0.id=?
2025-11-21T15:35:39.589-08:00  INFO 69004 --- [ai-crm-dash] [nio-8080-exec-4] c.e.a.service.RequirementService         : Requirement updated successfully: id=1, completed=true
Hibernate: 
    update
        requirements 
    set
        completed=?,
        completed_at=?,
        description=?,
        display_order=?,
        notes=?,
        phase=? 
    where
        id=?
Hibernate: 
    select
        u1_0.id,
        u1_0.email,
        u1_0.name,
        u1_0.password,
        u1_0.role 
    from
        users u1_0 
    where
        u1_0.email=?
2025-11-21T15:35:47.575-08:00  INFO 69004 --- [ai-crm-dash] [nio-8080-exec-8] c.e.a.service.RequirementService         : Updating requirement: id=2, pocId=1, completed=null
Hibernate: 
    select
        p1_0.id,
        p1_0.created_at,
        p1_0.current_phase,
        p1_0.customer_name,
        p1_0.deal_value,
        p1_0.description,
        p1_0.end_date,
        p1_0.kickoff_date,
        p1_0.owner_id,
        p1_0.projected_close_date,
        p1_0.status,
        p1_0.title,
        p1_0.updated_at 
    from
        pocs p1_0 
    where
        p1_0.id=?
Hibernate: 
    select
        u1_0.id,
        u1_0.email,
        u1_0.name,
        u1_0.password,
        u1_0.role 
    from
        users u1_0 
    where
        u1_0.id=?
Hibernate: 
    select
        r1_0.id,
        r1_0.completed,
        r1_0.completed_at,
        r1_0.description,
        r1_0.display_order,
        r1_0.notes,
        r1_0.phase,
        r1_0.poc_id 
    from
        requirements r1_0 
    where
        r1_0.id=?
2025-11-21T15:35:47.577-08:00  INFO 69004 --- [ai-crm-dash] [nio-8080-exec-8] c.e.a.service.RequirementService         : Requirement updated successfully: id=2, completed=true
Hibernate: 
    update
        requirements 
    set
        completed=?,
        completed_at=?,
        description=?,
        display_order=?,
        notes=?,
        phase=? 
    where
        id=?
Hibernate: 
    select
        u1_0.id,
        u1_0.email,
        u1_0.name,
        u1_0.password,
        u1_0.role 
    from
        users u1_0 
    where
        u1_0.email=?
2025-11-21T15:36:03.189-08:00  INFO 69004 --- [ai-crm-dash] [nio-8080-exec-5] c.e.a.service.RequirementService         : Updating requirement: id=3, pocId=1, completed=null
Hibernate: 
    select
        p1_0.id,
        p1_0.created_at,
        p1_0.current_phase,
        p1_0.customer_name,
        p1_0.deal_value,
        p1_0.description,
        p1_0.end_date,
        p1_0.kickoff_date,
        p1_0.owner_id,
        p1_0.projected_close_date,
        p1_0.status,
        p1_0.title,
        p1_0.updated_at 
    from
        pocs p1_0 
    where
        p1_0.id=?
Hibernate: 
    select
        u1_0.id,
        u1_0.email,
        u1_0.name,
        u1_0.password,
        u1_0.role 
    from
        users u1_0 
    where
        u1_0.id=?
Hibernate: 
    select
        r1_0.id,
        r1_0.completed,
        r1_0.completed_at,
        r1_0.description,
        r1_0.display_order,
        r1_0.notes,
        r1_0.phase,
        r1_0.poc_id 
    from
        requirements r1_0 
    where
        r1_0.id=?
2025-11-21T15:36:03.192-08:00  INFO 69004 --- [ai-crm-dash] [nio-8080-exec-5] c.e.a.service.RequirementService         : Requirement updated successfully: id=3, completed=true
Hibernate: 
    update
        requirements 
    set
        completed=?,
        completed_at=?,
        description=?,
        display_order=?,
        notes=?,
        phase=? 
    where
        id=?
Hibernate: 
    select
        u1_0.id,
        u1_0.email,
        u1_0.name,
        u1_0.password,
        u1_0.role 
    from
        users u1_0 
    where
        u1_0.email=?
2025-11-21T15:36:38.031-08:00  INFO 69004 --- [ai-crm-dash] [io-8080-exec-10] c.e.a.service.RequirementService         : Updating requirement: id=4, pocId=1, completed=null
Hibernate: 
    select
        p1_0.id,
        p1_0.created_at,
        p1_0.current_phase,
        p1_0.customer_name,
        p1_0.deal_value,
        p1_0.description,
        p1_0.end_date,
        p1_0.kickoff_date,
        p1_0.owner_id,
        p1_0.projected_close_date,
        p1_0.status,
        p1_0.title,
        p1_0.updated_at 
    from
        pocs p1_0 
    where
        p1_0.id=?
Hibernate: 
    select
        u1_0.id,
        u1_0.email,
        u1_0.name,
        u1_0.password,
        u1_0.role 
    from
        users u1_0 
    where
        u1_0.id=?
Hibernate: 
    select
        r1_0.id,
        r1_0.completed,
        r1_0.completed_at,
        r1_0.description,
        r1_0.display_order,
        r1_0.notes,
        r1_0.phase,
        r1_0.poc_id 
    from
        requirements r1_0 
    where
        r1_0.id=?
2025-11-21T15:36:38.033-08:00  INFO 69004 --- [ai-crm-dash] [io-8080-exec-10] c.e.a.service.RequirementService         : Requirement updated successfully: id=4, completed=true
Hibernate: 
    update
        requirements 
    set
        completed=?,
        completed_at=?,
        description=?,
        display_order=?,
        notes=?,
        phase=? 
    where
        id=?
Hibernate: 
    select
        u1_0.id,
        u1_0.email,
        u1_0.name,
        u1_0.password,
        u1_0.role 
    from
        users u1_0 
    where
        u1_0.email=?
2025-11-21T15:36:48.152-08:00  INFO 69004 --- [ai-crm-dash] [nio-8080-exec-9] c.e.a.service.RequirementService         : Updating requirement: id=5, pocId=1, completed=null
Hibernate: 
    select
        p1_0.id,
        p1_0.created_at,
        p1_0.current_phase,
        p1_0.customer_name,
        p1_0.deal_value,
        p1_0.description,
        p1_0.end_date,
        p1_0.kickoff_date,
        p1_0.owner_id,
        p1_0.projected_close_date,
        p1_0.status,
        p1_0.title,
        p1_0.updated_at 
    from
        pocs p1_0 
    where
        p1_0.id=?
Hibernate: 
    select
        u1_0.id,
        u1_0.email,
        u1_0.name,
        u1_0.password,
        u1_0.role 
    from
        users u1_0 
    where
        u1_0.id=?
Hibernate: 
    select
        r1_0.id,
        r1_0.completed,
        r1_0.completed_at,
        r1_0.description,
        r1_0.display_order,
        r1_0.notes,
        r1_0.phase,
        r1_0.poc_id 
    from
        requirements r1_0 
    where
        r1_0.id=?
2025-11-21T15:36:48.154-08:00  INFO 69004 --- [ai-crm-dash] [nio-8080-exec-9] c.e.a.service.RequirementService         : Requirement updated successfully: id=5, completed=true
Hibernate: 
    update
        requirements 
    set
        completed=?,
        completed_at=?,
        description=?,
        display_order=?,
        notes=?,
        phase=? 
    where
        id=?
Hibernate: 
    select
        u1_0.id,
        u1_0.email,
        u1_0.name,
        u1_0.password,
        u1_0.role 
    from
        users u1_0 
    where
        u1_0.email=?
2025-11-21T15:36:49.875-08:00  INFO 69004 --- [ai-crm-dash] [nio-8080-exec-1] c.example.aicrmdash.service.PocService   : Advancing phase for POC: id=1
Hibernate: 
    select
        p1_0.id,
        p1_0.created_at,
        p1_0.current_phase,
        p1_0.customer_name,
        p1_0.deal_value,
        p1_0.description,
        p1_0.end_date,
        p1_0.kickoff_date,
        o1_0.id,
        o1_0.email,
        o1_0.name,
        o1_0.password,
        o1_0.role,
        p1_0.owner_id,
        p1_0.projected_close_date,
        p1_0.status,
        p1_0.title,
        p1_0.updated_at 
    from
        pocs p1_0 
    left join
        users o1_0 
            on o1_0.id=p1_0.owner_id 
    where
        p1_0.id=?
Hibernate: 
    select
        r1_0.id,
        r1_0.completed,
        r1_0.completed_at,
        r1_0.description,
        r1_0.display_order,
        r1_0.notes,
        r1_0.phase,
        r1_0.poc_id 
    from
        requirements r1_0 
    where
        r1_0.poc_id=? 
        and r1_0.phase=? 
    order by
        r1_0.display_order
Hibernate: 
    select
        r1_0.poc_id,
        r1_0.id,
        r1_0.completed,
        r1_0.completed_at,
        r1_0.description,
        r1_0.display_order,
        r1_0.notes,
        r1_0.phase 
    from
        requirements r1_0 
    where
        r1_0.poc_id=?
Hibernate: 
    insert 
    into
        requirements
        (poc_id, completed, completed_at, description, display_order, notes, phase, id) 
    values
        (?, ?, ?, ?, ?, ?, ?, default)
Hibernate: 
    insert 
    into
        requirements
        (poc_id, completed, completed_at, description, display_order, notes, phase, id) 
    values
        (?, ?, ?, ?, ?, ?, ?, default)
Hibernate: 
    insert 
    into
        requirements
        (poc_id, completed, completed_at, description, display_order, notes, phase, id) 
    values
        (?, ?, ?, ?, ?, ?, ?, default)
Hibernate: 
    insert 
    into
        requirements
        (poc_id, completed, completed_at, description, display_order, notes, phase, id) 
    values
        (?, ?, ?, ?, ?, ?, ?, default)
Hibernate: 
    insert 
    into
        requirements
        (poc_id, completed, completed_at, description, display_order, notes, phase, id) 
    values
        (?, ?, ?, ?, ?, ?, ?, default)
Hibernate: 
    insert 
    into
        phase_transitions
        (from_phase, poc_id, to_phase, transitioned_at, transitioned_by, id) 
    values
        (?, ?, ?, ?, ?, default)
2025-11-21T15:36:49.893-08:00  INFO 69004 --- [ai-crm-dash] [nio-8080-exec-1] c.example.aicrmdash.service.PocService   : Phase transition recorded: pocId=1, from=PLANNING, to=PLANNING, by user=1
2025-11-21T15:36:49.893-08:00  INFO 69004 --- [ai-crm-dash] [nio-8080-exec-1] c.example.aicrmdash.service.PocService   : POC phase advanced successfully: id=1, from PLANNING to PLANNING
Hibernate: 
    update
        pocs 
    set
        current_phase=?,
        customer_name=?,
        deal_value=?,
        description=?,
        end_date=?,
        kickoff_date=?,
        owner_id=?,
        projected_close_date=?,
        status=?,
        title=?,
        updated_at=? 
    where
        id=?
Hibernate: 
    update
        requirements 
    set
        poc_id=? 
    where
        id=?
Hibernate: 
    update
        requirements 
    set
        poc_id=? 
    where
        id=?
Hibernate: 
    update
        requirements 
    set
        poc_id=? 
    where
        id=?
Hibernate: 
    update
        requirements 
    set
        poc_id=? 
    where
        id=?
Hibernate: 
    update
        requirements 
    set
        poc_id=? 
    where
        id=?
Hibernate: 
    select
        p1_0.id,
        p1_0.created_at,
        p1_0.current_phase,
        p1_0.customer_name,
        p1_0.deal_value,
        p1_0.description,
        p1_0.end_date,
        p1_0.kickoff_date,
        o1_0.id,
        o1_0.email,
        o1_0.name,
        o1_0.password,
        o1_0.role,
        p1_0.owner_id,
        p1_0.projected_close_date,
        p1_0.status,
        p1_0.title,
        p1_0.updated_at 
    from
        pocs p1_0 
    left join
        users o1_0 
            on o1_0.id=p1_0.owner_id 
    where
        p1_0.id=?
Hibernate: 
    select
        u1_0.id,
        u1_0.email,
        u1_0.name,
        u1_0.password,
        u1_0.role 
    from
        users u1_0 
    where
        u1_0.email=?
Hibernate: 
    select
        u1_0.id,
        u1_0.email,
        u1_0.name,
        u1_0.password,
        u1_0.role 
    from
        users u1_0 
    where
        u1_0.email=?
Hibernate: 
    select
        p1_0.id,
        p1_0.created_at,
        p1_0.current_phase,
        p1_0.customer_name,
        p1_0.deal_value,
        p1_0.description,
        p1_0.end_date,
        p1_0.kickoff_date,
        p1_0.owner_id,
        p1_0.projected_close_date,
        p1_0.status,
        p1_0.title,
        p1_0.updated_at 
    from
        pocs p1_0 
    where
        p1_0.id=?
Hibernate: 
    select
        p1_0.id,
        p1_0.created_at,
        p1_0.current_phase,
        p1_0.customer_name,
        p1_0.deal_value,
        p1_0.description,
        p1_0.end_date,
        p1_0.kickoff_date,
        o1_0.id,
        o1_0.email,
        o1_0.name,
        o1_0.password,
        o1_0.role,
        p1_0.owner_id,
        p1_0.projected_close_date,
        p1_0.status,
        p1_0.title,
        p1_0.updated_at 
    from
        pocs p1_0 
    left join
        users o1_0 
            on o1_0.id=p1_0.owner_id 
    where
        p1_0.id=?
Hibernate: 
    select
        u1_0.id,
        u1_0.email,
        u1_0.name,
        u1_0.password,
        u1_0.role 
    from
        users u1_0 
    where
        u1_0.id=?
Hibernate: 
    select
        r1_0.id,
        r1_0.completed,
        r1_0.completed_at,
        r1_0.description,
        r1_0.display_order,
        r1_0.notes,
        r1_0.phase,
        r1_0.poc_id 
    from
        requirements r1_0 
    where
        r1_0.poc_id=? 
        and r1_0.phase=? 
    order by
        r1_0.display_order
Hibernate: 
    select
        u1_0.id,
        u1_0.email,
        u1_0.name,
        u1_0.password,
        u1_0.role 
    from
        users u1_0 
    where
        u1_0.email=?
Hibernate: 
    select
        u1_0.id,
        u1_0.email,
        u1_0.name,
        u1_0.password,
        u1_0.role 
    from
        users u1_0 
    where
        u1_0.email=?
2025-11-21T15:37:11.181-08:00  INFO 69004 --- [ai-crm-dash] [nio-8080-exec-3] c.example.aicrmdash.service.UserService  : Retrieving all users
Hibernate: 
    select
        u1_0.id,
        u1_0.email,
        u1_0.name,
        u1_0.password,
        u1_0.role 
    from
        users u1_0
Hibernate: 
    select
        p1_0.id,
        p1_0.created_at,
        p1_0.current_phase,
        p1_0.customer_name,
        p1_0.deal_value,
        p1_0.description,
        p1_0.end_date,
        p1_0.kickoff_date,
        p1_0.owner_id,
        p1_0.projected_close_date,
        p1_0.status,
        p1_0.title,
        p1_0.updated_at 
    from
        pocs p1_0
2025-11-21T15:37:11.182-08:00  INFO 69004 --- [ai-crm-dash] [nio-8080-exec-3] c.example.aicrmdash.service.UserService  : Retrieved 3 users
Hibernate: 
    select
        u1_0.id,
        u1_0.email,
        u1_0.name,
        u1_0.password,
        u1_0.role 
    from
        users u1_0 
    where
        u1_0.id=?
Hibernate: 
    select
        p1_0.id,
        p1_0.created_at,
        p1_0.current_phase,
        p1_0.customer_name,
        p1_0.deal_value,
        p1_0.description,
        p1_0.end_date,
        p1_0.kickoff_date,
        p1_0.owner_id,
        p1_0.projected_close_date,
        p1_0.status,
        p1_0.title,
        p1_0.updated_at 
    from
        pocs p1_0
Hibernate: 
    select
        u1_0.id,
        u1_0.email,
        u1_0.name,
        u1_0.password,
        u1_0.role 
    from
        users u1_0 
    where
        u1_0.email=?
2025-11-21T15:37:11.187-08:00  INFO 69004 --- [ai-crm-dash] [nio-8080-exec-4] c.example.aicrmdash.service.UserService  : Retrieving all users
Hibernate: 
    select
        u1_0.id,
        u1_0.email,
        u1_0.name,
        u1_0.password,
        u1_0.role 
    from
        users u1_0
2025-11-21T15:37:11.187-08:00  INFO 69004 --- [ai-crm-dash] [nio-8080-exec-4] c.example.aicrmdash.service.UserService  : Retrieved 3 users
Hibernate: 
    select
        u1_0.id,
        u1_0.email,
        u1_0.name,
        u1_0.password,
        u1_0.role 
    from
        users u1_0 
    where
        u1_0.email=?
Hibernate: 
    select
        p1_0.id,
        p1_0.created_at,
        p1_0.current_phase,
        p1_0.customer_name,
        p1_0.deal_value,
        p1_0.description,
        p1_0.end_date,
        p1_0.kickoff_date,
        p1_0.owner_id,
        p1_0.projected_close_date,
        p1_0.status,
        p1_0.title,
        p1_0.updated_at 
    from
        pocs p1_0
Hibernate: 
    select
        u1_0.id,
        u1_0.email,
        u1_0.name,
        u1_0.password,
        u1_0.role 
    from
        users u1_0 
    where
        u1_0.id=?
Hibernate: 
    select
        p1_0.id,
        p1_0.created_at,
        p1_0.current_phase,
        p1_0.customer_name,
        p1_0.deal_value,
        p1_0.description,
        p1_0.end_date,
        p1_0.kickoff_date,
        p1_0.owner_id,
        p1_0.projected_close_date,
        p1_0.status,
        p1_0.title,
        p1_0.updated_at 
    from
        pocs p1_0
Hibernate: 
    select
        u1_0.id,
        u1_0.email,
        u1_0.name,
        u1_0.password,
        u1_0.role 
    from
        users u1_0 
    where
        u1_0.email=?
Hibernate: 
    select
        u1_0.id,
        u1_0.email,
        u1_0.name,
        u1_0.password,
        u1_0.role 
    from
        users u1_0 
    where
        u1_0.email=?
Hibernate: 
    select
        p1_0.id,
        p1_0.created_at,
        p1_0.current_phase,
        p1_0.customer_name,
        p1_0.deal_value,
        p1_0.description,
        p1_0.end_date,
        p1_0.kickoff_date,
        o1_0.id,
        o1_0.email,
        o1_0.name,
        o1_0.password,
        o1_0.role,
        p1_0.owner_id,
        p1_0.projected_close_date,
        p1_0.status,
        p1_0.title,
        p1_0.updated_at 
    from
        pocs p1_0 
    left join
        users o1_0 
            on o1_0.id=p1_0.owner_id 
    where
        p1_0.id=?
Hibernate: 
    select
        p1_0.id,
        p1_0.created_at,
        p1_0.current_phase,
        p1_0.customer_name,
        p1_0.deal_value,
        p1_0.description,
        p1_0.end_date,
        p1_0.kickoff_date,
        p1_0.owner_id,
        p1_0.projected_close_date,
        p1_0.status,
        p1_0.title,
        p1_0.updated_at 
    from
        pocs p1_0 
    where
        p1_0.id=?
Hibernate: 
    select
        u1_0.id,
        u1_0.email,
        u1_0.name,
        u1_0.password,
        u1_0.role 
    from
        users u1_0 
    where
        u1_0.id=?
Hibernate: 
    select
        r1_0.id,
        r1_0.completed,
        r1_0.completed_at,
        r1_0.description,
        r1_0.display_order,
        r1_0.notes,
        r1_0.phase,
        r1_0.poc_id 
    from
        requirements r1_0 
    where
        r1_0.poc_id=? 
        and r1_0.phase=? 
    order by
        r1_0.display_order
Hibernate: 
    select
        u1_0.id,
        u1_0.email,
        u1_0.name,
        u1_0.password,
        u1_0.role 
    from
        users u1_0 
    where
        u1_0.email=?
Hibernate: 
    select
        p1_0.id,
        p1_0.created_at,
        p1_0.current_phase,
        p1_0.customer_name,
        p1_0.deal_value,
        p1_0.description,
        p1_0.end_date,
        p1_0.kickoff_date,
        o1_0.id,
        o1_0.email,
        o1_0.name,
        o1_0.password,
        o1_0.role,
        p1_0.owner_id,
        p1_0.projected_close_date,
        p1_0.status,
        p1_0.title,
        p1_0.updated_at 
    from
        pocs p1_0 
    left join
        users o1_0 
            on o1_0.id=p1_0.owner_id 
    where
        p1_0.id=?
Hibernate: 
    select
        u1_0.id,
        u1_0.email,
        u1_0.name,
        u1_0.password,
        u1_0.role 
    from
        users u1_0 
    where
        u1_0.email=?
Hibernate: 
    select
        p1_0.id,
        p1_0.created_at,
        p1_0.current_phase,
        p1_0.customer_name,
        p1_0.deal_value,
        p1_0.description,
        p1_0.end_date,
        p1_0.kickoff_date,
        p1_0.owner_id,
        p1_0.projected_close_date,
        p1_0.status,
        p1_0.title,
        p1_0.updated_at 
    from
        pocs p1_0 
    where
        p1_0.id=?
Hibernate: 
    select
        u1_0.id,
        u1_0.email,
        u1_0.name,
        u1_0.password,
        u1_0.role 
    from
        users u1_0 
    where
        u1_0.id=?
Hibernate: 
    select
        r1_0.id,
        r1_0.completed,
        r1_0.completed_at,
        r1_0.description,
        r1_0.display_order,
        r1_0.notes,
        r1_0.phase,
        r1_0.poc_id 
    from
        requirements r1_0 
    where
        r1_0.poc_id=? 
        and r1_0.phase=? 
    order by
        r1_0.display_order
Hibernate: 
    select
        u1_0.id,
        u1_0.email,
        u1_0.name,
        u1_0.password,
        u1_0.role 
    from
        users u1_0 
    where
        u1_0.email=?
2025-11-21T15:37:23.192-08:00  INFO 69004 --- [ai-crm-dash] [nio-8080-exec-6] c.example.aicrmdash.service.UserService  : Retrieving all users
Hibernate: 
    select
        u1_0.id,
        u1_0.email,
        u1_0.name,
        u1_0.password,
        u1_0.role 
    from
        users u1_0
2025-11-21T15:37:23.193-08:00  INFO 69004 --- [ai-crm-dash] [nio-8080-exec-6] c.example.aicrmdash.service.UserService  : Retrieved 3 users
Hibernate: 
    select
        u1_0.id,
        u1_0.email,
        u1_0.name,
        u1_0.password,
        u1_0.role 
    from
        users u1_0 
    where
        u1_0.email=?
Hibernate: 
    select
        p1_0.id,
        p1_0.created_at,
        p1_0.current_phase,
        p1_0.customer_name,
        p1_0.deal_value,
        p1_0.description,
        p1_0.end_date,
        p1_0.kickoff_date,
        o1_0.id,
        o1_0.email,
        o1_0.name,
        o1_0.password,
        o1_0.role,
        p1_0.owner_id,
        p1_0.projected_close_date,
        p1_0.status,
        p1_0.title,
        p1_0.updated_at 
    from
        pocs p1_0 
    left join
        users o1_0 
            on o1_0.id=p1_0.owner_id 
    where
        p1_0.id=?
Hibernate: 
    select
        u1_0.id,
        u1_0.email,
        u1_0.name,
        u1_0.password,
        u1_0.role 
    from
        users u1_0 
    where
        u1_0.email=?
2025-11-21T15:37:23.199-08:00  INFO 69004 --- [ai-crm-dash] [nio-8080-exec-3] c.example.aicrmdash.service.UserService  : Retrieving all users
Hibernate: 
    select
        u1_0.id,
        u1_0.email,
        u1_0.name,
        u1_0.password,
        u1_0.role 
    from
        users u1_0
2025-11-21T15:37:23.199-08:00  INFO 69004 --- [ai-crm-dash] [nio-8080-exec-3] c.example.aicrmdash.service.UserService  : Retrieved 3 users
Hibernate: 
    select
        u1_0.id,
        u1_0.email,
        u1_0.name,
        u1_0.password,
        u1_0.role 
    from
        users u1_0 
    where
        u1_0.email=?
Hibernate: 
    select
        p1_0.id,
        p1_0.created_at,
        p1_0.current_phase,
        p1_0.customer_name,
        p1_0.deal_value,
        p1_0.description,
        p1_0.end_date,
        p1_0.kickoff_date,
        o1_0.id,
        o1_0.email,
        o1_0.name,
        o1_0.password,
        o1_0.role,
        p1_0.owner_id,
        p1_0.projected_close_date,
        p1_0.status,
        p1_0.title,
        p1_0.updated_at 
    from
        pocs p1_0 
    left join
        users o1_0 
            on o1_0.id=p1_0.owner_id 
    where
        p1_0.id=?
Hibernate: 
    select
        u1_0.id,
        u1_0.email,
        u1_0.name,
        u1_0.password,
        u1_0.role 
    from
        users u1_0 
    where
        u1_0.email=?
Hibernate: 
    select
        u1_0.id,
        u1_0.email,
        u1_0.name,
        u1_0.password,
        u1_0.role 
    from
        users u1_0 
    where
        u1_0.email=?
Hibernate: 
    select
        p1_0.id,
        p1_0.created_at,
        p1_0.current_phase,
        p1_0.customer_name,
        p1_0.deal_value,
        p1_0.description,
        p1_0.end_date,
        p1_0.kickoff_date,
        p1_0.owner_id,
        p1_0.projected_close_date,
        p1_0.status,
        p1_0.title,
        p1_0.updated_at 
    from
        pocs p1_0 
    where
        p1_0.id=?
Hibernate: 
    select
        p1_0.id,
        p1_0.created_at,
        p1_0.current_phase,
        p1_0.customer_name,
        p1_0.deal_value,
        p1_0.description,
        p1_0.end_date,
        p1_0.kickoff_date,
        o1_0.id,
        o1_0.email,
        o1_0.name,
        o1_0.password,
        o1_0.role,
        p1_0.owner_id,
        p1_0.projected_close_date,
        p1_0.status,
        p1_0.title,
        p1_0.updated_at 
    from
        pocs p1_0 
    left join
        users o1_0 
            on o1_0.id=p1_0.owner_id 
    where
        p1_0.id=?
Hibernate: 
    select
        u1_0.id,
        u1_0.email,
        u1_0.name,
        u1_0.password,
        u1_0.role 
    from
        users u1_0 
    where
        u1_0.id=?
Hibernate: 
    select
        r1_0.id,
        r1_0.completed,
        r1_0.completed_at,
        r1_0.description,
        r1_0.display_order,
        r1_0.notes,
        r1_0.phase,
        r1_0.poc_id 
    from
        requirements r1_0 
    where
        r1_0.poc_id=? 
        and r1_0.phase=? 
    order by
        r1_0.display_order
Hibernate: 
    select
        u1_0.id,
        u1_0.email,
        u1_0.name,
        u1_0.password,
        u1_0.role 
    from
        users u1_0 
    where
        u1_0.email=?
Hibernate: 
    select
        p1_0.id,
        p1_0.created_at,
        p1_0.current_phase,
        p1_0.customer_name,
        p1_0.deal_value,
        p1_0.description,
        p1_0.end_date,
        p1_0.kickoff_date,
        o1_0.id,
        o1_0.email,
        o1_0.name,
        o1_0.password,
        o1_0.role,
        p1_0.owner_id,
        p1_0.projected_close_date,
        p1_0.status,
        p1_0.title,
        p1_0.updated_at 
    from
        pocs p1_0 
    left join
        users o1_0 
            on o1_0.id=p1_0.owner_id 
    where
        p1_0.id=?
Hibernate: 
    select
        u1_0.id,
        u1_0.email,
        u1_0.name,
        u1_0.password,
        u1_0.role 
    from
        users u1_0 
    where
        u1_0.email=?
Hibernate: 
    select
        p1_0.id,
        p1_0.created_at,
        p1_0.current_phase,
        p1_0.customer_name,
        p1_0.deal_value,
        p1_0.description,
        p1_0.end_date,
        p1_0.kickoff_date,
        p1_0.owner_id,
        p1_0.projected_close_date,
        p1_0.status,
        p1_0.title,
        p1_0.updated_at 
    from
        pocs p1_0 
    where
        p1_0.id=?
Hibernate: 
    select
        u1_0.id,
        u1_0.email,
        u1_0.name,
        u1_0.password,
        u1_0.role 
    from
        users u1_0 
    where
        u1_0.id=?
Hibernate: 
    select
        r1_0.id,
        r1_0.completed,
        r1_0.completed_at,
        r1_0.description,
        r1_0.display_order,
        r1_0.notes,
        r1_0.phase,
        r1_0.poc_id 
    from
        requirements r1_0 
    where
        r1_0.poc_id=? 
        and r1_0.phase=? 
    order by
        r1_0.display_order
Hibernate: 
    select
        u1_0.id,
        u1_0.email,
        u1_0.name,
        u1_0.password,
        u1_0.role 
    from
        users u1_0 
    where
        u1_0.email=?
Hibernate: 
    select
        u1_0.id,
        u1_0.email,
        u1_0.name,
        u1_0.password,
        u1_0.role 
    from
        users u1_0 
    where
        u1_0.email=?
Hibernate: 
    select
        p1_0.id,
        p1_0.created_at,
        p1_0.current_phase,
        p1_0.customer_name,
        p1_0.deal_value,
        p1_0.description,
        p1_0.end_date,
        p1_0.kickoff_date,
        p1_0.owner_id,
        p1_0.projected_close_date,
        p1_0.status,
        p1_0.title,
        p1_0.updated_at 
    from
        pocs p1_0 
    where
        p1_0.id=?
Hibernate: 
    select
        p1_0.id,
        p1_0.created_at,
        p1_0.current_phase,
        p1_0.customer_name,
        p1_0.deal_value,
        p1_0.description,
        p1_0.end_date,
        p1_0.kickoff_date,
        o1_0.id,
        o1_0.email,
        o1_0.name,
        o1_0.password,
        o1_0.role,
        p1_0.owner_id,
        p1_0.projected_close_date,
        p1_0.status,
        p1_0.title,
        p1_0.updated_at 
    from
        pocs p1_0 
    left join
        users o1_0 
            on o1_0.id=p1_0.owner_id 
    where
        p1_0.id=?
Hibernate: 
    select
        u1_0.id,
        u1_0.email,
        u1_0.name,
        u1_0.password,
        u1_0.role 
    from
        users u1_0 
    where
        u1_0.id=?
Hibernate: 
    select
        r1_0.id,
        r1_0.completed,
        r1_0.completed_at,
        r1_0.description,
        r1_0.display_order,
        r1_0.notes,
        r1_0.phase,
        r1_0.poc_id 
    from
        requirements r1_0 
    where
        r1_0.poc_id=? 
        and r1_0.phase=? 
    order by
        r1_0.display_order
Hibernate: 
    select
        u1_0.id,
        u1_0.email,
        u1_0.name,
        u1_0.password,
        u1_0.role 
    from
        users u1_0 
    where
        u1_0.email=?
Hibernate: 
    select
        u1_0.id,
        u1_0.email,
        u1_0.name,
        u1_0.password,
        u1_0.role 
    from
        users u1_0 
    where
        u1_0.email=?
Hibernate: 
    select
        p1_0.id,
        p1_0.created_at,
        p1_0.current_phase,
        p1_0.customer_name,
        p1_0.deal_value,
        p1_0.description,
        p1_0.end_date,
        p1_0.kickoff_date,
        o1_0.id,
        o1_0.email,
        o1_0.name,
        o1_0.password,
        o1_0.role,
        p1_0.owner_id,
        p1_0.projected_close_date,
        p1_0.status,
        p1_0.title,
        p1_0.updated_at 
    from
        pocs p1_0 
    left join
        users o1_0 
            on o1_0.id=p1_0.owner_id 
    where
        p1_0.id=?
Hibernate: 
    select
        p1_0.id,
        p1_0.created_at,
        p1_0.current_phase,
        p1_0.customer_name,
        p1_0.deal_value,
        p1_0.description,
        p1_0.end_date,
        p1_0.kickoff_date,
        p1_0.owner_id,
        p1_0.projected_close_date,
        p1_0.status,
        p1_0.title,
        p1_0.updated_at 
    from
        pocs p1_0 
    where
        p1_0.id=?
Hibernate: 
    select
        u1_0.id,
        u1_0.email,
        u1_0.name,
        u1_0.password,
        u1_0.role 
    from
        users u1_0 
    where
        u1_0.id=?
Hibernate: 
    select
        r1_0.id,
        r1_0.completed,
        r1_0.completed_at,
        r1_0.description,
        r1_0.display_order,
        r1_0.notes,
        r1_0.phase,
        r1_0.poc_id 
    from
        requirements r1_0 
    where
        r1_0.poc_id=? 
        and r1_0.phase=? 
    order by
        r1_0.display_order
Hibernate: 
    select
        u1_0.id,
        u1_0.email,
        u1_0.name,
        u1_0.password,
        u1_0.role 
    from
        users u1_0 
    where
        u1_0.email=?
Hibernate: 
    select
        u1_0.id,
        u1_0.email,
        u1_0.name,
        u1_0.password,
        u1_0.role 
    from
        users u1_0 
    where
        u1_0.email=?
2025-11-21T15:37:30.411-08:00  INFO 69004 --- [ai-crm-dash] [nio-8080-exec-2] c.e.aicrmdash.service.DashboardService   : Calculating dashboard summary metrics
Hibernate: 
    select
        p1_0.id,
        p1_0.created_at,
        p1_0.current_phase,
        p1_0.customer_name,
        p1_0.deal_value,
        p1_0.description,
        p1_0.end_date,
        p1_0.kickoff_date,
        p1_0.owner_id,
        p1_0.projected_close_date,
        p1_0.status,
        p1_0.title,
        p1_0.updated_at 
    from
        pocs p1_0
Hibernate: 
    select
        p1_0.id,
        p1_0.created_at,
        p1_0.current_phase,
        p1_0.customer_name,
        p1_0.deal_value,
        p1_0.description,
        p1_0.end_date,
        p1_0.kickoff_date,
        p1_0.owner_id,
        p1_0.projected_close_date,
        p1_0.status,
        p1_0.title,
        p1_0.updated_at 
    from
        pocs p1_0
Hibernate: 
    select
        u1_0.id,
        u1_0.email,
        u1_0.name,
        u1_0.password,
        u1_0.role 
    from
        users u1_0 
    where
        u1_0.id=?
Hibernate: 
    select
        u1_0.id,
        u1_0.email,
        u1_0.name,
        u1_0.password,
        u1_0.role 
    from
        users u1_0 
    where
        u1_0.id=?
Hibernate: 
    select
        p1_0.id,
        p1_0.created_at,
        p1_0.current_phase,
        p1_0.customer_name,
        p1_0.deal_value,
        p1_0.description,
        p1_0.end_date,
        p1_0.kickoff_date,
        p1_0.owner_id,
        p1_0.projected_close_date,
        p1_0.status,
        p1_0.title,
        p1_0.updated_at 
    from
        pocs p1_0
Hibernate: 
    select
        p1_0.id,
        p1_0.created_at,
        p1_0.current_phase,
        p1_0.customer_name,
        p1_0.deal_value,
        p1_0.description,
        p1_0.end_date,
        p1_0.kickoff_date,
        p1_0.owner_id,
        p1_0.projected_close_date,
        p1_0.status,
        p1_0.title,
        p1_0.updated_at 
    from
        pocs p1_0
2025-11-21T15:37:30.414-08:00  INFO 69004 --- [ai-crm-dash] [nio-8080-exec-2] c.e.aicrmdash.service.DashboardService   : Dashboard metrics calculated: activePocs=1, atRiskPocs=0, pipelineValue=1000000.00
Hibernate: 
    select
        u1_0.id,
        u1_0.email,
        u1_0.name,
        u1_0.password,
        u1_0.role 
    from
        users u1_0 
    where
        u1_0.email=?
Hibernate: 
    select
        u1_0.id,
        u1_0.email,
        u1_0.name,
        u1_0.password,
        u1_0.role 
    from
        users u1_0 
    where
        u1_0.email=?
2025-11-21T15:37:30.420-08:00  INFO 69004 --- [ai-crm-dash] [nio-8080-exec-8] c.e.aicrmdash.service.DashboardService   : Calculating dashboard summary metrics
Hibernate: 
    select
        p1_0.id,
        p1_0.created_at,
        p1_0.current_phase,
        p1_0.customer_name,
        p1_0.deal_value,
        p1_0.description,
        p1_0.end_date,
        p1_0.kickoff_date,
        p1_0.owner_id,
        p1_0.projected_close_date,
        p1_0.status,
        p1_0.title,
        p1_0.updated_at 
    from
        pocs p1_0
Hibernate: 
    select
        u1_0.id,
        u1_0.email,
        u1_0.name,
        u1_0.password,
        u1_0.role 
    from
        users u1_0 
    where
        u1_0.id=?
Hibernate: 
    select
        p1_0.id,
        p1_0.created_at,
        p1_0.current_phase,
        p1_0.customer_name,
        p1_0.deal_value,
        p1_0.description,
        p1_0.end_date,
        p1_0.kickoff_date,
        p1_0.owner_id,
        p1_0.projected_close_date,
        p1_0.status,
        p1_0.title,
        p1_0.updated_at 
    from
        pocs p1_0
Hibernate: 
    select
        u1_0.id,
        u1_0.email,
        u1_0.name,
        u1_0.password,
        u1_0.role 
    from
        users u1_0 
    where
        u1_0.id=?
Hibernate: 
    select
        p1_0.id,
        p1_0.created_at,
        p1_0.current_phase,
        p1_0.customer_name,
        p1_0.deal_value,
        p1_0.description,
        p1_0.end_date,
        p1_0.kickoff_date,
        p1_0.owner_id,
        p1_0.projected_close_date,
        p1_0.status,
        p1_0.title,
        p1_0.updated_at 
    from
        pocs p1_0
Hibernate: 
    select
        p1_0.id,
        p1_0.created_at,
        p1_0.current_phase,
        p1_0.customer_name,
        p1_0.deal_value,
        p1_0.description,
        p1_0.end_date,
        p1_0.kickoff_date,
        p1_0.owner_id,
        p1_0.projected_close_date,
        p1_0.status,
        p1_0.title,
        p1_0.updated_at 
    from
        pocs p1_0
2025-11-21T15:37:30.421-08:00  INFO 69004 --- [ai-crm-dash] [nio-8080-exec-8] c.e.aicrmdash.service.DashboardService   : Dashboard metrics calculated: activePocs=1, atRiskPocs=0, pipelineValue=1000000.00
Hibernate: 
    select
        u1_0.id,
        u1_0.email,
        u1_0.name,
        u1_0.password,
        u1_0.role 
    from
        users u1_0 
    where
        u1_0.email=?
Hibernate: 
    select
        u1_0.id,
        u1_0.email,
        u1_0.name,
        u1_0.password,
        u1_0.role 
    from
        users u1_0 
    where
        u1_0.email=?
2025-11-21T15:37:34.369-08:00  INFO 69004 --- [ai-crm-dash] [io-8080-exec-10] c.example.aicrmdash.service.UserService  : Retrieving all users
Hibernate: 
    select
        u1_0.id,
        u1_0.email,
        u1_0.name,
        u1_0.password,
        u1_0.role 
    from
        users u1_0
Hibernate: 
    select
        p1_0.id,
        p1_0.created_at,
        p1_0.current_phase,
        p1_0.customer_name,
        p1_0.deal_value,
        p1_0.description,
        p1_0.end_date,
        p1_0.kickoff_date,
        p1_0.owner_id,
        p1_0.projected_close_date,
        p1_0.status,
        p1_0.title,
        p1_0.updated_at 
    from
        pocs p1_0
Hibernate: 
    select
        u1_0.id,
        u1_0.email,
        u1_0.name,
        u1_0.password,
        u1_0.role 
    from
        users u1_0 
    where
        u1_0.id=?
2025-11-21T15:37:34.369-08:00  INFO 69004 --- [ai-crm-dash] [io-8080-exec-10] c.example.aicrmdash.service.UserService  : Retrieved 3 users
Hibernate: 
    select
        p1_0.id,
        p1_0.created_at,
        p1_0.current_phase,
        p1_0.customer_name,
        p1_0.deal_value,
        p1_0.description,
        p1_0.end_date,
        p1_0.kickoff_date,
        p1_0.owner_id,
        p1_0.projected_close_date,
        p1_0.status,
        p1_0.title,
        p1_0.updated_at 
    from
        pocs p1_0
Hibernate: 
    select
        u1_0.id,
        u1_0.email,
        u1_0.name,
        u1_0.password,
        u1_0.role 
    from
        users u1_0 
    where
        u1_0.email=?
Hibernate: 
    select
        u1_0.id,
        u1_0.email,
        u1_0.name,
        u1_0.password,
        u1_0.role 
    from
        users u1_0 
    where
        u1_0.email=?
2025-11-21T15:37:34.376-08:00  INFO 69004 --- [ai-crm-dash] [nio-8080-exec-9] c.example.aicrmdash.service.UserService  : Retrieving all users
Hibernate: 
    select
        u1_0.id,
        u1_0.email,
        u1_0.name,
        u1_0.password,
        u1_0.role 
    from
        users u1_0
2025-11-21T15:37:34.376-08:00  INFO 69004 --- [ai-crm-dash] [nio-8080-exec-9] c.example.aicrmdash.service.UserService  : Retrieved 3 users
Hibernate: 
    select
        p1_0.id,
        p1_0.created_at,
        p1_0.current_phase,
        p1_0.customer_name,
        p1_0.deal_value,
        p1_0.description,
        p1_0.end_date,
        p1_0.kickoff_date,
        p1_0.owner_id,
        p1_0.projected_close_date,
        p1_0.status,
        p1_0.title,
        p1_0.updated_at 
    from
        pocs p1_0
Hibernate: 
    select
        u1_0.id,
        u1_0.email,
        u1_0.name,
        u1_0.password,
        u1_0.role 
    from
        users u1_0 
    where
        u1_0.id=?
Hibernate: 
    select
        p1_0.id,
        p1_0.created_at,
        p1_0.current_phase,
        p1_0.customer_name,
        p1_0.deal_value,
        p1_0.description,
        p1_0.end_date,
        p1_0.kickoff_date,
        p1_0.owner_id,
        p1_0.projected_close_date,
        p1_0.status,
        p1_0.title,
        p1_0.updated_at 
    from
        pocs p1_0
Hibernate: 
    select
        u1_0.id,
        u1_0.email,
        u1_0.name,
        u1_0.password,
        u1_0.role 
    from
        users u1_0 
    where
        u1_0.email=?
Hibernate: 
    select
        u1_0.id,
        u1_0.email,
        u1_0.name,
        u1_0.password,
        u1_0.role 
    from
        users u1_0 
    where
        u1_0.email=?
2025-11-21T15:37:34.966-08:00  INFO 69004 --- [ai-crm-dash] [nio-8080-exec-7] c.e.aicrmdash.service.DashboardService   : Calculating dashboard summary metrics
Hibernate: 
    select
        p1_0.id,
        p1_0.created_at,
        p1_0.current_phase,
        p1_0.customer_name,
        p1_0.deal_value,
        p1_0.description,
        p1_0.end_date,
        p1_0.kickoff_date,
        p1_0.owner_id,
        p1_0.projected_close_date,
        p1_0.status,
        p1_0.title,
        p1_0.updated_at 
    from
        pocs p1_0
Hibernate: 
    select
        p1_0.id,
        p1_0.created_at,
        p1_0.current_phase,
        p1_0.customer_name,
        p1_0.deal_value,
        p1_0.description,
        p1_0.end_date,
        p1_0.kickoff_date,
        p1_0.owner_id,
        p1_0.projected_close_date,
        p1_0.status,
        p1_0.title,
        p1_0.updated_at 
    from
        pocs p1_0
Hibernate: 
    select
        u1_0.id,
        u1_0.email,
        u1_0.name,
        u1_0.password,
        u1_0.role 
    from
        users u1_0 
    where
        u1_0.id=?
Hibernate: 
    select
        u1_0.id,
        u1_0.email,
        u1_0.name,
        u1_0.password,
        u1_0.role 
    from
        users u1_0 
    where
        u1_0.id=?
Hibernate: 
    select
        p1_0.id,
        p1_0.created_at,
        p1_0.current_phase,
        p1_0.customer_name,
        p1_0.deal_value,
        p1_0.description,
        p1_0.end_date,
        p1_0.kickoff_date,
        p1_0.owner_id,
        p1_0.projected_close_date,
        p1_0.status,
        p1_0.title,
        p1_0.updated_at 
    from
        pocs p1_0
2025-11-21T15:37:34.968-08:00  INFO 69004 --- [ai-crm-dash] [nio-8080-exec-7] c.e.aicrmdash.service.DashboardService   : Dashboard metrics calculated: activePocs=1, atRiskPocs=0, pipelineValue=1000000.00
Hibernate: 
    select
        p1_0.id,
        p1_0.created_at,
        p1_0.current_phase,
        p1_0.customer_name,
        p1_0.deal_value,
        p1_0.description,
        p1_0.end_date,
        p1_0.kickoff_date,
        p1_0.owner_id,
        p1_0.projected_close_date,
        p1_0.status,
        p1_0.title,
        p1_0.updated_at 
    from
        pocs p1_0
Hibernate: 
    select
        u1_0.id,
        u1_0.email,
        u1_0.name,
        u1_0.password,
        u1_0.role 
    from
        users u1_0 
    where
        u1_0.email=?
Hibernate: 
    select
        u1_0.id,
        u1_0.email,
        u1_0.name,
        u1_0.password,
        u1_0.role 
    from
        users u1_0 
    where
        u1_0.email=?
2025-11-21T15:37:34.973-08:00  INFO 69004 --- [ai-crm-dash] [nio-8080-exec-2] c.e.aicrmdash.service.DashboardService   : Calculating dashboard summary metrics
Hibernate: 
    select
        p1_0.id,
        p1_0.created_at,
        p1_0.current_phase,
        p1_0.customer_name,
        p1_0.deal_value,
        p1_0.description,
        p1_0.end_date,
        p1_0.kickoff_date,
        p1_0.owner_id,
        p1_0.projected_close_date,
        p1_0.status,
        p1_0.title,
        p1_0.updated_at 
    from
        pocs p1_0
Hibernate: 
    select
        u1_0.id,
        u1_0.email,
        u1_0.name,
        u1_0.password,
        u1_0.role 
    from
        users u1_0 
    where
        u1_0.id=?
Hibernate: 
    select
        p1_0.id,
        p1_0.created_at,
        p1_0.current_phase,
        p1_0.customer_name,
        p1_0.deal_value,
        p1_0.description,
        p1_0.end_date,
        p1_0.kickoff_date,
        p1_0.owner_id,
        p1_0.projected_close_date,
        p1_0.status,
        p1_0.title,
        p1_0.updated_at 
    from
        pocs p1_0
Hibernate: 
    select
        u1_0.id,
        u1_0.email,
        u1_0.name,
        u1_0.password,
        u1_0.role 
    from
        users u1_0 
    where
        u1_0.id=?
Hibernate: 
    select
        p1_0.id,
        p1_0.created_at,
        p1_0.current_phase,
        p1_0.customer_name,
        p1_0.deal_value,
        p1_0.description,
        p1_0.end_date,
        p1_0.kickoff_date,
        p1_0.owner_id,
        p1_0.projected_close_date,
        p1_0.status,
        p1_0.title,
        p1_0.updated_at 
    from
        pocs p1_0
Hibernate: 
    select
        p1_0.id,
        p1_0.created_at,
        p1_0.current_phase,
        p1_0.customer_name,
        p1_0.deal_value,
        p1_0.description,
        p1_0.end_date,
        p1_0.kickoff_date,
        p1_0.owner_id,
        p1_0.projected_close_date,
        p1_0.status,
        p1_0.title,
        p1_0.updated_at 
    from
        pocs p1_0
2025-11-21T15:37:34.974-08:00  INFO 69004 --- [ai-crm-dash] [nio-8080-exec-2] c.e.aicrmdash.service.DashboardService   : Dashboard metrics calculated: activePocs=1, atRiskPocs=0, pipelineValue=1000000.00
Hibernate: 
    select
        u1_0.id,
        u1_0.email,
        u1_0.name,
        u1_0.password,
        u1_0.role 
    from
        users u1_0 
    where
        u1_0.email=?
Hibernate: 
    select
        u1_0.id,
        u1_0.email,
        u1_0.name,
        u1_0.password,
        u1_0.role 
    from
        users u1_0 
    where
        u1_0.email=?
Hibernate: 
    select
        p1_0.id,
        p1_0.created_at,
        p1_0.current_phase,
        p1_0.customer_name,
        p1_0.deal_value,
        p1_0.description,
        p1_0.end_date,
        p1_0.kickoff_date,
        p1_0.owner_id,
        p1_0.projected_close_date,
        p1_0.status,
        p1_0.title,
        p1_0.updated_at 
    from
        pocs p1_0 
    where
        p1_0.id=?
Hibernate: 
    select
        p1_0.id,
        p1_0.created_at,
        p1_0.current_phase,
        p1_0.customer_name,
        p1_0.deal_value,
        p1_0.description,
        p1_0.end_date,
        p1_0.kickoff_date,
        o1_0.id,
        o1_0.email,
        o1_0.name,
        o1_0.password,
        o1_0.role,
        p1_0.owner_id,
        p1_0.projected_close_date,
        p1_0.status,
        p1_0.title,
        p1_0.updated_at 
    from
        pocs p1_0 
    left join
        users o1_0 
            on o1_0.id=p1_0.owner_id 
    where
        p1_0.id=?
Hibernate: 
    select
        u1_0.id,
        u1_0.email,
        u1_0.name,
        u1_0.password,
        u1_0.role 
    from
        users u1_0 
    where
        u1_0.id=?
Hibernate: 
    select
        r1_0.id,
        r1_0.completed,
        r1_0.completed_at,
        r1_0.description,
        r1_0.display_order,
        r1_0.notes,
        r1_0.phase,
        r1_0.poc_id 
    from
        requirements r1_0 
    where
        r1_0.poc_id=? 
        and r1_0.phase=? 
    order by
        r1_0.display_order
Hibernate: 
    select
        u1_0.id,
        u1_0.email,
        u1_0.name,
        u1_0.password,
        u1_0.role 
    from
        users u1_0 
    where
        u1_0.email=?
Hibernate: 
    select
        u1_0.id,
        u1_0.email,
        u1_0.name,
        u1_0.password,
        u1_0.role 
    from
        users u1_0 
    where
        u1_0.email=?
Hibernate: 
    select
        p1_0.id,
        p1_0.created_at,
        p1_0.current_phase,
        p1_0.customer_name,
        p1_0.deal_value,
        p1_0.description,
        p1_0.end_date,
        p1_0.kickoff_date,
        p1_0.owner_id,
        p1_0.projected_close_date,
        p1_0.status,
        p1_0.title,
        p1_0.updated_at 
    from
        pocs p1_0 
    where
        p1_0.id=?
Hibernate: 
    select
        p1_0.id,
        p1_0.created_at,
        p1_0.current_phase,
        p1_0.customer_name,
        p1_0.deal_value,
        p1_0.description,
        p1_0.end_date,
        p1_0.kickoff_date,
        o1_0.id,
        o1_0.email,
        o1_0.name,
        o1_0.password,
        o1_0.role,
        p1_0.owner_id,
        p1_0.projected_close_date,
        p1_0.status,
        p1_0.title,
        p1_0.updated_at 
    from
        pocs p1_0 
    left join
        users o1_0 
            on o1_0.id=p1_0.owner_id 
    where
        p1_0.id=?
Hibernate: 
    select
        u1_0.id,
        u1_0.email,
        u1_0.name,
        u1_0.password,
        u1_0.role 
    from
        users u1_0 
    where
        u1_0.id=?
Hibernate: 
    select
        r1_0.id,
        r1_0.completed,
        r1_0.completed_at,
        r1_0.description,
        r1_0.display_order,
        r1_0.notes,
        r1_0.phase,
        r1_0.poc_id 
    from
        requirements r1_0 
    where
        r1_0.poc_id=? 
        and r1_0.phase=? 
    order by
        r1_0.display_order
Hibernate: 
    select
        u1_0.id,
        u1_0.email,
        u1_0.name,
        u1_0.password,
        u1_0.role 
    from
        users u1_0 
    where
        u1_0.email=?
Hibernate: 
    select
        u1_0.id,
        u1_0.email,
        u1_0.name,
        u1_0.password,
        u1_0.role 
    from
        users u1_0 
    where
        u1_0.email=?
Hibernate: 
    select
        u1_0.id,
        u1_0.email,
        u1_0.name,
        u1_0.password,
        u1_0.role 
    from
        users u1_0 
    where
        u1_0.email=?
Hibernate: 
    select
        u1_0.id,
        u1_0.email,
        u1_0.name,
        u1_0.password,
        u1_0.role 
    from
        users u1_0 
    where
        u1_0.email=?
2025-11-21T15:48:30.816-08:00  INFO 69004 --- [ai-crm-dash] [nio-8080-exec-6] c.example.aicrmdash.service.UserService  : Retrieving all users
Hibernate: 
    select
        u1_0.id,
        u1_0.email,
        u1_0.name,
        u1_0.password,
        u1_0.role 
    from
        users u1_0
Hibernate: 
    select
        p1_0.id,
        p1_0.created_at,
        p1_0.current_phase,
        p1_0.customer_name,
        p1_0.deal_value,
        p1_0.description,
        p1_0.end_date,
        p1_0.kickoff_date,
        o1_0.id,
        o1_0.email,
        o1_0.name,
        o1_0.password,
        o1_0.role,
        p1_0.owner_id,
        p1_0.projected_close_date,
        p1_0.status,
        p1_0.title,
        p1_0.updated_at 
    from
        pocs p1_0 
    left join
        users o1_0 
            on o1_0.id=p1_0.owner_id 
    where
        p1_0.id=?
Hibernate: 
    select
        p1_0.id,
        p1_0.created_at,
        p1_0.current_phase,
        p1_0.customer_name,
        p1_0.deal_value,
        p1_0.description,
        p1_0.end_date,
        p1_0.kickoff_date,
        p1_0.owner_id,
        p1_0.projected_close_date,
        p1_0.status,
        p1_0.title,
        p1_0.updated_at 
    from
        pocs p1_0 
    where
        p1_0.id=?
Hibernate: 
    select
        p1_0.id,
        p1_0.created_at,
        p1_0.current_phase,
        p1_0.customer_name,
        p1_0.deal_value,
        p1_0.description,
        p1_0.end_date,
        p1_0.kickoff_date,
        p1_0.owner_id,
        p1_0.projected_close_date,
        p1_0.status,
        p1_0.title,
        p1_0.updated_at 
    from
        pocs p1_0
Hibernate: 
    select
        u1_0.id,
        u1_0.email,
        u1_0.name,
        u1_0.password,
        u1_0.role 
    from
        users u1_0 
    where
        u1_0.id=?
Hibernate: 
    select
        u1_0.id,
        u1_0.email,
        u1_0.name,
        u1_0.password,
        u1_0.role 
    from
        users u1_0 
    where
        u1_0.id=?
2025-11-21T15:48:30.817-08:00  INFO 69004 --- [ai-crm-dash] [nio-8080-exec-6] c.example.aicrmdash.service.UserService  : Retrieved 3 users
Hibernate: 
    select
        p1_0.id,
        p1_0.created_at,
        p1_0.current_phase,
        p1_0.customer_name,
        p1_0.deal_value,
        p1_0.description,
        p1_0.end_date,
        p1_0.kickoff_date,
        p1_0.owner_id,
        p1_0.projected_close_date,
        p1_0.status,
        p1_0.title,
        p1_0.updated_at 
    from
        pocs p1_0
Hibernate: 
    select
        r1_0.id,
        r1_0.completed,
        r1_0.completed_at,
        r1_0.description,
        r1_0.display_order,
        r1_0.notes,
        r1_0.phase,
        r1_0.poc_id 
    from
        requirements r1_0 
    where
        r1_0.poc_id=? 
        and r1_0.phase=? 
    order by
        r1_0.display_order
Hibernate: 
    select
        u1_0.id,
        u1_0.email,
        u1_0.name,
        u1_0.password,
        u1_0.role 
    from
        users u1_0 
    where
        u1_0.email=?
Hibernate: 
    select
        u1_0.id,
        u1_0.email,
        u1_0.name,
        u1_0.password,
        u1_0.role 
    from
        users u1_0 
    where
        u1_0.email=?
Hibernate: 
    select
        u1_0.id,
        u1_0.email,
        u1_0.name,
        u1_0.password,
        u1_0.role 
    from
        users u1_0 
    where
        u1_0.email=?
Hibernate: 
    select
        p1_0.id,
        p1_0.created_at,
        p1_0.current_phase,
        p1_0.customer_name,
        p1_0.deal_value,
        p1_0.description,
        p1_0.end_date,
        p1_0.kickoff_date,
        o1_0.id,
        o1_0.email,
        o1_0.name,
        o1_0.password,
        o1_0.role,
        p1_0.owner_id,
        p1_0.projected_close_date,
        p1_0.status,
        p1_0.title,
        p1_0.updated_at 
    from
        pocs p1_0 
    left join
        users o1_0 
            on o1_0.id=p1_0.owner_id 
    where
        p1_0.id=?
2025-11-21T15:48:30.825-08:00  INFO 69004 --- [ai-crm-dash] [nio-8080-exec-3] c.example.aicrmdash.service.UserService  : Retrieving all users
Hibernate: 
    select
        u1_0.id,
        u1_0.email,
        u1_0.name,
        u1_0.password,
        u1_0.role 
    from
        users u1_0 
    where
        u1_0.email=?
Hibernate: 
    select
        u1_0.id,
        u1_0.email,
        u1_0.name,
        u1_0.password,
        u1_0.role 
    from
        users u1_0
Hibernate: 
    select
        p1_0.id,
        p1_0.created_at,
        p1_0.current_phase,
        p1_0.customer_name,
        p1_0.deal_value,
        p1_0.description,
        p1_0.end_date,
        p1_0.kickoff_date,
        p1_0.owner_id,
        p1_0.projected_close_date,
        p1_0.status,
        p1_0.title,
        p1_0.updated_at 
    from
        pocs p1_0 
    where
        p1_0.id=?
Hibernate: 
    select
        u1_0.id,
        u1_0.email,
        u1_0.name,
        u1_0.password,
        u1_0.role 
    from
        users u1_0 
    where
        u1_0.id=?
2025-11-21T15:48:30.825-08:00  INFO 69004 --- [ai-crm-dash] [nio-8080-exec-3] c.example.aicrmdash.service.UserService  : Retrieved 3 users
Hibernate: 
    select
        r1_0.id,
        r1_0.completed,
        r1_0.completed_at,
        r1_0.description,
        r1_0.display_order,
        r1_0.notes,
        r1_0.phase,
        r1_0.poc_id 
    from
        requirements r1_0 
    where
        r1_0.poc_id=? 
        and r1_0.phase=? 
    order by
        r1_0.display_order
Hibernate: 
    select
        p1_0.id,
        p1_0.created_at,
        p1_0.current_phase,
        p1_0.customer_name,
        p1_0.deal_value,
        p1_0.description,
        p1_0.end_date,
        p1_0.kickoff_date,
        p1_0.owner_id,
        p1_0.projected_close_date,
        p1_0.status,
        p1_0.title,
        p1_0.updated_at 
    from
        pocs p1_0
Hibernate: 
    select
        u1_0.id,
        u1_0.email,
        u1_0.name,
        u1_0.password,
        u1_0.role 
    from
        users u1_0 
    where
        u1_0.id=?
Hibernate: 
    select
        p1_0.id,
        p1_0.created_at,
        p1_0.current_phase,
        p1_0.customer_name,
        p1_0.deal_value,
        p1_0.description,
        p1_0.end_date,
        p1_0.kickoff_date,
        p1_0.owner_id,
        p1_0.projected_close_date,
        p1_0.status,
        p1_0.title,
        p1_0.updated_at 
    from
        pocs p1_0
2025-11-21T15:53:54.285-08:00  WARN 69004 --- [ai-crm-dash] [l-1:housekeeper] com.zaxxer.hikari.pool.HikariPool        : HikariPool-1 - Thread starvation or clock leap detected (housekeeper delta=5m38s957ms).
Hibernate: 
    select
        u1_0.id,
        u1_0.email,
        u1_0.name,
        u1_0.password,
        u1_0.role 
    from
        users u1_0 
    where
        u1_0.email=?
Hibernate: 
    select
        u1_0.id,
        u1_0.email,
        u1_0.name,
        u1_0.password,
        u1_0.role 
    from
        users u1_0 
    where
        u1_0.email=?
Hibernate: 
    select
        u1_0.id,
        u1_0.email,
        u1_0.name,
        u1_0.password,
        u1_0.role 
    from
        users u1_0 
    where
        u1_0.email=?
Hibernate: 
    select
        u1_0.id,
        u1_0.email,
        u1_0.name,
        u1_0.password,
        u1_0.role 
    from
        users u1_0 
    where
        u1_0.email=?
2025-11-21T16:13:13.862-08:00  INFO 69004 --- [ai-crm-dash] [nio-8080-exec-1] c.example.aicrmdash.service.UserService  : Retrieving all users
Hibernate: 
    select
        u1_0.id,
        u1_0.email,
        u1_0.name,
        u1_0.password,
        u1_0.role 
    from
        users u1_0
Hibernate: 
    select
        p1_0.id,
        p1_0.created_at,
        p1_0.current_phase,
        p1_0.customer_name,
        p1_0.deal_value,
        p1_0.description,
        p1_0.end_date,
        p1_0.kickoff_date,
        o1_0.id,
        o1_0.email,
        o1_0.name,
        o1_0.password,
        o1_0.role,
        p1_0.owner_id,
        p1_0.projected_close_date,
        p1_0.status,
        p1_0.title,
        p1_0.updated_at 
    from
        pocs p1_0 
    left join
        users o1_0 
            on o1_0.id=p1_0.owner_id 
    where
        p1_0.id=?
2025-11-21T16:13:13.863-08:00  INFO 69004 --- [ai-crm-dash] [nio-8080-exec-1] c.example.aicrmdash.service.UserService  : Retrieved 3 users
Hibernate: 
    select
        p1_0.id,
        p1_0.created_at,
        p1_0.current_phase,
        p1_0.customer_name,
        p1_0.deal_value,
        p1_0.description,
        p1_0.end_date,
        p1_0.kickoff_date,
        p1_0.owner_id,
        p1_0.projected_close_date,
        p1_0.status,
        p1_0.title,
        p1_0.updated_at 
    from
        pocs p1_0
Hibernate: 
    select
        p1_0.id,
        p1_0.created_at,
        p1_0.current_phase,
        p1_0.customer_name,
        p1_0.deal_value,
        p1_0.description,
        p1_0.end_date,
        p1_0.kickoff_date,
        p1_0.owner_id,
        p1_0.projected_close_date,
        p1_0.status,
        p1_0.title,
        p1_0.updated_at 
    from
        pocs p1_0 
    where
        p1_0.id=?
Hibernate: 
    select
        u1_0.id,
        u1_0.email,
        u1_0.name,
        u1_0.password,
        u1_0.role 
    from
        users u1_0 
    where
        u1_0.id=?
Hibernate: 
    select
        u1_0.id,
        u1_0.email,
        u1_0.name,
        u1_0.password,
        u1_0.role 
    from
        users u1_0 
    where
        u1_0.id=?
Hibernate: 
    select
        p1_0.id,
        p1_0.created_at,
        p1_0.current_phase,
        p1_0.customer_name,
        p1_0.deal_value,
        p1_0.description,
        p1_0.end_date,
        p1_0.kickoff_date,
        p1_0.owner_id,
        p1_0.projected_close_date,
        p1_0.status,
        p1_0.title,
        p1_0.updated_at 
    from
        pocs p1_0
Hibernate: 
    select
        r1_0.id,
        r1_0.completed,
        r1_0.completed_at,
        r1_0.description,
        r1_0.display_order,
        r1_0.notes,
        r1_0.phase,
        r1_0.poc_id 
    from
        requirements r1_0 
    where
        r1_0.poc_id=? 
        and r1_0.phase=? 
    order by
        r1_0.display_order
Hibernate: 
    select
        u1_0.id,
        u1_0.email,
        u1_0.name,
        u1_0.password,
        u1_0.role 
    from
        users u1_0 
    where
        u1_0.email=?
Hibernate: 
    select
        u1_0.id,
        u1_0.email,
        u1_0.name,
        u1_0.password,
        u1_0.role 
    from
        users u1_0 
    where
        u1_0.email=?
Hibernate: 
    select
        u1_0.id,
        u1_0.email,
        u1_0.name,
        u1_0.password,
        u1_0.role 
    from
        users u1_0 
    where
        u1_0.email=?
Hibernate: 
    select
        u1_0.id,
        u1_0.email,
        u1_0.name,
        u1_0.password,
        u1_0.role 
    from
        users u1_0 
    where
        u1_0.email=?
2025-11-21T16:13:13.868-08:00  INFO 69004 --- [ai-crm-dash] [nio-8080-exec-3] c.example.aicrmdash.service.UserService  : Retrieving all users
Hibernate: 
    select
        u1_0.id,
        u1_0.email,
        u1_0.name,
        u1_0.password,
        u1_0.role 
    from
        users u1_0
Hibernate: 
    select
        p1_0.id,
        p1_0.created_at,
        p1_0.current_phase,
        p1_0.customer_name,
        p1_0.deal_value,
        p1_0.description,
        p1_0.end_date,
        p1_0.kickoff_date,
        o1_0.id,
        o1_0.email,
        o1_0.name,
        o1_0.password,
        o1_0.role,
        p1_0.owner_id,
        p1_0.projected_close_date,
        p1_0.status,
        p1_0.title,
        p1_0.updated_at 
    from
        pocs p1_0 
    left join
        users o1_0 
            on o1_0.id=p1_0.owner_id 
    where
        p1_0.id=?
Hibernate: 
    select
        p1_0.id,
        p1_0.created_at,
        p1_0.current_phase,
        p1_0.customer_name,
        p1_0.deal_value,
        p1_0.description,
        p1_0.end_date,
        p1_0.kickoff_date,
        p1_0.owner_id,
        p1_0.projected_close_date,
        p1_0.status,
        p1_0.title,
        p1_0.updated_at 
    from
        pocs p1_0 
    where
        p1_0.id=?
Hibernate: 
    select
        p1_0.id,
        p1_0.created_at,
        p1_0.current_phase,
        p1_0.customer_name,
        p1_0.deal_value,
        p1_0.description,
        p1_0.end_date,
        p1_0.kickoff_date,
        p1_0.owner_id,
        p1_0.projected_close_date,
        p1_0.status,
        p1_0.title,
        p1_0.updated_at 
    from
        pocs p1_0
Hibernate: 
    select
        u1_0.id,
        u1_0.email,
        u1_0.name,
        u1_0.password,
        u1_0.role 
    from
        users u1_0 
    where
        u1_0.id=?
2025-11-21T16:13:13.869-08:00  INFO 69004 --- [ai-crm-dash] [nio-8080-exec-3] c.example.aicrmdash.service.UserService  : Retrieved 3 users
Hibernate: 
    select
        u1_0.id,
        u1_0.email,
        u1_0.name,
        u1_0.password,
        u1_0.role 
    from
        users u1_0 
    where
        u1_0.id=?
Hibernate: 
    select
        p1_0.id,
        p1_0.created_at,
        p1_0.current_phase,
        p1_0.customer_name,
        p1_0.deal_value,
        p1_0.description,
        p1_0.end_date,
        p1_0.kickoff_date,
        p1_0.owner_id,
        p1_0.projected_close_date,
        p1_0.status,
        p1_0.title,
        p1_0.updated_at 
    from
        pocs p1_0
Hibernate: 
    select
        r1_0.id,
        r1_0.completed,
        r1_0.completed_at,
        r1_0.description,
        r1_0.display_order,
        r1_0.notes,
        r1_0.phase,
        r1_0.poc_id 
    from
        requirements r1_0 
    where
        r1_0.poc_id=? 
        and r1_0.phase=? 
    order by
        r1_0.display_order
2025-11-21T16:17:25.910-08:00  WARN 69004 --- [ai-crm-dash] [l-1:housekeeper] com.zaxxer.hikari.pool.HikariPool        : HikariPool-1 - Thread starvation or clock leap detected (housekeeper delta=4m31s490ms).
Hibernate: 
    select
        u1_0.id,
        u1_0.email,
        u1_0.name,
        u1_0.password,
        u1_0.role 
    from
        users u1_0 
    where
        u1_0.email=?
Hibernate: 
    select
        u1_0.id,
        u1_0.email,
        u1_0.name,
        u1_0.password,
        u1_0.role 
    from
        users u1_0 
    where
        u1_0.email=?
Hibernate: 
    select
        p1_0.id,
        p1_0.created_at,
        p1_0.current_phase,
        p1_0.customer_name,
        p1_0.deal_value,
        p1_0.description,
        p1_0.end_date,
        p1_0.kickoff_date,
        o1_0.id,
        o1_0.email,
        o1_0.name,
        o1_0.password,
        o1_0.role,
        p1_0.owner_id,
        p1_0.projected_close_date,
        p1_0.status,
        p1_0.title,
        p1_0.updated_at 
    from
        pocs p1_0 
    left join
        users o1_0 
            on o1_0.id=p1_0.owner_id 
    where
        p1_0.id=?
Hibernate: 
    select
        p1_0.id,
        p1_0.created_at,
        p1_0.current_phase,
        p1_0.customer_name,
        p1_0.deal_value,
        p1_0.description,
        p1_0.end_date,
        p1_0.kickoff_date,
        p1_0.owner_id,
        p1_0.projected_close_date,
        p1_0.status,
        p1_0.title,
        p1_0.updated_at 
    from
        pocs p1_0 
    where
        p1_0.id=?
Hibernate: 
    select
        u1_0.id,
        u1_0.email,
        u1_0.name,
        u1_0.password,
        u1_0.role 
    from
        users u1_0 
    where
        u1_0.id=?
Hibernate: 
    select
        r1_0.id,
        r1_0.completed,
        r1_0.completed_at,
        r1_0.description,
        r1_0.display_order,
        r1_0.notes,
        r1_0.phase,
        r1_0.poc_id 
    from
        requirements r1_0 
    where
        r1_0.poc_id=? 
        and r1_0.phase=? 
    order by
        r1_0.display_order
Hibernate: 
    select
        u1_0.id,
        u1_0.email,
        u1_0.name,
        u1_0.password,
        u1_0.role 
    from
        users u1_0 
    where
        u1_0.email=?
Hibernate: 
    select
        u1_0.id,
        u1_0.email,
        u1_0.name,
        u1_0.password,
        u1_0.role 
    from
        users u1_0 
    where
        u1_0.email=?
Hibernate: 
    select
        p1_0.id,
        p1_0.created_at,
        p1_0.current_phase,
        p1_0.customer_name,
        p1_0.deal_value,
        p1_0.description,
        p1_0.end_date,
        p1_0.kickoff_date,
        o1_0.id,
        o1_0.email,
        o1_0.name,
        o1_0.password,
        o1_0.role,
        p1_0.owner_id,
        p1_0.projected_close_date,
        p1_0.status,
        p1_0.title,
        p1_0.updated_at 
    from
        pocs p1_0 
    left join
        users o1_0 
            on o1_0.id=p1_0.owner_id 
    where
        p1_0.id=?
Hibernate: 
    select
        p1_0.id,
        p1_0.created_at,
        p1_0.current_phase,
        p1_0.customer_name,
        p1_0.deal_value,
        p1_0.description,
        p1_0.end_date,
        p1_0.kickoff_date,
        p1_0.owner_id,
        p1_0.projected_close_date,
        p1_0.status,
        p1_0.title,
        p1_0.updated_at 
    from
        pocs p1_0 
    where
        p1_0.id=?
Hibernate: 
    select
        u1_0.id,
        u1_0.email,
        u1_0.name,
        u1_0.password,
        u1_0.role 
    from
        users u1_0 
    where
        u1_0.id=?
Hibernate: 
    select
        r1_0.id,
        r1_0.completed,
        r1_0.completed_at,
        r1_0.description,
        r1_0.display_order,
        r1_0.notes,
        r1_0.phase,
        r1_0.poc_id 
    from
        requirements r1_0 
    where
        r1_0.poc_id=? 
        and r1_0.phase=? 
    order by
        r1_0.display_order
Hibernate: 
    select
        u1_0.id,
        u1_0.email,
        u1_0.name,
        u1_0.password,
        u1_0.role 
    from
        users u1_0 
    where
        u1_0.email=?
Hibernate: 
    select
        u1_0.id,
        u1_0.email,
        u1_0.name,
        u1_0.password,
        u1_0.role 
    from
        users u1_0 
    where
        u1_0.email=?
Hibernate: 
    select
        p1_0.id,
        p1_0.created_at,
        p1_0.current_phase,
        p1_0.customer_name,
        p1_0.deal_value,
        p1_0.description,
        p1_0.end_date,
        p1_0.kickoff_date,
        o1_0.id,
        o1_0.email,
        o1_0.name,
        o1_0.password,
        o1_0.role,
        p1_0.owner_id,
        p1_0.projected_close_date,
        p1_0.status,
        p1_0.title,
        p1_0.updated_at 
    from
        pocs p1_0 
    left join
        users o1_0 
            on o1_0.id=p1_0.owner_id 
    where
        p1_0.id=?
Hibernate: 
    select
        p1_0.id,
        p1_0.created_at,
        p1_0.current_phase,
        p1_0.customer_name,
        p1_0.deal_value,
        p1_0.description,
        p1_0.end_date,
        p1_0.kickoff_date,
        p1_0.owner_id,
        p1_0.projected_close_date,
        p1_0.status,
        p1_0.title,
        p1_0.updated_at 
    from
        pocs p1_0 
    where
        p1_0.id=?
Hibernate: 
    select
        u1_0.id,
        u1_0.email,
        u1_0.name,
        u1_0.password,
        u1_0.role 
    from
        users u1_0 
    where
        u1_0.id=?
Hibernate: 
    select
        r1_0.id,
        r1_0.completed,
        r1_0.completed_at,
        r1_0.description,
        r1_0.display_order,
        r1_0.notes,
        r1_0.phase,
        r1_0.poc_id 
    from
        requirements r1_0 
    where
        r1_0.poc_id=? 
        and r1_0.phase=? 
    order by
        r1_0.display_order
Hibernate: 
    select
        u1_0.id,
        u1_0.email,
        u1_0.name,
        u1_0.password,
        u1_0.role 
    from
        users u1_0 
    where
        u1_0.email=?
Hibernate: 
    select
        u1_0.id,
        u1_0.email,
        u1_0.name,
        u1_0.password,
        u1_0.role 
    from
        users u1_0 
    where
        u1_0.email=?
Hibernate: 
    select
        p1_0.id,
        p1_0.created_at,
        p1_0.current_phase,
        p1_0.customer_name,
        p1_0.deal_value,
        p1_0.description,
        p1_0.end_date,
        p1_0.kickoff_date,
        p1_0.owner_id,
        p1_0.projected_close_date,
        p1_0.status,
        p1_0.title,
        p1_0.updated_at 
    from
        pocs p1_0 
    where
        p1_0.id=?
Hibernate: 
    select
        p1_0.id,
        p1_0.created_at,
        p1_0.current_phase,
        p1_0.customer_name,
        p1_0.deal_value,
        p1_0.description,
        p1_0.end_date,
        p1_0.kickoff_date,
        o1_0.id,
        o1_0.email,
        o1_0.name,
        o1_0.password,
        o1_0.role,
        p1_0.owner_id,
        p1_0.projected_close_date,
        p1_0.status,
        p1_0.title,
        p1_0.updated_at 
    from
        pocs p1_0 
    left join
        users o1_0 
            on o1_0.id=p1_0.owner_id 
    where
        p1_0.id=?
Hibernate: 
    select
        u1_0.id,
        u1_0.email,
        u1_0.name,
        u1_0.password,
        u1_0.role 
    from
        users u1_0 
    where
        u1_0.id=?
Hibernate: 
    select
        r1_0.id,
        r1_0.completed,
        r1_0.completed_at,
        r1_0.description,
        r1_0.display_order,
        r1_0.notes,
        r1_0.phase,
        r1_0.poc_id 
    from
        requirements r1_0 
    where
        r1_0.poc_id=? 
        and r1_0.phase=? 
    order by
        r1_0.display_order
Hibernate: 
    select
        u1_0.id,
        u1_0.email,
        u1_0.name,
        u1_0.password,
        u1_0.role 
    from
        users u1_0 
    where
        u1_0.email=?
Hibernate: 
    select
        u1_0.id,
        u1_0.email,
        u1_0.name,
        u1_0.password,
        u1_0.role 
    from
        users u1_0 
    where
        u1_0.email=?
Hibernate: 
    select
        p1_0.id,
        p1_0.created_at,
        p1_0.current_phase,
        p1_0.customer_name,
        p1_0.deal_value,
        p1_0.description,
        p1_0.end_date,
        p1_0.kickoff_date,
        o1_0.id,
        o1_0.email,
        o1_0.name,
        o1_0.password,
        o1_0.role,
        p1_0.owner_id,
        p1_0.projected_close_date,
        p1_0.status,
        p1_0.title,
        p1_0.updated_at 
    from
        pocs p1_0 
    left join
        users o1_0 
            on o1_0.id=p1_0.owner_id 
    where
        p1_0.id=?
Hibernate: 
    select
        p1_0.id,
        p1_0.created_at,
        p1_0.current_phase,
        p1_0.customer_name,
        p1_0.deal_value,
        p1_0.description,
        p1_0.end_date,
        p1_0.kickoff_date,
        p1_0.owner_id,
        p1_0.projected_close_date,
        p1_0.status,
        p1_0.title,
        p1_0.updated_at 
    from
        pocs p1_0 
    where
        p1_0.id=?
Hibernate: 
    select
        u1_0.id,
        u1_0.email,
        u1_0.name,
        u1_0.password,
        u1_0.role 
    from
        users u1_0 
    where
        u1_0.id=?
Hibernate: 
    select
        r1_0.id,
        r1_0.completed,
        r1_0.completed_at,
        r1_0.description,
        r1_0.display_order,
        r1_0.notes,
        r1_0.phase,
        r1_0.poc_id 
    from
        requirements r1_0 
    where
        r1_0.poc_id=? 
        and r1_0.phase=? 
    order by
        r1_0.display_order
Hibernate: 
    select
        u1_0.id,
        u1_0.email,
        u1_0.name,
        u1_0.password,
        u1_0.role 
    from
        users u1_0 
    where
        u1_0.email=?
Hibernate: 
    select
        u1_0.id,
        u1_0.email,
        u1_0.name,
        u1_0.password,
        u1_0.role 
    from
        users u1_0 
    where
        u1_0.email=?
Hibernate: 
    select
        p1_0.id,
        p1_0.created_at,
        p1_0.current_phase,
        p1_0.customer_name,
        p1_0.deal_value,
        p1_0.description,
        p1_0.end_date,
        p1_0.kickoff_date,
        p1_0.owner_id,
        p1_0.projected_close_date,
        p1_0.status,
        p1_0.title,
        p1_0.updated_at 
    from
        pocs p1_0 
    where
        p1_0.id=?
Hibernate: 
    select
        p1_0.id,
        p1_0.created_at,
        p1_0.current_phase,
        p1_0.customer_name,
        p1_0.deal_value,
        p1_0.description,
        p1_0.end_date,
        p1_0.kickoff_date,
        o1_0.id,
        o1_0.email,
        o1_0.name,
        o1_0.password,
        o1_0.role,
        p1_0.owner_id,
        p1_0.projected_close_date,
        p1_0.status,
        p1_0.title,
        p1_0.updated_at 
    from
        pocs p1_0 
    left join
        users o1_0 
            on o1_0.id=p1_0.owner_id 
    where
        p1_0.id=?
Hibernate: 
    select
        u1_0.id,
        u1_0.email,
        u1_0.name,
        u1_0.password,
        u1_0.role 
    from
        users u1_0 
    where
        u1_0.id=?
Hibernate: 
    select
        r1_0.id,
        r1_0.completed,
        r1_0.completed_at,
        r1_0.description,
        r1_0.display_order,
        r1_0.notes,
        r1_0.phase,
        r1_0.poc_id 
    from
        requirements r1_0 
    where
        r1_0.poc_id=? 
        and r1_0.phase=? 
    order by
        r1_0.display_order
2025-11-21T16:44:28.224-08:00  WARN 69004 --- [ai-crm-dash] [l-1:housekeeper] com.zaxxer.hikari.pool.HikariPool        : HikariPool-1 - Thread starvation or clock leap detected (housekeeper delta=18m32s250ms).
Hibernate: 
    select
        u1_0.id,
        u1_0.email,
        u1_0.name,
        u1_0.password,
        u1_0.role 
    from
        users u1_0 
    where
        u1_0.email=?
Hibernate: 
    select
        u1_0.id,
        u1_0.email,
        u1_0.name,
        u1_0.password,
        u1_0.role 
    from
        users u1_0 
    where
        u1_0.email=?
Hibernate: 
    select
        p1_0.id,
        p1_0.created_at,
        p1_0.current_phase,
        p1_0.customer_name,
        p1_0.deal_value,
        p1_0.description,
        p1_0.end_date,
        p1_0.kickoff_date,
        o1_0.id,
        o1_0.email,
        o1_0.name,
        o1_0.password,
        o1_0.role,
        p1_0.owner_id,
        p1_0.projected_close_date,
        p1_0.status,
        p1_0.title,
        p1_0.updated_at 
    from
        pocs p1_0 
    left join
        users o1_0 
            on o1_0.id=p1_0.owner_id 
    where
        p1_0.id=?
Hibernate: 
    select
        p1_0.id,
        p1_0.created_at,
        p1_0.current_phase,
        p1_0.customer_name,
        p1_0.deal_value,
        p1_0.description,
        p1_0.end_date,
        p1_0.kickoff_date,
        p1_0.owner_id,
        p1_0.projected_close_date,
        p1_0.status,
        p1_0.title,
        p1_0.updated_at 
    from
        pocs p1_0 
    where
        p1_0.id=?
Hibernate: 
    select
        u1_0.id,
        u1_0.email,
        u1_0.name,
        u1_0.password,
        u1_0.role 
    from
        users u1_0 
    where
        u1_0.id=?
Hibernate: 
    select
        r1_0.id,
        r1_0.completed,
        r1_0.completed_at,
        r1_0.description,
        r1_0.display_order,
        r1_0.notes,
        r1_0.phase,
        r1_0.poc_id 
    from
        requirements r1_0 
    where
        r1_0.poc_id=? 
        and r1_0.phase=? 
    order by
        r1_0.display_order
Hibernate: 
    select
        u1_0.id,
        u1_0.email,
        u1_0.name,
        u1_0.password,
        u1_0.role 
    from
        users u1_0 
    where
        u1_0.email=?
Hibernate: 
    select
        u1_0.id,
        u1_0.email,
        u1_0.name,
        u1_0.password,
        u1_0.role 
    from
        users u1_0 
    where
        u1_0.email=?
Hibernate: 
    select
        p1_0.id,
        p1_0.created_at,
        p1_0.current_phase,
        p1_0.customer_name,
        p1_0.deal_value,
        p1_0.description,
        p1_0.end_date,
        p1_0.kickoff_date,
        o1_0.id,
        o1_0.email,
        o1_0.name,
        o1_0.password,
        o1_0.role,
        p1_0.owner_id,
        p1_0.projected_close_date,
        p1_0.status,
        p1_0.title,
        p1_0.updated_at 
    from
        pocs p1_0 
    left join
        users o1_0 
            on o1_0.id=p1_0.owner_id 
    where
        p1_0.id=?
Hibernate: 
    select
        p1_0.id,
        p1_0.created_at,
        p1_0.current_phase,
        p1_0.customer_name,
        p1_0.deal_value,
        p1_0.description,
        p1_0.end_date,
        p1_0.kickoff_date,
        p1_0.owner_id,
        p1_0.projected_close_date,
        p1_0.status,
        p1_0.title,
        p1_0.updated_at 
    from
        pocs p1_0 
    where
        p1_0.id=?
Hibernate: 
    select
        u1_0.id,
        u1_0.email,
        u1_0.name,
        u1_0.password,
        u1_0.role 
    from
        users u1_0 
    where
        u1_0.id=?
Hibernate: 
    select
        r1_0.id,
        r1_0.completed,
        r1_0.completed_at,
        r1_0.description,
        r1_0.display_order,
        r1_0.notes,
        r1_0.phase,
        r1_0.poc_id 
    from
        requirements r1_0 
    where
        r1_0.poc_id=? 
        and r1_0.phase=? 
    order by
        r1_0.display_order
Hibernate: 
    select
        u1_0.id,
        u1_0.email,
        u1_0.name,
        u1_0.password,
        u1_0.role 
    from
        users u1_0 
    where
        u1_0.email=?
Hibernate: 
    select
        u1_0.id,
        u1_0.email,
        u1_0.name,
        u1_0.password,
        u1_0.role 
    from
        users u1_0 
    where
        u1_0.email=?
Hibernate: 
    select
        p1_0.id,
        p1_0.created_at,
        p1_0.current_phase,
        p1_0.customer_name,
        p1_0.deal_value,
        p1_0.description,
        p1_0.end_date,
        p1_0.kickoff_date,
        p1_0.owner_id,
        p1_0.projected_close_date,
        p1_0.status,
        p1_0.title,
        p1_0.updated_at 
    from
        pocs p1_0 
    where
        p1_0.id=?
Hibernate: 
    select
        p1_0.id,
        p1_0.created_at,
        p1_0.current_phase,
        p1_0.customer_name,
        p1_0.deal_value,
        p1_0.description,
        p1_0.end_date,
        p1_0.kickoff_date,
        o1_0.id,
        o1_0.email,
        o1_0.name,
        o1_0.password,
        o1_0.role,
        p1_0.owner_id,
        p1_0.projected_close_date,
        p1_0.status,
        p1_0.title,
        p1_0.updated_at 
    from
        pocs p1_0 
    left join
        users o1_0 
            on o1_0.id=p1_0.owner_id 
    where
        p1_0.id=?
Hibernate: 
    select
        u1_0.id,
        u1_0.email,
        u1_0.name,
        u1_0.password,
        u1_0.role 
    from
        users u1_0 
    where
        u1_0.id=?
Hibernate: 
    select
        r1_0.id,
        r1_0.completed,
        r1_0.completed_at,
        r1_0.description,
        r1_0.display_order,
        r1_0.notes,
        r1_0.phase,
        r1_0.poc_id 
    from
        requirements r1_0 
    where
        r1_0.poc_id=? 
        and r1_0.phase=? 
    order by
        r1_0.display_order
Hibernate: 
    select
        u1_0.id,
        u1_0.email,
        u1_0.name,
        u1_0.password,
        u1_0.role 
    from
        users u1_0 
    where
        u1_0.email=?
Hibernate: 
    select
        u1_0.id,
        u1_0.email,
        u1_0.name,
        u1_0.password,
        u1_0.role 
    from
        users u1_0 
    where
        u1_0.email=?
Hibernate: 
    select
        p1_0.id,
        p1_0.created_at,
        p1_0.current_phase,
        p1_0.customer_name,
        p1_0.deal_value,
        p1_0.description,
        p1_0.end_date,
        p1_0.kickoff_date,
        p1_0.owner_id,
        p1_0.projected_close_date,
        p1_0.status,
        p1_0.title,
        p1_0.updated_at 
    from
        pocs p1_0 
    where
        p1_0.id=?
Hibernate: 
    select
        p1_0.id,
        p1_0.created_at,
        p1_0.current_phase,
        p1_0.customer_name,
        p1_0.deal_value,
        p1_0.description,
        p1_0.end_date,
        p1_0.kickoff_date,
        o1_0.id,
        o1_0.email,
        o1_0.name,
        o1_0.password,
        o1_0.role,
        p1_0.owner_id,
        p1_0.projected_close_date,
        p1_0.status,
        p1_0.title,
        p1_0.updated_at 
    from
        pocs p1_0 
    left join
        users o1_0 
            on o1_0.id=p1_0.owner_id 
    where
        p1_0.id=?
Hibernate: 
    select
        u1_0.id,
        u1_0.email,
        u1_0.name,
        u1_0.password,
        u1_0.role 
    from
        users u1_0 
    where
        u1_0.id=?
Hibernate: 
    select
        r1_0.id,
        r1_0.completed,
        r1_0.completed_at,
        r1_0.description,
        r1_0.display_order,
        r1_0.notes,
        r1_0.phase,
        r1_0.poc_id 
    from
        requirements r1_0 
    where
        r1_0.poc_id=? 
        and r1_0.phase=? 
    order by
        r1_0.display_order
2025-11-21T17:20:12.846-08:00  WARN 69004 --- [ai-crm-dash] [l-1:housekeeper] com.zaxxer.hikari.pool.HikariPool        : HikariPool-1 - Thread starvation or clock leap detected (housekeeper delta=35m14s640ms).
2025-11-21T18:47:12.811-08:00  WARN 69004 --- [ai-crm-dash] [l-1:housekeeper] com.zaxxer.hikari.pool.HikariPool        : HikariPool-1 - Thread starvation or clock leap detected (housekeeper delta=1h26m59s965ms).
2025-11-21T19:48:11.353-08:00  WARN 69004 --- [ai-crm-dash] [l-1:housekeeper] com.zaxxer.hikari.pool.HikariPool        : HikariPool-1 - Thread starvation or clock leap detected (housekeeper delta=1h28s507ms).
2025-11-21T20:38:15.160-08:00  WARN 69004 --- [ai-crm-dash] [l-1:housekeeper] com.zaxxer.hikari.pool.HikariPool        : HikariPool-1 - Thread starvation or clock leap detected (housekeeper delta=49m33s821ms).
2025-11-21T20:49:39.844-08:00  WARN 69004 --- [ai-crm-dash] [l-1:housekeeper] com.zaxxer.hikari.pool.HikariPool        : HikariPool-1 - Thread starvation or clock leap detected (housekeeper delta=11m24s683ms).
2025-11-21T21:36:54.618-08:00  WARN 69004 --- [ai-crm-dash] [l-1:housekeeper] com.zaxxer.hikari.pool.HikariPool        : HikariPool-1 - Thread starvation or clock leap detected (housekeeper delta=47m14s775ms).
2025-11-21T21:50:38.216-08:00  WARN 69004 --- [ai-crm-dash] [l-1:housekeeper] com.zaxxer.hikari.pool.HikariPool        : HikariPool-1 - Thread starvation or clock leap detected (housekeeper delta=13m43s598ms).
2025-11-21T22:39:12.025-08:00  WARN 69004 --- [ai-crm-dash] [l-1:housekeeper] com.zaxxer.hikari.pool.HikariPool        : HikariPool-1 - Thread starvation or clock leap detected (housekeeper delta=48m33s809ms).
2025-11-21T22:51:36.720-08:00  WARN 69004 --- [ai-crm-dash] [l-1:housekeeper] com.zaxxer.hikari.pool.HikariPool        : HikariPool-1 - Thread starvation or clock leap detected (housekeeper delta=12m24s695ms).
2025-11-21T23:27:09.912-08:00  WARN 69004 --- [ai-crm-dash] [l-1:housekeeper] com.zaxxer.hikari.pool.HikariPool        : HikariPool-1 - Thread starvation or clock leap detected (housekeeper delta=35m33s191ms).
2025-11-21T23:49:14.219-08:00  WARN 69004 --- [ai-crm-dash] [l-1:housekeeper] com.zaxxer.hikari.pool.HikariPool        : HikariPool-1 - Thread starvation or clock leap detected (housekeeper delta=22m4s308ms).
2025-11-21T23:52:19.696-08:00  WARN 69004 --- [ai-crm-dash] [l-1:housekeeper] com.zaxxer.hikari.pool.HikariPool        : HikariPool-1 - Thread starvation or clock leap detected (housekeeper delta=3m5s477ms).
2025-11-22T00:53:18.193-08:00  WARN 69004 --- [ai-crm-dash] [l-1:housekeeper] com.zaxxer.hikari.pool.HikariPool        : HikariPool-1 - Thread starvation or clock leap detected (housekeeper delta=1h28s490ms).
2025-11-22T01:54:16.708-08:00  WARN 69004 --- [ai-crm-dash] [l-1:housekeeper] com.zaxxer.hikari.pool.HikariPool        : HikariPool-1 - Thread starvation or clock leap detected (housekeeper delta=1h28s506ms).
2025-11-22T03:05:14.183-08:00  WARN 69004 --- [ai-crm-dash] [l-1:housekeeper] com.zaxxer.hikari.pool.HikariPool        : HikariPool-1 - Thread starvation or clock leap detected (housekeeper delta=1h10m27s465ms).
2025-11-22T04:40:55.385-08:00  WARN 69004 --- [ai-crm-dash] [l-1:housekeeper] com.zaxxer.hikari.pool.HikariPool        : HikariPool-1 - Thread starvation or clock leap detected (housekeeper delta=1h35m41s202ms).
2025-11-22T06:01:05.774-08:00  WARN 69004 --- [ai-crm-dash] [l-1:housekeeper] com.zaxxer.hikari.pool.HikariPool        : HikariPool-1 - Thread starvation or clock leap detected (housekeeper delta=1h20m10s389ms).
2025-11-22T07:08:56.221-08:00  WARN 69004 --- [ai-crm-dash] [l-1:housekeeper] com.zaxxer.hikari.pool.HikariPool        : HikariPool-1 - Thread starvation or clock leap detected (housekeeper delta=1h7m20s457ms).
2025-11-22T08:02:02.982-08:00  WARN 69004 --- [ai-crm-dash] [l-1:housekeeper] com.zaxxer.hikari.pool.HikariPool        : HikariPool-1 - Thread starvation or clock leap detected (housekeeper delta=53m6s761ms).
2025-11-22T09:03:01.595-08:00  WARN 69004 --- [ai-crm-dash] [l-1:housekeeper] com.zaxxer.hikari.pool.HikariPool        : HikariPool-1 - Thread starvation or clock leap detected (housekeeper delta=1h28s591ms).
2025-11-22T10:04:00.353-08:00  WARN 69004 --- [ai-crm-dash] [l-1:housekeeper] com.zaxxer.hikari.pool.HikariPool        : HikariPool-1 - Thread starvation or clock leap detected (housekeeper delta=1h28s755ms).
2025-11-22T11:04:58.875-08:00  WARN 69004 --- [ai-crm-dash] [l-1:housekeeper] com.zaxxer.hikari.pool.HikariPool        : HikariPool-1 - Thread starvation or clock leap detected (housekeeper delta=1h28s508ms).
2025-11-22T11:38:39.006-08:00  WARN 69004 --- [ai-crm-dash] [l-1:housekeeper] com.zaxxer.hikari.pool.HikariPool        : HikariPool-1 - Thread starvation or clock leap detected (housekeeper delta=33m10s127ms).
Hibernate: 
    select
        u1_0.id,
        u1_0.email,
        u1_0.name,
        u1_0.password,
        u1_0.role 
    from
        users u1_0 
    where
        u1_0.email=?
Hibernate: 
    select
        u1_0.id,
        u1_0.email,
        u1_0.name,
        u1_0.password,
        u1_0.role 
    from
        users u1_0 
    where
        u1_0.email=?
Hibernate: 
    select
        p1_0.id,
        p1_0.created_at,
        p1_0.current_phase,
        p1_0.customer_name,
        p1_0.deal_value,
        p1_0.description,
        p1_0.end_date,
        p1_0.kickoff_date,
        o1_0.id,
        o1_0.email,
        o1_0.name,
        o1_0.password,
        o1_0.role,
        p1_0.owner_id,
        p1_0.projected_close_date,
        p1_0.status,
        p1_0.title,
        p1_0.updated_at 
    from
        pocs p1_0 
    left join
        users o1_0 
            on o1_0.id=p1_0.owner_id 
    where
        p1_0.id=?
Hibernate: 
    select
        p1_0.id,
        p1_0.created_at,
        p1_0.current_phase,
        p1_0.customer_name,
        p1_0.deal_value,
        p1_0.description,
        p1_0.end_date,
        p1_0.kickoff_date,
        p1_0.owner_id,
        p1_0.projected_close_date,
        p1_0.status,
        p1_0.title,
        p1_0.updated_at 
    from
        pocs p1_0 
    where
        p1_0.id=?
Hibernate: 
    select
        u1_0.id,
        u1_0.email,
        u1_0.name,
        u1_0.password,
        u1_0.role 
    from
        users u1_0 
    where
        u1_0.id=?
Hibernate: 
    select
        r1_0.id,
        r1_0.completed,
        r1_0.completed_at,
        r1_0.description,
        r1_0.display_order,
        r1_0.notes,
        r1_0.phase,
        r1_0.poc_id 
    from
        requirements r1_0 
    where
        r1_0.poc_id=? 
        and r1_0.phase=? 
    order by
        r1_0.display_order
Hibernate: 
    select
        u1_0.id,
        u1_0.email,
        u1_0.name,
        u1_0.password,
        u1_0.role 
    from
        users u1_0 
    where
        u1_0.email=?
Hibernate: 
    select
        u1_0.id,
        u1_0.email,
        u1_0.name,
        u1_0.password,
        u1_0.role 
    from
        users u1_0 
    where
        u1_0.email=?
Hibernate: 
    select
        p1_0.id,
        p1_0.created_at,
        p1_0.current_phase,
        p1_0.customer_name,
        p1_0.deal_value,
        p1_0.description,
        p1_0.end_date,
        p1_0.kickoff_date,
        o1_0.id,
        o1_0.email,
        o1_0.name,
        o1_0.password,
        o1_0.role,
        p1_0.owner_id,
        p1_0.projected_close_date,
        p1_0.status,
        p1_0.title,
        p1_0.updated_at 
    from
        pocs p1_0 
    left join
        users o1_0 
            on o1_0.id=p1_0.owner_id 
    where
        p1_0.id=?
Hibernate: 
    select
        p1_0.id,
        p1_0.created_at,
        p1_0.current_phase,
        p1_0.customer_name,
        p1_0.deal_value,
        p1_0.description,
        p1_0.end_date,
        p1_0.kickoff_date,
        p1_0.owner_id,
        p1_0.projected_close_date,
        p1_0.status,
        p1_0.title,
        p1_0.updated_at 
    from
        pocs p1_0 
    where
        p1_0.id=?
Hibernate: 
    select
        u1_0.id,
        u1_0.email,
        u1_0.name,
        u1_0.password,
        u1_0.role 
    from
        users u1_0 
    where
        u1_0.id=?
Hibernate: 
    select
        r1_0.id,
        r1_0.completed,
        r1_0.completed_at,
        r1_0.description,
        r1_0.display_order,
        r1_0.notes,
        r1_0.phase,
        r1_0.poc_id 
    from
        requirements r1_0 
    where
        r1_0.poc_id=? 
        and r1_0.phase=? 
    order by
        r1_0.display_order
Hibernate: 
    select
        u1_0.id,
        u1_0.email,
        u1_0.name,
        u1_0.password,
        u1_0.role 
    from
        users u1_0 
    where
        u1_0.email=?
Hibernate: 
    select
        u1_0.id,
        u1_0.email,
        u1_0.name,
        u1_0.password,
        u1_0.role 
    from
        users u1_0 
    where
        u1_0.email=?
Hibernate: 
    select
        p1_0.id,
        p1_0.created_at,
        p1_0.current_phase,
        p1_0.customer_name,
        p1_0.deal_value,
        p1_0.description,
        p1_0.end_date,
        p1_0.kickoff_date,
        o1_0.id,
        o1_0.email,
        o1_0.name,
        o1_0.password,
        o1_0.role,
        p1_0.owner_id,
        p1_0.projected_close_date,
        p1_0.status,
        p1_0.title,
        p1_0.updated_at 
    from
        pocs p1_0 
    left join
        users o1_0 
            on o1_0.id=p1_0.owner_id 
    where
        p1_0.id=?
Hibernate: 
    select
        p1_0.id,
        p1_0.created_at,
        p1_0.current_phase,
        p1_0.customer_name,
        p1_0.deal_value,
        p1_0.description,
        p1_0.end_date,
        p1_0.kickoff_date,
        p1_0.owner_id,
        p1_0.projected_close_date,
        p1_0.status,
        p1_0.title,
        p1_0.updated_at 
    from
        pocs p1_0 
    where
        p1_0.id=?
Hibernate: 
    select
        u1_0.id,
        u1_0.email,
        u1_0.name,
        u1_0.password,
        u1_0.role 
    from
        users u1_0 
    where
        u1_0.id=?
Hibernate: 
    select
        r1_0.id,
        r1_0.completed,
        r1_0.completed_at,
        r1_0.description,
        r1_0.display_order,
        r1_0.notes,
        r1_0.phase,
        r1_0.poc_id 
    from
        requirements r1_0 
    where
        r1_0.poc_id=? 
        and r1_0.phase=? 
    order by
        r1_0.display_order
Hibernate: 
    select
        u1_0.id,
        u1_0.email,
        u1_0.name,
        u1_0.password,
        u1_0.role 
    from
        users u1_0 
    where
        u1_0.email=?
Hibernate: 
    select
        u1_0.id,
        u1_0.email,
        u1_0.name,
        u1_0.password,
        u1_0.role 
    from
        users u1_0 
    where
        u1_0.email=?
Hibernate: 
    select
        p1_0.id,
        p1_0.created_at,
        p1_0.current_phase,
        p1_0.customer_name,
        p1_0.deal_value,
        p1_0.description,
        p1_0.end_date,
        p1_0.kickoff_date,
        p1_0.owner_id,
        p1_0.projected_close_date,
        p1_0.status,
        p1_0.title,
        p1_0.updated_at 
    from
        pocs p1_0 
    where
        p1_0.id=?
Hibernate: 
    select
        u1_0.id,
        u1_0.email,
        u1_0.name,
        u1_0.password,
        u1_0.role 
    from
        users u1_0 
    where
        u1_0.id=?
Hibernate: 
    select
        r1_0.id,
        r1_0.completed,
        r1_0.completed_at,
        r1_0.description,
        r1_0.display_order,
        r1_0.notes,
        r1_0.phase,
        r1_0.poc_id 
    from
        requirements r1_0 
    where
        r1_0.poc_id=? 
        and r1_0.phase=? 
    order by
        r1_0.display_order
Hibernate: 
    select
        p1_0.id,
        p1_0.created_at,
        p1_0.current_phase,
        p1_0.customer_name,
        p1_0.deal_value,
        p1_0.description,
        p1_0.end_date,
        p1_0.kickoff_date,
        o1_0.id,
        o1_0.email,
        o1_0.name,
        o1_0.password,
        o1_0.role,
        p1_0.owner_id,
        p1_0.projected_close_date,
        p1_0.status,
        p1_0.title,
        p1_0.updated_at 
    from
        pocs p1_0 
    left join
        users o1_0 
            on o1_0.id=p1_0.owner_id 
    where
        p1_0.id=?
2025-11-22T11:48:59.098-08:00  WARN 69004 --- [ai-crm-dash] [l-1:housekeeper] com.zaxxer.hikari.pool.HikariPool        : HikariPool-1 - Thread starvation or clock leap detected (housekeeper delta=50s50ms).
Hibernate: 
    select
        u1_0.id,
        u1_0.email,
        u1_0.name,
        u1_0.password,
        u1_0.role 
    from
        users u1_0 
    where
        u1_0.email=?
Hibernate: 
    select
        u1_0.id,
        u1_0.email,
        u1_0.name,
        u1_0.password,
        u1_0.role 
    from
        users u1_0 
    where
        u1_0.email=?
Hibernate: 
    select
        p1_0.id,
        p1_0.created_at,
        p1_0.current_phase,
        p1_0.customer_name,
        p1_0.deal_value,
        p1_0.description,
        p1_0.end_date,
        p1_0.kickoff_date,
        p1_0.owner_id,
        p1_0.projected_close_date,
        p1_0.status,
        p1_0.title,
        p1_0.updated_at 
    from
        pocs p1_0 
    where
        p1_0.id=?
Hibernate: 
    select
        u1_0.id,
        u1_0.email,
        u1_0.name,
        u1_0.password,
        u1_0.role 
    from
        users u1_0 
    where
        u1_0.id=?
Hibernate: 
    select
        p1_0.id,
        p1_0.created_at,
        p1_0.current_phase,
        p1_0.customer_name,
        p1_0.deal_value,
        p1_0.description,
        p1_0.end_date,
        p1_0.kickoff_date,
        o1_0.id,
        o1_0.email,
        o1_0.name,
        o1_0.password,
        o1_0.role,
        p1_0.owner_id,
        p1_0.projected_close_date,
        p1_0.status,
        p1_0.title,
        p1_0.updated_at 
    from
        pocs p1_0 
    left join
        users o1_0 
            on o1_0.id=p1_0.owner_id 
    where
        p1_0.id=?
Hibernate: 
    select
        r1_0.id,
        r1_0.completed,
        r1_0.completed_at,
        r1_0.description,
        r1_0.display_order,
        r1_0.notes,
        r1_0.phase,
        r1_0.poc_id 
    from
        requirements r1_0 
    where
        r1_0.poc_id=? 
        and r1_0.phase=? 
    order by
        r1_0.display_order
Hibernate: 
    select
        u1_0.id,
        u1_0.email,
        u1_0.name,
        u1_0.password,
        u1_0.role 
    from
        users u1_0 
    where
        u1_0.email=?
Hibernate: 
    select
        u1_0.id,
        u1_0.email,
        u1_0.name,
        u1_0.password,
        u1_0.role 
    from
        users u1_0 
    where
        u1_0.email=?
Hibernate: 
    select
        p1_0.id,
        p1_0.created_at,
        p1_0.current_phase,
        p1_0.customer_name,
        p1_0.deal_value,
        p1_0.description,
        p1_0.end_date,
        p1_0.kickoff_date,
        p1_0.owner_id,
        p1_0.projected_close_date,
        p1_0.status,
        p1_0.title,
        p1_0.updated_at 
    from
        pocs p1_0 
    where
        p1_0.id=?
Hibernate: 
    select
        u1_0.id,
        u1_0.email,
        u1_0.name,
        u1_0.password,
        u1_0.role 
    from
        users u1_0 
    where
        u1_0.id=?
Hibernate: 
    select
        p1_0.id,
        p1_0.created_at,
        p1_0.current_phase,
        p1_0.customer_name,
        p1_0.deal_value,
        p1_0.description,
        p1_0.end_date,
        p1_0.kickoff_date,
        o1_0.id,
        o1_0.email,
        o1_0.name,
        o1_0.password,
        o1_0.role,
        p1_0.owner_id,
        p1_0.projected_close_date,
        p1_0.status,
        p1_0.title,
        p1_0.updated_at 
    from
        pocs p1_0 
    left join
        users o1_0 
            on o1_0.id=p1_0.owner_id 
    where
        p1_0.id=?
Hibernate: 
    select
        r1_0.id,
        r1_0.completed,
        r1_0.completed_at,
        r1_0.description,
        r1_0.display_order,
        r1_0.notes,
        r1_0.phase,
        r1_0.poc_id 
    from
        requirements r1_0 
    where
        r1_0.poc_id=? 
        and r1_0.phase=? 
    order by
        r1_0.display_order
Hibernate: 
    select
        u1_0.id,
        u1_0.email,
        u1_0.name,
        u1_0.password,
        u1_0.role 
    from
        users u1_0 
    where
        u1_0.email=?
Hibernate: 
    select
        u1_0.id,
        u1_0.email,
        u1_0.name,
        u1_0.password,
        u1_0.role 
    from
        users u1_0 
    where
        u1_0.email=?
Hibernate: 
    select
        p1_0.id,
        p1_0.created_at,
        p1_0.current_phase,
        p1_0.customer_name,
        p1_0.deal_value,
        p1_0.description,
        p1_0.end_date,
        p1_0.kickoff_date,
        o1_0.id,
        o1_0.email,
        o1_0.name,
        o1_0.password,
        o1_0.role,
        p1_0.owner_id,
        p1_0.projected_close_date,
        p1_0.status,
        p1_0.title,
        p1_0.updated_at 
    from
        pocs p1_0 
    left join
        users o1_0 
            on o1_0.id=p1_0.owner_id 
    where
        p1_0.id=?
Hibernate: 
    select
        p1_0.id,
        p1_0.created_at,
        p1_0.current_phase,
        p1_0.customer_name,
        p1_0.deal_value,
        p1_0.description,
        p1_0.end_date,
        p1_0.kickoff_date,
        p1_0.owner_id,
        p1_0.projected_close_date,
        p1_0.status,
        p1_0.title,
        p1_0.updated_at 
    from
        pocs p1_0 
    where
        p1_0.id=?
Hibernate: 
    select
        u1_0.id,
        u1_0.email,
        u1_0.name,
        u1_0.password,
        u1_0.role 
    from
        users u1_0 
    where
        u1_0.id=?
Hibernate: 
    select
        r1_0.id,
        r1_0.completed,
        r1_0.completed_at,
        r1_0.description,
        r1_0.display_order,
        r1_0.notes,
        r1_0.phase,
        r1_0.poc_id 
    from
        requirements r1_0 
    where
        r1_0.poc_id=? 
        and r1_0.phase=? 
    order by
        r1_0.display_order
Hibernate: 
    select
        u1_0.id,
        u1_0.email,
        u1_0.name,
        u1_0.password,
        u1_0.role 
    from
        users u1_0 
    where
        u1_0.email=?
Hibernate: 
    select
        p1_0.id,
        p1_0.created_at,
        p1_0.current_phase,
        p1_0.customer_name,
        p1_0.deal_value,
        p1_0.description,
        p1_0.end_date,
        p1_0.kickoff_date,
        o1_0.id,
        o1_0.email,
        o1_0.name,
        o1_0.password,
        o1_0.role,
        p1_0.owner_id,
        p1_0.projected_close_date,
        p1_0.status,
        p1_0.title,
        p1_0.updated_at 
    from
        pocs p1_0 
    left join
        users o1_0 
            on o1_0.id=p1_0.owner_id 
    where
        p1_0.id=?
Hibernate: 
    select
        u1_0.id,
        u1_0.email,
        u1_0.name,
        u1_0.password,
        u1_0.role 
    from
        users u1_0 
    where
        u1_0.email=?
Hibernate: 
    select
        p1_0.id,
        p1_0.created_at,
        p1_0.current_phase,
        p1_0.customer_name,
        p1_0.deal_value,
        p1_0.description,
        p1_0.end_date,
        p1_0.kickoff_date,
        p1_0.owner_id,
        p1_0.projected_close_date,
        p1_0.status,
        p1_0.title,
        p1_0.updated_at 
    from
        pocs p1_0 
    where
        p1_0.id=?
Hibernate: 
    select
        u1_0.id,
        u1_0.email,
        u1_0.name,
        u1_0.password,
        u1_0.role 
    from
        users u1_0 
    where
        u1_0.id=?
Hibernate: 
    select
        r1_0.id,
        r1_0.completed,
        r1_0.completed_at,
        r1_0.description,
        r1_0.display_order,
        r1_0.notes,
        r1_0.phase,
        r1_0.poc_id 
    from
        requirements r1_0 
    where
        r1_0.poc_id=? 
        and r1_0.phase=? 
    order by
        r1_0.display_order
Hibernate: 
    select
        u1_0.id,
        u1_0.email,
        u1_0.name,
        u1_0.password,
        u1_0.role 
    from
        users u1_0 
    where
        u1_0.email=?
Hibernate: 
    select
        u1_0.id,
        u1_0.email,
        u1_0.name,
        u1_0.password,
        u1_0.role 
    from
        users u1_0 
    where
        u1_0.email=?
Hibernate: 
    select
        p1_0.id,
        p1_0.created_at,
        p1_0.current_phase,
        p1_0.customer_name,
        p1_0.deal_value,
        p1_0.description,
        p1_0.end_date,
        p1_0.kickoff_date,
        o1_0.id,
        o1_0.email,
        o1_0.name,
        o1_0.password,
        o1_0.role,
        p1_0.owner_id,
        p1_0.projected_close_date,
        p1_0.status,
        p1_0.title,
        p1_0.updated_at 
    from
        pocs p1_0 
    left join
        users o1_0 
            on o1_0.id=p1_0.owner_id 
    where
        p1_0.id=?
Hibernate: 
    select
        p1_0.id,
        p1_0.created_at,
        p1_0.current_phase,
        p1_0.customer_name,
        p1_0.deal_value,
        p1_0.description,
        p1_0.end_date,
        p1_0.kickoff_date,
        p1_0.owner_id,
        p1_0.projected_close_date,
        p1_0.status,
        p1_0.title,
        p1_0.updated_at 
    from
        pocs p1_0 
    where
        p1_0.id=?
Hibernate: 
    select
        u1_0.id,
        u1_0.email,
        u1_0.name,
        u1_0.password,
        u1_0.role 
    from
        users u1_0 
    where
        u1_0.id=?
Hibernate: 
    select
        r1_0.id,
        r1_0.completed,
        r1_0.completed_at,
        r1_0.description,
        r1_0.display_order,
        r1_0.notes,
        r1_0.phase,
        r1_0.poc_id 
    from
        requirements r1_0 
    where
        r1_0.poc_id=? 
        and r1_0.phase=? 
    order by
        r1_0.display_order
Hibernate: 
    select
        u1_0.id,
        u1_0.email,
        u1_0.name,
        u1_0.password,
        u1_0.role 
    from
        users u1_0 
    where
        u1_0.email=?
Hibernate: 
    select
        p1_0.id,
        p1_0.created_at,
        p1_0.current_phase,
        p1_0.customer_name,
        p1_0.deal_value,
        p1_0.description,
        p1_0.end_date,
        p1_0.kickoff_date,
        p1_0.owner_id,
        p1_0.projected_close_date,
        p1_0.status,
        p1_0.title,
        p1_0.updated_at 
    from
        pocs p1_0 
    where
        p1_0.id=?
Hibernate: 
    select
        u1_0.id,
        u1_0.email,
        u1_0.name,
        u1_0.password,
        u1_0.role 
    from
        users u1_0 
    where
        u1_0.id=?
Hibernate: 
    select
        u1_0.id,
        u1_0.email,
        u1_0.name,
        u1_0.password,
        u1_0.role 
    from
        users u1_0 
    where
        u1_0.email=?
Hibernate: 
    select
        r1_0.id,
        r1_0.completed,
        r1_0.completed_at,
        r1_0.description,
        r1_0.display_order,
        r1_0.notes,
        r1_0.phase,
        r1_0.poc_id 
    from
        requirements r1_0 
    where
        r1_0.poc_id=? 
        and r1_0.phase=? 
    order by
        r1_0.display_order
Hibernate: 
    select
        p1_0.id,
        p1_0.created_at,
        p1_0.current_phase,
        p1_0.customer_name,
        p1_0.deal_value,
        p1_0.description,
        p1_0.end_date,
        p1_0.kickoff_date,
        o1_0.id,
        o1_0.email,
        o1_0.name,
        o1_0.password,
        o1_0.role,
        p1_0.owner_id,
        p1_0.projected_close_date,
        p1_0.status,
        p1_0.title,
        p1_0.updated_at 
    from
        pocs p1_0 
    left join
        users o1_0 
            on o1_0.id=p1_0.owner_id 
    where
        p1_0.id=?
Hibernate: 
    select
        u1_0.id,
        u1_0.email,
        u1_0.name,
        u1_0.password,
        u1_0.role 
    from
        users u1_0 
    where
        u1_0.email=?
Hibernate: 
    select
        p1_0.id,
        p1_0.created_at,
        p1_0.current_phase,
        p1_0.customer_name,
        p1_0.deal_value,
        p1_0.description,
        p1_0.end_date,
        p1_0.kickoff_date,
        p1_0.owner_id,
        p1_0.projected_close_date,
        p1_0.status,
        p1_0.title,
        p1_0.updated_at 
    from
        pocs p1_0 
    where
        p1_0.id=?
Hibernate: 
    select
        u1_0.id,
        u1_0.email,
        u1_0.name,
        u1_0.password,
        u1_0.role 
    from
        users u1_0 
    where
        u1_0.id=?
Hibernate: 
    select
        r1_0.id,
        r1_0.completed,
        r1_0.completed_at,
        r1_0.description,
        r1_0.display_order,
        r1_0.notes,
        r1_0.phase,
        r1_0.poc_id 
    from
        requirements r1_0 
    where
        r1_0.poc_id=? 
        and r1_0.phase=? 
    order by
        r1_0.display_order
Hibernate: 
    select
        u1_0.id,
        u1_0.email,
        u1_0.name,
        u1_0.password,
        u1_0.role 
    from
        users u1_0 
    where
        u1_0.email=?
Hibernate: 
    select
        p1_0.id,
        p1_0.created_at,
        p1_0.current_phase,
        p1_0.customer_name,
        p1_0.deal_value,
        p1_0.description,
        p1_0.end_date,
        p1_0.kickoff_date,
        o1_0.id,
        o1_0.email,
        o1_0.name,
        o1_0.password,
        o1_0.role,
        p1_0.owner_id,
        p1_0.projected_close_date,
        p1_0.status,
        p1_0.title,
        p1_0.updated_at 
    from
        pocs p1_0 
    left join
        users o1_0 
            on o1_0.id=p1_0.owner_id 
    where
        p1_0.id=?
Hibernate: 
    select
        u1_0.id,
        u1_0.email,
        u1_0.name,
        u1_0.password,
        u1_0.role 
    from
        users u1_0 
    where
        u1_0.email=?
Hibernate: 
    select
        u1_0.id,
        u1_0.email,
        u1_0.name,
        u1_0.password,
        u1_0.role 
    from
        users u1_0 
    where
        u1_0.email=?
Hibernate: 
    select
        p1_0.id,
        p1_0.created_at,
        p1_0.current_phase,
        p1_0.customer_name,
        p1_0.deal_value,
        p1_0.description,
        p1_0.end_date,
        p1_0.kickoff_date,
        o1_0.id,
        o1_0.email,
        o1_0.name,
        o1_0.password,
        o1_0.role,
        p1_0.owner_id,
        p1_0.projected_close_date,
        p1_0.status,
        p1_0.title,
        p1_0.updated_at 
    from
        pocs p1_0 
    left join
        users o1_0 
            on o1_0.id=p1_0.owner_id 
    where
        p1_0.id=?
Hibernate: 
    select
        p1_0.id,
        p1_0.created_at,
        p1_0.current_phase,
        p1_0.customer_name,
        p1_0.deal_value,
        p1_0.description,
        p1_0.end_date,
        p1_0.kickoff_date,
        p1_0.owner_id,
        p1_0.projected_close_date,
        p1_0.status,
        p1_0.title,
        p1_0.updated_at 
    from
        pocs p1_0 
    where
        p1_0.id=?
Hibernate: 
    select
        u1_0.id,
        u1_0.email,
        u1_0.name,
        u1_0.password,
        u1_0.role 
    from
        users u1_0 
    where
        u1_0.id=?
Hibernate: 
    select
        r1_0.id,
        r1_0.completed,
        r1_0.completed_at,
        r1_0.description,
        r1_0.display_order,
        r1_0.notes,
        r1_0.phase,
        r1_0.poc_id 
    from
        requirements r1_0 
    where
        r1_0.poc_id=? 
        and r1_0.phase=? 
    order by
        r1_0.display_order
2025-11-22T12:16:19.524-08:00  WARN 69004 --- [ai-crm-dash] [l-1:housekeeper] com.zaxxer.hikari.pool.HikariPool        : HikariPool-1 - Thread starvation or clock leap detected (housekeeper delta=15m37s807ms).
2025-11-22T12:44:21.161-08:00  WARN 69004 --- [ai-crm-dash] [l-1:housekeeper] com.zaxxer.hikari.pool.HikariPool        : HikariPool-1 - Thread starvation or clock leap detected (housekeeper delta=17m31s508ms).
2025-11-22T13:02:01.331-08:00  WARN 69004 --- [ai-crm-dash] [l-1:housekeeper] com.zaxxer.hikari.pool.HikariPool        : HikariPool-1 - Thread starvation or clock leap detected (housekeeper delta=17m10s197ms).
2025-11-22T13:19:05.899-08:00  WARN 69004 --- [ai-crm-dash] [l-1:housekeeper] com.zaxxer.hikari.pool.HikariPool        : HikariPool-1 - Thread starvation or clock leap detected (housekeeper delta=16m34s558ms).
2025-11-22T13:34:36.385-08:00  WARN 69004 --- [ai-crm-dash] [l-1:housekeeper] com.zaxxer.hikari.pool.HikariPool        : HikariPool-1 - Thread starvation or clock leap detected (housekeeper delta=15m30s486ms).
2025-11-22T14:34:29.606-08:00  WARN 69004 --- [ai-crm-dash] [l-1:housekeeper] com.zaxxer.hikari.pool.HikariPool        : HikariPool-1 - Thread starvation or clock leap detected (housekeeper delta=59m53s221ms).
2025-11-22T16:02:37.487-08:00  WARN 69004 --- [ai-crm-dash] [l-1:housekeeper] com.zaxxer.hikari.pool.HikariPool        : HikariPool-1 - Thread starvation or clock leap detected (housekeeper delta=1h28m7s881ms).
2025-11-22T16:48:19.071-08:00  WARN 69004 --- [ai-crm-dash] [l-1:housekeeper] com.zaxxer.hikari.pool.HikariPool        : HikariPool-1 - Thread starvation or clock leap detected (housekeeper delta=45m41s584ms).
2025-11-22T18:04:41.030-08:00  WARN 69004 --- [ai-crm-dash] [l-1:housekeeper] com.zaxxer.hikari.pool.HikariPool        : HikariPool-1 - Thread starvation or clock leap detected (housekeeper delta=1h16m21s909ms).
2025-11-22T19:23:02.077-08:00  WARN 69004 --- [ai-crm-dash] [l-1:housekeeper] com.zaxxer.hikari.pool.HikariPool        : HikariPool-1 - Thread starvation or clock leap detected (housekeeper delta=1h18m21s96ms).
2025-11-22T20:39:21.210-08:00  WARN 69004 --- [ai-crm-dash] [l-1:housekeeper] com.zaxxer.hikari.pool.HikariPool        : HikariPool-1 - Thread starvation or clock leap detected (housekeeper delta=1h16m19s134ms).
2025-11-22T21:57:26.475-08:00  WARN 69004 --- [ai-crm-dash] [l-1:housekeeper] com.zaxxer.hikari.pool.HikariPool        : HikariPool-1 - Thread starvation or clock leap detected (housekeeper delta=1h18m5s264ms).
2025-11-22T22:55:30.198-08:00  WARN 69004 --- [ai-crm-dash] [l-1:housekeeper] com.zaxxer.hikari.pool.HikariPool        : HikariPool-1 - Thread starvation or clock leap detected (housekeeper delta=58m3s724ms).
2025-11-23T00:10:38.495-08:00  WARN 69004 --- [ai-crm-dash] [l-1:housekeeper] com.zaxxer.hikari.pool.HikariPool        : HikariPool-1 - Thread starvation or clock leap detected (housekeeper delta=1h15m8s297ms).
2025-11-23T01:11:41.679-08:00  WARN 69004 --- [ai-crm-dash] [l-1:housekeeper] com.zaxxer.hikari.pool.HikariPool        : HikariPool-1 - Thread starvation or clock leap detected (housekeeper delta=1h1m3s184ms).
2025-11-23T02:50:33.499-08:00  WARN 69004 --- [ai-crm-dash] [l-1:housekeeper] com.zaxxer.hikari.pool.HikariPool        : HikariPool-1 - Thread starvation or clock leap detected (housekeeper delta=1h38m51s820ms).
2025-11-23T04:14:22.880-08:00  WARN 69004 --- [ai-crm-dash] [l-1:housekeeper] com.zaxxer.hikari.pool.HikariPool        : HikariPool-1 - Thread starvation or clock leap detected (housekeeper delta=1h23m49s380ms).
2025-11-23T05:48:57.763-08:00  WARN 69004 --- [ai-crm-dash] [l-1:housekeeper] com.zaxxer.hikari.pool.HikariPool        : HikariPool-1 - Thread starvation or clock leap detected (housekeeper delta=1h34m34s884ms).
2025-11-23T06:49:16.455-08:00  WARN 69004 --- [ai-crm-dash] [l-1:housekeeper] com.zaxxer.hikari.pool.HikariPool        : HikariPool-1 - Thread starvation or clock leap detected (housekeeper delta=1h18s692ms).
2025-11-23T08:02:02.723-08:00  WARN 69004 --- [ai-crm-dash] [l-1:housekeeper] com.zaxxer.hikari.pool.HikariPool        : HikariPool-1 - Thread starvation or clock leap detected (housekeeper delta=1h12m46s268ms).
2025-11-23T09:03:00.526-08:00  WARN 69004 --- [ai-crm-dash] [l-1:housekeeper] com.zaxxer.hikari.pool.HikariPool        : HikariPool-1 - Thread starvation or clock leap detected (housekeeper delta=1h57s803ms).
2025-11-23T10:20:11.241-08:00  WARN 69004 --- [ai-crm-dash] [l-1:housekeeper] com.zaxxer.hikari.pool.HikariPool        : HikariPool-1 - Thread starvation or clock leap detected (housekeeper delta=1h17m10s715ms).
2025-11-23T11:36:42.332-08:00  WARN 69004 --- [ai-crm-dash] [l-1:housekeeper] com.zaxxer.hikari.pool.HikariPool        : HikariPool-1 - Thread starvation or clock leap detected (housekeeper delta=1h16m31s90ms).
2025-11-23T12:39:42.201-08:00  WARN 69004 --- [ai-crm-dash] [l-1:housekeeper] com.zaxxer.hikari.pool.HikariPool        : HikariPool-1 - Thread starvation or clock leap detected (housekeeper delta=1h2m59s870ms).
2025-11-23T13:55:23.588-08:00  WARN 69004 --- [ai-crm-dash] [l-1:housekeeper] com.zaxxer.hikari.pool.HikariPool        : HikariPool-1 - Thread starvation or clock leap detected (housekeeper delta=1h15m41s387ms).
2025-11-23T15:09:01.791-08:00  WARN 69004 --- [ai-crm-dash] [l-1:housekeeper] com.zaxxer.hikari.pool.HikariPool        : HikariPool-1 - Thread starvation or clock leap detected (housekeeper delta=1h13m38s203ms).
2025-11-23T16:10:08.067-08:00  WARN 69004 --- [ai-crm-dash] [l-1:housekeeper] com.zaxxer.hikari.pool.HikariPool        : HikariPool-1 - Thread starvation or clock leap detected (housekeeper delta=1h1m6s276ms).
2025-11-23T17:28:54.159-08:00  WARN 69004 --- [ai-crm-dash] [l-1:housekeeper] com.zaxxer.hikari.pool.HikariPool        : HikariPool-1 - Thread starvation or clock leap detected (housekeeper delta=1h18m46s92ms).
2025-11-23T18:44:31.445-08:00  WARN 69004 --- [ai-crm-dash] [l-1:housekeeper] com.zaxxer.hikari.pool.HikariPool        : HikariPool-1 - Thread starvation or clock leap detected (housekeeper delta=1h15m37s286ms).
2025-11-23T19:35:49.205-08:00  WARN 69004 --- [ai-crm-dash] [l-1:housekeeper] com.zaxxer.hikari.pool.HikariPool        : HikariPool-1 - Thread starvation or clock leap detected (housekeeper delta=51m17s760ms).
2025-11-23T19:57:59.582-08:00  WARN 69004 --- [ai-crm-dash] [l-1:housekeeper] com.zaxxer.hikari.pool.HikariPool        : HikariPool-1 - Thread starvation or clock leap detected (housekeeper delta=2m40s246ms).
2025-11-23T20:00:55.065-08:00  WARN 69004 --- [ai-crm-dash] [l-1:housekeeper] com.zaxxer.hikari.pool.HikariPool        : HikariPool-1 - Thread starvation or clock leap detected (housekeeper delta=2m55s483ms).
2025-11-23T20:06:25.632-08:00  WARN 69004 --- [ai-crm-dash] [l-1:housekeeper] com.zaxxer.hikari.pool.HikariPool        : HikariPool-1 - Thread starvation or clock leap detected (housekeeper delta=5m30s567ms).
2025-11-23T20:07:45.311-08:00  WARN 69004 --- [ai-crm-dash] [l-1:housekeeper] com.zaxxer.hikari.pool.HikariPool        : HikariPool-1 - Thread starvation or clock leap detected (housekeeper delta=1m19s678ms).
2025-11-23T20:11:36.093-08:00  WARN 69004 --- [ai-crm-dash] [l-1:housekeeper] com.zaxxer.hikari.pool.HikariPool        : HikariPool-1 - Thread starvation or clock leap detected (housekeeper delta=3m50s782ms).
2025-11-23T20:15:47.357-08:00  WARN 69004 --- [ai-crm-dash] [l-1:housekeeper] com.zaxxer.hikari.pool.HikariPool        : HikariPool-1 - Thread starvation or clock leap detected (housekeeper delta=3m39s872ms).
2025-11-23T20:19:34.765-08:00  WARN 69004 --- [ai-crm-dash] [l-1:housekeeper] com.zaxxer.hikari.pool.HikariPool        : HikariPool-1 - Thread starvation or clock leap detected (housekeeper delta=3m47s408ms).
2025-11-23T20:21:04.317-08:00  WARN 69004 --- [ai-crm-dash] [l-1:housekeeper] com.zaxxer.hikari.pool.HikariPool        : HikariPool-1 - Thread starvation or clock leap detected (housekeeper delta=1m29s552ms).
2025-11-23T20:37:02.825-08:00  WARN 69004 --- [ai-crm-dash] [l-1:housekeeper] com.zaxxer.hikari.pool.HikariPool        : HikariPool-1 - Thread starvation or clock leap detected (housekeeper delta=15m58s508ms).
2025-11-23T20:38:26.214-08:00  WARN 69004 --- [ai-crm-dash] [l-1:housekeeper] com.zaxxer.hikari.pool.HikariPool        : HikariPool-1 - Thread starvation or clock leap detected (housekeeper delta=1m23s389ms).
2025-11-23T20:43:03.211-08:00  WARN 69004 --- [ai-crm-dash] [l-1:housekeeper] com.zaxxer.hikari.pool.HikariPool        : HikariPool-1 - Thread starvation or clock leap detected (housekeeper delta=4m36s997ms).
2025-11-23T21:15:23.774-08:00  WARN 69004 --- [ai-crm-dash] [l-1:housekeeper] com.zaxxer.hikari.pool.HikariPool        : HikariPool-1 - Thread starvation or clock leap detected (housekeeper delta=32m20s563ms).
2025-11-23T21:41:13.158-08:00  WARN 69004 --- [ai-crm-dash] [l-1:housekeeper] com.zaxxer.hikari.pool.HikariPool        : HikariPool-1 - Thread starvation or clock leap detected (housekeeper delta=25m49s384ms).
2025-11-23T21:42:48.368-08:00  WARN 69004 --- [ai-crm-dash] [l-1:housekeeper] com.zaxxer.hikari.pool.HikariPool        : HikariPool-1 - Thread starvation or clock leap detected (housekeeper delta=1m35s210ms).
2025-11-23T21:45:01.290-08:00  WARN 69004 --- [ai-crm-dash] [l-1:housekeeper] com.zaxxer.hikari.pool.HikariPool        : HikariPool-1 - Thread starvation or clock leap detected (housekeeper delta=2m12s922ms).
2025-11-23T21:46:12.079-08:00  WARN 69004 --- [ai-crm-dash] [l-1:housekeeper] com.zaxxer.hikari.pool.HikariPool        : HikariPool-1 - Thread starvation or clock leap detected (housekeeper delta=1m10s789ms).
2025-11-23T22:30:49.837-08:00  WARN 69004 --- [ai-crm-dash] [l-1:housekeeper] com.zaxxer.hikari.pool.HikariPool        : HikariPool-1 - Thread starvation or clock leap detected (housekeeper delta=15m37s499ms).
2025-11-23T23:53:35.072-08:00  WARN 69004 --- [ai-crm-dash] [l-1:housekeeper] com.zaxxer.hikari.pool.HikariPool        : HikariPool-1 - Thread starvation or clock leap detected (housekeeper delta=1h22m45s235ms).
2025-11-24T01:06:50.136-08:00  WARN 69004 --- [ai-crm-dash] [l-1:housekeeper] com.zaxxer.hikari.pool.HikariPool        : HikariPool-1 - Thread starvation or clock leap detected (housekeeper delta=1h13m15s64ms).
2025-11-24T02:07:42.322-08:00  WARN 69004 --- [ai-crm-dash] [l-1:housekeeper] com.zaxxer.hikari.pool.HikariPool        : HikariPool-1 - Thread starvation or clock leap detected (housekeeper delta=1h52s185ms).
2025-11-24T03:50:11.412-08:00  WARN 69004 --- [ai-crm-dash] [l-1:housekeeper] com.zaxxer.hikari.pool.HikariPool        : HikariPool-1 - Thread starvation or clock leap detected (housekeeper delta=1h42m29s91ms).
2025-11-24T03:56:13.537-08:00  WARN 69004 --- [ai-crm-dash] [l-1:housekeeper] com.zaxxer.hikari.pool.HikariPool        : HikariPool-1 - Thread starvation or clock leap detected (housekeeper delta=6m2s125ms).
Hibernate: 
    select
        u1_0.id,
        u1_0.email,
        u1_0.name,
        u1_0.password,
        u1_0.role 
    from
        users u1_0 
    where
        u1_0.email=?
Hibernate: 
    select
        u1_0.id,
        u1_0.email,
        u1_0.name,
        u1_0.password,
        u1_0.role 
    from
        users u1_0 
    where
        u1_0.email=?
Hibernate: 
    select
        u1_0.id,
        u1_0.email,
        u1_0.name,
        u1_0.password,
        u1_0.role 
    from
        users u1_0 
    where
        u1_0.email=?
2025-11-24T04:46:34.677-08:00  INFO 69004 --- [ai-crm-dash] [nio-8080-exec-7] c.e.aicrmdash.service.DashboardService   : Calculating dashboard summary metrics
Hibernate: 
    select
        p1_0.id,
        p1_0.created_at,
        p1_0.current_phase,
        p1_0.customer_name,
        p1_0.deal_value,
        p1_0.description,
        p1_0.end_date,
        p1_0.kickoff_date,
        p1_0.owner_id,
        p1_0.projected_close_date,
        p1_0.status,
        p1_0.title,
        p1_0.updated_at 
    from
        pocs p1_0
Hibernate: 
    select
        p1_0.id,
        p1_0.created_at,
        p1_0.current_phase,
        p1_0.customer_name,
        p1_0.deal_value,
        p1_0.description,
        p1_0.end_date,
        p1_0.kickoff_date,
        p1_0.owner_id,
        p1_0.projected_close_date,
        p1_0.status,
        p1_0.title,
        p1_0.updated_at 
    from
        pocs p1_0
Hibernate: 
    select
        u1_0.id,
        u1_0.email,
        u1_0.name,
        u1_0.password,
        u1_0.role 
    from
        users u1_0 
    where
        u1_0.id=?
Hibernate: 
    select
        u1_0.id,
        u1_0.email,
        u1_0.name,
        u1_0.password,
        u1_0.role 
    from
        users u1_0 
    where
        u1_0.id=?
Hibernate: 
    select
        p1_0.id,
        p1_0.created_at,
        p1_0.current_phase,
        p1_0.customer_name,
        p1_0.deal_value,
        p1_0.description,
        p1_0.end_date,
        p1_0.kickoff_date,
        p1_0.owner_id,
        p1_0.projected_close_date,
        p1_0.status,
        p1_0.title,
        p1_0.updated_at 
    from
        pocs p1_0
Hibernate: 
    select
        p1_0.id,
        p1_0.created_at,
        p1_0.current_phase,
        p1_0.customer_name,
        p1_0.deal_value,
        p1_0.description,
        p1_0.end_date,
        p1_0.kickoff_date,
        p1_0.owner_id,
        p1_0.projected_close_date,
        p1_0.status,
        p1_0.title,
        p1_0.updated_at 
    from
        pocs p1_0
2025-11-24T04:46:34.680-08:00  INFO 69004 --- [ai-crm-dash] [nio-8080-exec-7] c.e.aicrmdash.service.DashboardService   : Dashboard metrics calculated: activePocs=1, atRiskPocs=0, pipelineValue=1000000.00
Hibernate: 
    select
        u1_0.id,
        u1_0.email,
        u1_0.name,
        u1_0.password,
        u1_0.role 
    from
        users u1_0 
    where
        u1_0.email=?
Hibernate: 
    select
        u1_0.id,
        u1_0.email,
        u1_0.name,
        u1_0.password,
        u1_0.role 
    from
        users u1_0 
    where
        u1_0.email=?
2025-11-24T04:46:34.683-08:00  INFO 69004 --- [ai-crm-dash] [nio-8080-exec-5] c.e.aicrmdash.service.DashboardService   : Calculating dashboard summary metrics
Hibernate: 
    select
        p1_0.id,
        p1_0.created_at,
        p1_0.current_phase,
        p1_0.customer_name,
        p1_0.deal_value,
        p1_0.description,
        p1_0.end_date,
        p1_0.kickoff_date,
        p1_0.owner_id,
        p1_0.projected_close_date,
        p1_0.status,
        p1_0.title,
        p1_0.updated_at 
    from
        pocs p1_0
Hibernate: 
    select
        p1_0.id,
        p1_0.created_at,
        p1_0.current_phase,
        p1_0.customer_name,
        p1_0.deal_value,
        p1_0.description,
        p1_0.end_date,
        p1_0.kickoff_date,
        p1_0.owner_id,
        p1_0.projected_close_date,
        p1_0.status,
        p1_0.title,
        p1_0.updated_at 
    from
        pocs p1_0
Hibernate: 
    select
        u1_0.id,
        u1_0.email,
        u1_0.name,
        u1_0.password,
        u1_0.role 
    from
        users u1_0 
    where
        u1_0.id=?
Hibernate: 
    select
        u1_0.id,
        u1_0.email,
        u1_0.name,
        u1_0.password,
        u1_0.role 
    from
        users u1_0 
    where
        u1_0.id=?
Hibernate: 
    select
        p1_0.id,
        p1_0.created_at,
        p1_0.current_phase,
        p1_0.customer_name,
        p1_0.deal_value,
        p1_0.description,
        p1_0.end_date,
        p1_0.kickoff_date,
        p1_0.owner_id,
        p1_0.projected_close_date,
        p1_0.status,
        p1_0.title,
        p1_0.updated_at 
    from
        pocs p1_0
Hibernate: 
    select
        p1_0.id,
        p1_0.created_at,
        p1_0.current_phase,
        p1_0.customer_name,
        p1_0.deal_value,
        p1_0.description,
        p1_0.end_date,
        p1_0.kickoff_date,
        p1_0.owner_id,
        p1_0.projected_close_date,
        p1_0.status,
        p1_0.title,
        p1_0.updated_at 
    from
        pocs p1_0
2025-11-24T04:46:34.683-08:00  INFO 69004 --- [ai-crm-dash] [nio-8080-exec-5] c.e.aicrmdash.service.DashboardService   : Dashboard metrics calculated: activePocs=1, atRiskPocs=0, pipelineValue=1000000.00
Hibernate: 
    select
        u1_0.id,
        u1_0.email,
        u1_0.name,
        u1_0.password,
        u1_0.role 
    from
        users u1_0 
    where
        u1_0.email=?
Hibernate: 
    select
        u1_0.id,
        u1_0.email,
        u1_0.name,
        u1_0.password,
        u1_0.role 
    from
        users u1_0 
    where
        u1_0.email=?
Hibernate: 
    select
        p1_0.id,
        p1_0.created_at,
        p1_0.current_phase,
        p1_0.customer_name,
        p1_0.deal_value,
        p1_0.description,
        p1_0.end_date,
        p1_0.kickoff_date,
        o1_0.id,
        o1_0.email,
        o1_0.name,
        o1_0.password,
        o1_0.role,
        p1_0.owner_id,
        p1_0.projected_close_date,
        p1_0.status,
        p1_0.title,
        p1_0.updated_at 
    from
        pocs p1_0 
    left join
        users o1_0 
            on o1_0.id=p1_0.owner_id 
    where
        p1_0.id=?
Hibernate: 
    select
        p1_0.id,
        p1_0.created_at,
        p1_0.current_phase,
        p1_0.customer_name,
        p1_0.deal_value,
        p1_0.description,
        p1_0.end_date,
        p1_0.kickoff_date,
        p1_0.owner_id,
        p1_0.projected_close_date,
        p1_0.status,
        p1_0.title,
        p1_0.updated_at 
    from
        pocs p1_0 
    where
        p1_0.id=?
Hibernate: 
    select
        u1_0.id,
        u1_0.email,
        u1_0.name,
        u1_0.password,
        u1_0.role 
    from
        users u1_0 
    where
        u1_0.id=?
Hibernate: 
    select
        r1_0.id,
        r1_0.completed,
        r1_0.completed_at,
        r1_0.description,
        r1_0.display_order,
        r1_0.notes,
        r1_0.phase,
        r1_0.poc_id 
    from
        requirements r1_0 
    where
        r1_0.poc_id=? 
        and r1_0.phase=? 
    order by
        r1_0.display_order
Hibernate: 
    select
        u1_0.id,
        u1_0.email,
        u1_0.name,
        u1_0.password,
        u1_0.role 
    from
        users u1_0 
    where
        u1_0.email=?
Hibernate: 
    select
        p1_0.id,
        p1_0.created_at,
        p1_0.current_phase,
        p1_0.customer_name,
        p1_0.deal_value,
        p1_0.description,
        p1_0.end_date,
        p1_0.kickoff_date,
        o1_0.id,
        o1_0.email,
        o1_0.name,
        o1_0.password,
        o1_0.role,
        p1_0.owner_id,
        p1_0.projected_close_date,
        p1_0.status,
        p1_0.title,
        p1_0.updated_at 
    from
        pocs p1_0 
    left join
        users o1_0 
            on o1_0.id=p1_0.owner_id 
    where
        p1_0.id=?
Hibernate: 
    select
        u1_0.id,
        u1_0.email,
        u1_0.name,
        u1_0.password,
        u1_0.role 
    from
        users u1_0 
    where
        u1_0.email=?
Hibernate: 
    select
        p1_0.id,
        p1_0.created_at,
        p1_0.current_phase,
        p1_0.customer_name,
        p1_0.deal_value,
        p1_0.description,
        p1_0.end_date,
        p1_0.kickoff_date,
        p1_0.owner_id,
        p1_0.projected_close_date,
        p1_0.status,
        p1_0.title,
        p1_0.updated_at 
    from
        pocs p1_0 
    where
        p1_0.id=?
Hibernate: 
    select
        u1_0.id,
        u1_0.email,
        u1_0.name,
        u1_0.password,
        u1_0.role 
    from
        users u1_0 
    where
        u1_0.id=?
Hibernate: 
    select
        r1_0.id,
        r1_0.completed,
        r1_0.completed_at,
        r1_0.description,
        r1_0.display_order,
        r1_0.notes,
        r1_0.phase,
        r1_0.poc_id 
    from
        requirements r1_0 
    where
        r1_0.poc_id=? 
        and r1_0.phase=? 
    order by
        r1_0.display_order
Hibernate: 
    select
        u1_0.id,
        u1_0.email,
        u1_0.name,
        u1_0.password,
        u1_0.role 
    from
        users u1_0 
    where
        u1_0.email=?
Hibernate: 
    select
        u1_0.id,
        u1_0.email,
        u1_0.name,
        u1_0.password,
        u1_0.role 
    from
        users u1_0 
    where
        u1_0.email=?
2025-11-24T04:46:53.484-08:00  INFO 69004 --- [ai-crm-dash] [nio-8080-exec-8] c.e.aicrmdash.service.DashboardService   : Calculating dashboard summary metrics
Hibernate: 
    select
        p1_0.id,
        p1_0.created_at,
        p1_0.current_phase,
        p1_0.customer_name,
        p1_0.deal_value,
        p1_0.description,
        p1_0.end_date,
        p1_0.kickoff_date,
        p1_0.owner_id,
        p1_0.projected_close_date,
        p1_0.status,
        p1_0.title,
        p1_0.updated_at 
    from
        pocs p1_0
Hibernate: 
    select
        p1_0.id,
        p1_0.created_at,
        p1_0.current_phase,
        p1_0.customer_name,
        p1_0.deal_value,
        p1_0.description,
        p1_0.end_date,
        p1_0.kickoff_date,
        p1_0.owner_id,
        p1_0.projected_close_date,
        p1_0.status,
        p1_0.title,
        p1_0.updated_at 
    from
        pocs p1_0
Hibernate: 
    select
        u1_0.id,
        u1_0.email,
        u1_0.name,
        u1_0.password,
        u1_0.role 
    from
        users u1_0 
    where
        u1_0.id=?
Hibernate: 
    select
        u1_0.id,
        u1_0.email,
        u1_0.name,
        u1_0.password,
        u1_0.role 
    from
        users u1_0 
    where
        u1_0.id=?
Hibernate: 
    select
        p1_0.id,
        p1_0.created_at,
        p1_0.current_phase,
        p1_0.customer_name,
        p1_0.deal_value,
        p1_0.description,
        p1_0.end_date,
        p1_0.kickoff_date,
        p1_0.owner_id,
        p1_0.projected_close_date,
        p1_0.status,
        p1_0.title,
        p1_0.updated_at 
    from
        pocs p1_0
Hibernate: 
    select
        p1_0.id,
        p1_0.created_at,
        p1_0.current_phase,
        p1_0.customer_name,
        p1_0.deal_value,
        p1_0.description,
        p1_0.end_date,
        p1_0.kickoff_date,
        p1_0.owner_id,
        p1_0.projected_close_date,
        p1_0.status,
        p1_0.title,
        p1_0.updated_at 
    from
        pocs p1_0
2025-11-24T04:46:53.487-08:00  INFO 69004 --- [ai-crm-dash] [nio-8080-exec-8] c.e.aicrmdash.service.DashboardService   : Dashboard metrics calculated: activePocs=1, atRiskPocs=0, pipelineValue=1000000.00
Hibernate: 
    select
        u1_0.id,
        u1_0.email,
        u1_0.name,
        u1_0.password,
        u1_0.role 
    from
        users u1_0 
    where
        u1_0.email=?
Hibernate: 
    select
        u1_0.id,
        u1_0.email,
        u1_0.name,
        u1_0.password,
        u1_0.role 
    from
        users u1_0 
    where
        u1_0.email=?
2025-11-24T04:46:53.491-08:00  INFO 69004 --- [ai-crm-dash] [nio-8080-exec-7] c.e.aicrmdash.service.DashboardService   : Calculating dashboard summary metrics
Hibernate: 
    select
        p1_0.id,
        p1_0.created_at,
        p1_0.current_phase,
        p1_0.customer_name,
        p1_0.deal_value,
        p1_0.description,
        p1_0.end_date,
        p1_0.kickoff_date,
        p1_0.owner_id,
        p1_0.projected_close_date,
        p1_0.status,
        p1_0.title,
        p1_0.updated_at 
    from
        pocs p1_0
Hibernate: 
    select
        p1_0.id,
        p1_0.created_at,
        p1_0.current_phase,
        p1_0.customer_name,
        p1_0.deal_value,
        p1_0.description,
        p1_0.end_date,
        p1_0.kickoff_date,
        p1_0.owner_id,
        p1_0.projected_close_date,
        p1_0.status,
        p1_0.title,
        p1_0.updated_at 
    from
        pocs p1_0
Hibernate: 
    select
        u1_0.id,
        u1_0.email,
        u1_0.name,
        u1_0.password,
        u1_0.role 
    from
        users u1_0 
    where
        u1_0.id=?
Hibernate: 
    select
        u1_0.id,
        u1_0.email,
        u1_0.name,
        u1_0.password,
        u1_0.role 
    from
        users u1_0 
    where
        u1_0.id=?
Hibernate: 
    select
        p1_0.id,
        p1_0.created_at,
        p1_0.current_phase,
        p1_0.customer_name,
        p1_0.deal_value,
        p1_0.description,
        p1_0.end_date,
        p1_0.kickoff_date,
        p1_0.owner_id,
        p1_0.projected_close_date,
        p1_0.status,
        p1_0.title,
        p1_0.updated_at 
    from
        pocs p1_0
Hibernate: 
    select
        p1_0.id,
        p1_0.created_at,
        p1_0.current_phase,
        p1_0.customer_name,
        p1_0.deal_value,
        p1_0.description,
        p1_0.end_date,
        p1_0.kickoff_date,
        p1_0.owner_id,
        p1_0.projected_close_date,
        p1_0.status,
        p1_0.title,
        p1_0.updated_at 
    from
        pocs p1_0
2025-11-24T04:46:53.492-08:00  INFO 69004 --- [ai-crm-dash] [nio-8080-exec-7] c.e.aicrmdash.service.DashboardService   : Dashboard metrics calculated: activePocs=1, atRiskPocs=0, pipelineValue=1000000.00
Hibernate: 
    select
        u1_0.id,
        u1_0.email,
        u1_0.name,
        u1_0.password,
        u1_0.role 
    from
        users u1_0 
    where
        u1_0.email=?
Hibernate: 
    select
        u1_0.id,
        u1_0.email,
        u1_0.name,
        u1_0.password,
        u1_0.role 
    from
        users u1_0 
    where
        u1_0.email=?
Hibernate: 
    select
        p1_0.id,
        p1_0.created_at,
        p1_0.current_phase,
        p1_0.customer_name,
        p1_0.deal_value,
        p1_0.description,
        p1_0.end_date,
        p1_0.kickoff_date,
        o1_0.id,
        o1_0.email,
        o1_0.name,
        o1_0.password,
        o1_0.role,
        p1_0.owner_id,
        p1_0.projected_close_date,
        p1_0.status,
        p1_0.title,
        p1_0.updated_at 
    from
        pocs p1_0 
    left join
        users o1_0 
            on o1_0.id=p1_0.owner_id 
    where
        p1_0.id=?
Hibernate: 
    select
        p1_0.id,
        p1_0.created_at,
        p1_0.current_phase,
        p1_0.customer_name,
        p1_0.deal_value,
        p1_0.description,
        p1_0.end_date,
        p1_0.kickoff_date,
        p1_0.owner_id,
        p1_0.projected_close_date,
        p1_0.status,
        p1_0.title,
        p1_0.updated_at 
    from
        pocs p1_0 
    where
        p1_0.id=?
Hibernate: 
    select
        u1_0.id,
        u1_0.email,
        u1_0.name,
        u1_0.password,
        u1_0.role 
    from
        users u1_0 
    where
        u1_0.id=?
Hibernate: 
    select
        r1_0.id,
        r1_0.completed,
        r1_0.completed_at,
        r1_0.description,
        r1_0.display_order,
        r1_0.notes,
        r1_0.phase,
        r1_0.poc_id 
    from
        requirements r1_0 
    where
        r1_0.poc_id=? 
        and r1_0.phase=? 
    order by
        r1_0.display_order
Hibernate: 
    select
        u1_0.id,
        u1_0.email,
        u1_0.name,
        u1_0.password,
        u1_0.role 
    from
        users u1_0 
    where
        u1_0.email=?
Hibernate: 
    select
        u1_0.id,
        u1_0.email,
        u1_0.name,
        u1_0.password,
        u1_0.role 
    from
        users u1_0 
    where
        u1_0.email=?
Hibernate: 
    select
        p1_0.id,
        p1_0.created_at,
        p1_0.current_phase,
        p1_0.customer_name,
        p1_0.deal_value,
        p1_0.description,
        p1_0.end_date,
        p1_0.kickoff_date,
        p1_0.owner_id,
        p1_0.projected_close_date,
        p1_0.status,
        p1_0.title,
        p1_0.updated_at 
    from
        pocs p1_0 
    where
        p1_0.id=?
Hibernate: 
    select
        p1_0.id,
        p1_0.created_at,
        p1_0.current_phase,
        p1_0.customer_name,
        p1_0.deal_value,
        p1_0.description,
        p1_0.end_date,
        p1_0.kickoff_date,
        o1_0.id,
        o1_0.email,
        o1_0.name,
        o1_0.password,
        o1_0.role,
        p1_0.owner_id,
        p1_0.projected_close_date,
        p1_0.status,
        p1_0.title,
        p1_0.updated_at 
    from
        pocs p1_0 
    left join
        users o1_0 
            on o1_0.id=p1_0.owner_id 
    where
        p1_0.id=?
Hibernate: 
    select
        u1_0.id,
        u1_0.email,
        u1_0.name,
        u1_0.password,
        u1_0.role 
    from
        users u1_0 
    where
        u1_0.id=?
Hibernate: 
    select
        r1_0.id,
        r1_0.completed,
        r1_0.completed_at,
        r1_0.description,
        r1_0.display_order,
        r1_0.notes,
        r1_0.phase,
        r1_0.poc_id 
    from
        requirements r1_0 
    where
        r1_0.poc_id=? 
        and r1_0.phase=? 
    order by
        r1_0.display_order
Hibernate: 
    select
        u1_0.id,
        u1_0.email,
        u1_0.name,
        u1_0.password,
        u1_0.role 
    from
        users u1_0 
    where
        u1_0.email=?
Hibernate: 
    select
        u1_0.id,
        u1_0.email,
        u1_0.name,
        u1_0.password,
        u1_0.role 
    from
        users u1_0 
    where
        u1_0.email=?
2025-11-24T04:46:58.823-08:00  INFO 69004 --- [ai-crm-dash] [nio-8080-exec-3] c.example.aicrmdash.service.UserService  : Retrieving all users
Hibernate: 
    select
        p1_0.id,
        p1_0.created_at,
        p1_0.current_phase,
        p1_0.customer_name,
        p1_0.deal_value,
        p1_0.description,
        p1_0.end_date,
        p1_0.kickoff_date,
        o1_0.id,
        o1_0.email,
        o1_0.name,
        o1_0.password,
        o1_0.role,
        p1_0.owner_id,
        p1_0.projected_close_date,
        p1_0.status,
        p1_0.title,
        p1_0.updated_at 
    from
        pocs p1_0 
    left join
        users o1_0 
            on o1_0.id=p1_0.owner_id 
    where
        p1_0.id=?
Hibernate: 
    select
        u1_0.id,
        u1_0.email,
        u1_0.name,
        u1_0.password,
        u1_0.role 
    from
        users u1_0
2025-11-24T04:46:58.824-08:00  INFO 69004 --- [ai-crm-dash] [nio-8080-exec-3] c.example.aicrmdash.service.UserService  : Retrieved 3 users
Hibernate: 
    select
        u1_0.id,
        u1_0.email,
        u1_0.name,
        u1_0.password,
        u1_0.role 
    from
        users u1_0 
    where
        u1_0.email=?
Hibernate: 
    select
        u1_0.id,
        u1_0.email,
        u1_0.name,
        u1_0.password,
        u1_0.role 
    from
        users u1_0 
    where
        u1_0.email=?
2025-11-24T04:46:58.830-08:00  INFO 69004 --- [ai-crm-dash] [nio-8080-exec-6] c.example.aicrmdash.service.UserService  : Retrieving all users
Hibernate: 
    select
        u1_0.id,
        u1_0.email,
        u1_0.name,
        u1_0.password,
        u1_0.role 
    from
        users u1_0
Hibernate: 
    select
        p1_0.id,
        p1_0.created_at,
        p1_0.current_phase,
        p1_0.customer_name,
        p1_0.deal_value,
        p1_0.description,
        p1_0.end_date,
        p1_0.kickoff_date,
        o1_0.id,
        o1_0.email,
        o1_0.name,
        o1_0.password,
        o1_0.role,
        p1_0.owner_id,
        p1_0.projected_close_date,
        p1_0.status,
        p1_0.title,
        p1_0.updated_at 
    from
        pocs p1_0 
    left join
        users o1_0 
            on o1_0.id=p1_0.owner_id 
    where
        p1_0.id=?
2025-11-24T04:46:58.830-08:00  INFO 69004 --- [ai-crm-dash] [nio-8080-exec-6] c.example.aicrmdash.service.UserService  : Retrieved 3 users
Hibernate: 
    select
        u1_0.id,
        u1_0.email,
        u1_0.name,
        u1_0.password,
        u1_0.role 
    from
        users u1_0 
    where
        u1_0.email=?
2025-11-24T04:47:52.598-08:00  INFO 69004 --- [ai-crm-dash] [nio-8080-exec-7] c.example.aicrmdash.service.PocService   : Updating POC: id=1
Hibernate: 
    select
        p1_0.id,
        p1_0.created_at,
        p1_0.current_phase,
        p1_0.customer_name,
        p1_0.deal_value,
        p1_0.description,
        p1_0.end_date,
        p1_0.kickoff_date,
        o1_0.id,
        o1_0.email,
        o1_0.name,
        o1_0.password,
        o1_0.role,
        p1_0.owner_id,
        p1_0.projected_close_date,
        p1_0.status,
        p1_0.title,
        p1_0.updated_at 
    from
        pocs p1_0 
    left join
        users o1_0 
            on o1_0.id=p1_0.owner_id 
    where
        p1_0.id=?
Hibernate: 
    select
        count(*) 
    from
        users u1_0 
    where
        u1_0.id=?
2025-11-24T04:47:52.599-08:00  INFO 69004 --- [ai-crm-dash] [nio-8080-exec-7] c.example.aicrmdash.service.PocService   : POC updated successfully: id=1
Hibernate: 
    update
        pocs 
    set
        current_phase=?,
        customer_name=?,
        deal_value=?,
        description=?,
        end_date=?,
        kickoff_date=?,
        owner_id=?,
        projected_close_date=?,
        status=?,
        title=?,
        updated_at=? 
    where
        id=?
Hibernate: 
    select
        p1_0.id,
        p1_0.created_at,
        p1_0.current_phase,
        p1_0.customer_name,
        p1_0.deal_value,
        p1_0.description,
        p1_0.end_date,
        p1_0.kickoff_date,
        o1_0.id,
        o1_0.email,
        o1_0.name,
        o1_0.password,
        o1_0.role,
        p1_0.owner_id,
        p1_0.projected_close_date,
        p1_0.status,
        p1_0.title,
        p1_0.updated_at 
    from
        pocs p1_0 
    left join
        users o1_0 
            on o1_0.id=p1_0.owner_id 
    where
        p1_0.id=?
Hibernate: 
    select
        u1_0.id,
        u1_0.email,
        u1_0.name,
        u1_0.password,
        u1_0.role 
    from
        users u1_0 
    where
        u1_0.email=?
Hibernate: 
    select
        u1_0.id,
        u1_0.email,
        u1_0.name,
        u1_0.password,
        u1_0.role 
    from
        users u1_0 
    where
        u1_0.email=?
Hibernate: 
    select
        p1_0.id,
        p1_0.created_at,
        p1_0.current_phase,
        p1_0.customer_name,
        p1_0.deal_value,
        p1_0.description,
        p1_0.end_date,
        p1_0.kickoff_date,
        o1_0.id,
        o1_0.email,
        o1_0.name,
        o1_0.password,
        o1_0.role,
        p1_0.owner_id,
        p1_0.projected_close_date,
        p1_0.status,
        p1_0.title,
        p1_0.updated_at 
    from
        pocs p1_0 
    left join
        users o1_0 
            on o1_0.id=p1_0.owner_id 
    where
        p1_0.id=?
Hibernate: 
    select
        p1_0.id,
        p1_0.created_at,
        p1_0.current_phase,
        p1_0.customer_name,
        p1_0.deal_value,
        p1_0.description,
        p1_0.end_date,
        p1_0.kickoff_date,
        p1_0.owner_id,
        p1_0.projected_close_date,
        p1_0.status,
        p1_0.title,
        p1_0.updated_at 
    from
        pocs p1_0 
    where
        p1_0.id=?
Hibernate: 
    select
        u1_0.id,
        u1_0.email,
        u1_0.name,
        u1_0.password,
        u1_0.role 
    from
        users u1_0 
    where
        u1_0.id=?
Hibernate: 
    select
        r1_0.id,
        r1_0.completed,
        r1_0.completed_at,
        r1_0.description,
        r1_0.display_order,
        r1_0.notes,
        r1_0.phase,
        r1_0.poc_id 
    from
        requirements r1_0 
    where
        r1_0.poc_id=? 
        and r1_0.phase=? 
    order by
        r1_0.display_order
Hibernate: 
    select
        u1_0.id,
        u1_0.email,
        u1_0.name,
        u1_0.password,
        u1_0.role 
    from
        users u1_0 
    where
        u1_0.email=?
Hibernate: 
    select
        u1_0.id,
        u1_0.email,
        u1_0.name,
        u1_0.password,
        u1_0.role 
    from
        users u1_0 
    where
        u1_0.email=?
Hibernate: 
    select
        p1_0.id,
        p1_0.created_at,
        p1_0.current_phase,
        p1_0.customer_name,
        p1_0.deal_value,
        p1_0.description,
        p1_0.end_date,
        p1_0.kickoff_date,
        p1_0.owner_id,
        p1_0.projected_close_date,
        p1_0.status,
        p1_0.title,
        p1_0.updated_at 
    from
        pocs p1_0 
    where
        p1_0.id=?
Hibernate: 
    select
        p1_0.id,
        p1_0.created_at,
        p1_0.current_phase,
        p1_0.customer_name,
        p1_0.deal_value,
        p1_0.description,
        p1_0.end_date,
        p1_0.kickoff_date,
        o1_0.id,
        o1_0.email,
        o1_0.name,
        o1_0.password,
        o1_0.role,
        p1_0.owner_id,
        p1_0.projected_close_date,
        p1_0.status,
        p1_0.title,
        p1_0.updated_at 
    from
        pocs p1_0 
    left join
        users o1_0 
            on o1_0.id=p1_0.owner_id 
    where
        p1_0.id=?
Hibernate: 
    select
        u1_0.id,
        u1_0.email,
        u1_0.name,
        u1_0.password,
        u1_0.role 
    from
        users u1_0 
    where
        u1_0.id=?
Hibernate: 
    select
        r1_0.id,
        r1_0.completed,
        r1_0.completed_at,
        r1_0.description,
        r1_0.display_order,
        r1_0.notes,
        r1_0.phase,
        r1_0.poc_id 
    from
        requirements r1_0 
    where
        r1_0.poc_id=? 
        and r1_0.phase=? 
    order by
        r1_0.display_order
Hibernate: 
    select
        u1_0.id,
        u1_0.email,
        u1_0.name,
        u1_0.password,
        u1_0.role 
    from
        users u1_0 
    where
        u1_0.email=?
Hibernate: 
    select
        u1_0.id,
        u1_0.email,
        u1_0.name,
        u1_0.password,
        u1_0.role 
    from
        users u1_0 
    where
        u1_0.email=?
2025-11-24T04:47:59.796-08:00  INFO 69004 --- [ai-crm-dash] [nio-8080-exec-4] c.example.aicrmdash.service.UserService  : Retrieving all users
Hibernate: 
    select
        u1_0.id,
        u1_0.email,
        u1_0.name,
        u1_0.password,
        u1_0.role 
    from
        users u1_0
Hibernate: 
    select
        p1_0.id,
        p1_0.created_at,
        p1_0.current_phase,
        p1_0.customer_name,
        p1_0.deal_value,
        p1_0.description,
        p1_0.end_date,
        p1_0.kickoff_date,
        p1_0.owner_id,
        p1_0.projected_close_date,
        p1_0.status,
        p1_0.title,
        p1_0.updated_at 
    from
        pocs p1_0
2025-11-24T04:47:59.796-08:00  INFO 69004 --- [ai-crm-dash] [nio-8080-exec-4] c.example.aicrmdash.service.UserService  : Retrieved 3 users
Hibernate: 
    select
        u1_0.id,
        u1_0.email,
        u1_0.name,
        u1_0.password,
        u1_0.role 
    from
        users u1_0 
    where
        u1_0.id=?
Hibernate: 
    select
        p1_0.id,
        p1_0.created_at,
        p1_0.current_phase,
        p1_0.customer_name,
        p1_0.deal_value,
        p1_0.description,
        p1_0.end_date,
        p1_0.kickoff_date,
        p1_0.owner_id,
        p1_0.projected_close_date,
        p1_0.status,
        p1_0.title,
        p1_0.updated_at 
    from
        pocs p1_0
Hibernate: 
    select
        u1_0.id,
        u1_0.email,
        u1_0.name,
        u1_0.password,
        u1_0.role 
    from
        users u1_0 
    where
        u1_0.email=?
Hibernate: 
    select
        u1_0.id,
        u1_0.email,
        u1_0.name,
        u1_0.password,
        u1_0.role 
    from
        users u1_0 
    where
        u1_0.email=?
2025-11-24T04:47:59.801-08:00  INFO 69004 --- [ai-crm-dash] [nio-8080-exec-3] c.example.aicrmdash.service.UserService  : Retrieving all users
Hibernate: 
    select
        u1_0.id,
        u1_0.email,
        u1_0.name,
        u1_0.password,
        u1_0.role 
    from
        users u1_0
Hibernate: 
    select
        p1_0.id,
        p1_0.created_at,
        p1_0.current_phase,
        p1_0.customer_name,
        p1_0.deal_value,
        p1_0.description,
        p1_0.end_date,
        p1_0.kickoff_date,
        p1_0.owner_id,
        p1_0.projected_close_date,
        p1_0.status,
        p1_0.title,
        p1_0.updated_at 
    from
        pocs p1_0
2025-11-24T04:47:59.801-08:00  INFO 69004 --- [ai-crm-dash] [nio-8080-exec-3] c.example.aicrmdash.service.UserService  : Retrieved 3 users
Hibernate: 
    select
        u1_0.id,
        u1_0.email,
        u1_0.name,
        u1_0.password,
        u1_0.role 
    from
        users u1_0 
    where
        u1_0.id=?
Hibernate: 
    select
        p1_0.id,
        p1_0.created_at,
        p1_0.current_phase,
        p1_0.customer_name,
        p1_0.deal_value,
        p1_0.description,
        p1_0.end_date,
        p1_0.kickoff_date,
        p1_0.owner_id,
        p1_0.projected_close_date,
        p1_0.status,
        p1_0.title,
        p1_0.updated_at 
    from
        pocs p1_0
Hibernate: 
    select
        u1_0.id,
        u1_0.email,
        u1_0.name,
        u1_0.password,
        u1_0.role 
    from
        users u1_0 
    where
        u1_0.email=?
Hibernate: 
    select
        u1_0.id,
        u1_0.email,
        u1_0.name,
        u1_0.password,
        u1_0.role 
    from
        users u1_0 
    where
        u1_0.email=?
Hibernate: 
    select
        p1_0.id,
        p1_0.created_at,
        p1_0.current_phase,
        p1_0.customer_name,
        p1_0.deal_value,
        p1_0.description,
        p1_0.end_date,
        p1_0.kickoff_date,
        o1_0.id,
        o1_0.email,
        o1_0.name,
        o1_0.password,
        o1_0.role,
        p1_0.owner_id,
        p1_0.projected_close_date,
        p1_0.status,
        p1_0.title,
        p1_0.updated_at 
    from
        pocs p1_0 
    left join
        users o1_0 
            on o1_0.id=p1_0.owner_id 
    where
        p1_0.id=?
Hibernate: 
    select
        p1_0.id,
        p1_0.created_at,
        p1_0.current_phase,
        p1_0.customer_name,
        p1_0.deal_value,
        p1_0.description,
        p1_0.end_date,
        p1_0.kickoff_date,
        p1_0.owner_id,
        p1_0.projected_close_date,
        p1_0.status,
        p1_0.title,
        p1_0.updated_at 
    from
        pocs p1_0 
    where
        p1_0.id=?
Hibernate: 
    select
        u1_0.id,
        u1_0.email,
        u1_0.name,
        u1_0.password,
        u1_0.role 
    from
        users u1_0 
    where
        u1_0.id=?
Hibernate: 
    select
        r1_0.id,
        r1_0.completed,
        r1_0.completed_at,
        r1_0.description,
        r1_0.display_order,
        r1_0.notes,
        r1_0.phase,
        r1_0.poc_id 
    from
        requirements r1_0 
    where
        r1_0.poc_id=? 
        and r1_0.phase=? 
    order by
        r1_0.display_order
Hibernate: 
    select
        u1_0.id,
        u1_0.email,
        u1_0.name,
        u1_0.password,
        u1_0.role 
    from
        users u1_0 
    where
        u1_0.email=?
Hibernate: 
    select
        u1_0.id,
        u1_0.email,
        u1_0.name,
        u1_0.password,
        u1_0.role 
    from
        users u1_0 
    where
        u1_0.email=?
Hibernate: 
    select
        p1_0.id,
        p1_0.created_at,
        p1_0.current_phase,
        p1_0.customer_name,
        p1_0.deal_value,
        p1_0.description,
        p1_0.end_date,
        p1_0.kickoff_date,
        p1_0.owner_id,
        p1_0.projected_close_date,
        p1_0.status,
        p1_0.title,
        p1_0.updated_at 
    from
        pocs p1_0 
    where
        p1_0.id=?
Hibernate: 
    select
        u1_0.id,
        u1_0.email,
        u1_0.name,
        u1_0.password,
        u1_0.role 
    from
        users u1_0 
    where
        u1_0.id=?
Hibernate: 
    select
        p1_0.id,
        p1_0.created_at,
        p1_0.current_phase,
        p1_0.customer_name,
        p1_0.deal_value,
        p1_0.description,
        p1_0.end_date,
        p1_0.kickoff_date,
        o1_0.id,
        o1_0.email,
        o1_0.name,
        o1_0.password,
        o1_0.role,
        p1_0.owner_id,
        p1_0.projected_close_date,
        p1_0.status,
        p1_0.title,
        p1_0.updated_at 
    from
        pocs p1_0 
    left join
        users o1_0 
            on o1_0.id=p1_0.owner_id 
    where
        p1_0.id=?
Hibernate: 
    select
        r1_0.id,
        r1_0.completed,
        r1_0.completed_at,
        r1_0.description,
        r1_0.display_order,
        r1_0.notes,
        r1_0.phase,
        r1_0.poc_id 
    from
        requirements r1_0 
    where
        r1_0.poc_id=? 
        and r1_0.phase=? 
    order by
        r1_0.display_order
Hibernate: 
    select
        u1_0.id,
        u1_0.email,
        u1_0.name,
        u1_0.password,
        u1_0.role 
    from
        users u1_0 
    where
        u1_0.email=?
Hibernate: 
    select
        u1_0.id,
        u1_0.email,
        u1_0.name,
        u1_0.password,
        u1_0.role 
    from
        users u1_0 
    where
        u1_0.email=?
2025-11-24T04:48:32.199-08:00  INFO 69004 --- [ai-crm-dash] [io-8080-exec-10] c.example.aicrmdash.service.UserService  : Retrieving all users
Hibernate: 
    select
        u1_0.id,
        u1_0.email,
        u1_0.name,
        u1_0.password,
        u1_0.role 
    from
        users u1_0
Hibernate: 
    select
        p1_0.id,
        p1_0.created_at,
        p1_0.current_phase,
        p1_0.customer_name,
        p1_0.deal_value,
        p1_0.description,
        p1_0.end_date,
        p1_0.kickoff_date,
        p1_0.owner_id,
        p1_0.projected_close_date,
        p1_0.status,
        p1_0.title,
        p1_0.updated_at 
    from
        pocs p1_0
2025-11-24T04:48:32.200-08:00  INFO 69004 --- [ai-crm-dash] [io-8080-exec-10] c.example.aicrmdash.service.UserService  : Retrieved 3 users
Hibernate: 
    select
        u1_0.id,
        u1_0.email,
        u1_0.name,
        u1_0.password,
        u1_0.role 
    from
        users u1_0 
    where
        u1_0.id=?
Hibernate: 
    select
        p1_0.id,
        p1_0.created_at,
        p1_0.current_phase,
        p1_0.customer_name,
        p1_0.deal_value,
        p1_0.description,
        p1_0.end_date,
        p1_0.kickoff_date,
        p1_0.owner_id,
        p1_0.projected_close_date,
        p1_0.status,
        p1_0.title,
        p1_0.updated_at 
    from
        pocs p1_0
Hibernate: 
    select
        u1_0.id,
        u1_0.email,
        u1_0.name,
        u1_0.password,
        u1_0.role 
    from
        users u1_0 
    where
        u1_0.email=?
Hibernate: 
    select
        u1_0.id,
        u1_0.email,
        u1_0.name,
        u1_0.password,
        u1_0.role 
    from
        users u1_0 
    where
        u1_0.email=?
2025-11-24T04:48:32.205-08:00  INFO 69004 --- [ai-crm-dash] [nio-8080-exec-4] c.example.aicrmdash.service.UserService  : Retrieving all users
Hibernate: 
    select
        u1_0.id,
        u1_0.email,
        u1_0.name,
        u1_0.password,
        u1_0.role 
    from
        users u1_0
2025-11-24T04:48:32.205-08:00  INFO 69004 --- [ai-crm-dash] [nio-8080-exec-4] c.example.aicrmdash.service.UserService  : Retrieved 3 users
Hibernate: 
    select
        p1_0.id,
        p1_0.created_at,
        p1_0.current_phase,
        p1_0.customer_name,
        p1_0.deal_value,
        p1_0.description,
        p1_0.end_date,
        p1_0.kickoff_date,
        p1_0.owner_id,
        p1_0.projected_close_date,
        p1_0.status,
        p1_0.title,
        p1_0.updated_at 
    from
        pocs p1_0
Hibernate: 
    select
        u1_0.id,
        u1_0.email,
        u1_0.name,
        u1_0.password,
        u1_0.role 
    from
        users u1_0 
    where
        u1_0.id=?
Hibernate: 
    select
        p1_0.id,
        p1_0.created_at,
        p1_0.current_phase,
        p1_0.customer_name,
        p1_0.deal_value,
        p1_0.description,
        p1_0.end_date,
        p1_0.kickoff_date,
        p1_0.owner_id,
        p1_0.projected_close_date,
        p1_0.status,
        p1_0.title,
        p1_0.updated_at 
    from
        pocs p1_0
Hibernate: 
    select
        u1_0.id,
        u1_0.email,
        u1_0.name,
        u1_0.password,
        u1_0.role 
    from
        users u1_0 
    where
        u1_0.email=?
Hibernate: 
    select
        u1_0.id,
        u1_0.email,
        u1_0.name,
        u1_0.password,
        u1_0.role 
    from
        users u1_0 
    where
        u1_0.email=?
2025-11-24T04:48:45.268-08:00  INFO 69004 --- [ai-crm-dash] [nio-8080-exec-3] c.e.aicrmdash.service.DashboardService   : Calculating dashboard summary metrics
Hibernate: 
    select
        p1_0.id,
        p1_0.created_at,
        p1_0.current_phase,
        p1_0.customer_name,
        p1_0.deal_value,
        p1_0.description,
        p1_0.end_date,
        p1_0.kickoff_date,
        p1_0.owner_id,
        p1_0.projected_close_date,
        p1_0.status,
        p1_0.title,
        p1_0.updated_at 
    from
        pocs p1_0
Hibernate: 
    select
        p1_0.id,
        p1_0.created_at,
        p1_0.current_phase,
        p1_0.customer_name,
        p1_0.deal_value,
        p1_0.description,
        p1_0.end_date,
        p1_0.kickoff_date,
        p1_0.owner_id,
        p1_0.projected_close_date,
        p1_0.status,
        p1_0.title,
        p1_0.updated_at 
    from
        pocs p1_0
Hibernate: 
    select
        u1_0.id,
        u1_0.email,
        u1_0.name,
        u1_0.password,
        u1_0.role 
    from
        users u1_0 
    where
        u1_0.id=?
Hibernate: 
    select
        u1_0.id,
        u1_0.email,
        u1_0.name,
        u1_0.password,
        u1_0.role 
    from
        users u1_0 
    where
        u1_0.id=?
Hibernate: 
    select
        p1_0.id,
        p1_0.created_at,
        p1_0.current_phase,
        p1_0.customer_name,
        p1_0.deal_value,
        p1_0.description,
        p1_0.end_date,
        p1_0.kickoff_date,
        p1_0.owner_id,
        p1_0.projected_close_date,
        p1_0.status,
        p1_0.title,
        p1_0.updated_at 
    from
        pocs p1_0
Hibernate: 
    select
        p1_0.id,
        p1_0.created_at,
        p1_0.current_phase,
        p1_0.customer_name,
        p1_0.deal_value,
        p1_0.description,
        p1_0.end_date,
        p1_0.kickoff_date,
        p1_0.owner_id,
        p1_0.projected_close_date,
        p1_0.status,
        p1_0.title,
        p1_0.updated_at 
    from
        pocs p1_0
2025-11-24T04:48:45.270-08:00  INFO 69004 --- [ai-crm-dash] [nio-8080-exec-3] c.e.aicrmdash.service.DashboardService   : Dashboard metrics calculated: activePocs=1, atRiskPocs=0, pipelineValue=1000000.00
Hibernate: 
    select
        u1_0.id,
        u1_0.email,
        u1_0.name,
        u1_0.password,
        u1_0.role 
    from
        users u1_0 
    where
        u1_0.email=?
Hibernate: 
    select
        u1_0.id,
        u1_0.email,
        u1_0.name,
        u1_0.password,
        u1_0.role 
    from
        users u1_0 
    where
        u1_0.email=?
2025-11-24T04:48:45.275-08:00  INFO 69004 --- [ai-crm-dash] [nio-8080-exec-8] c.e.aicrmdash.service.DashboardService   : Calculating dashboard summary metrics
Hibernate: 
    select
        p1_0.id,
        p1_0.created_at,
        p1_0.current_phase,
        p1_0.customer_name,
        p1_0.deal_value,
        p1_0.description,
        p1_0.end_date,
        p1_0.kickoff_date,
        p1_0.owner_id,
        p1_0.projected_close_date,
        p1_0.status,
        p1_0.title,
        p1_0.updated_at 
    from
        pocs p1_0
Hibernate: 
    select
        p1_0.id,
        p1_0.created_at,
        p1_0.current_phase,
        p1_0.customer_name,
        p1_0.deal_value,
        p1_0.description,
        p1_0.end_date,
        p1_0.kickoff_date,
        p1_0.owner_id,
        p1_0.projected_close_date,
        p1_0.status,
        p1_0.title,
        p1_0.updated_at 
    from
        pocs p1_0
Hibernate: 
    select
        u1_0.id,
        u1_0.email,
        u1_0.name,
        u1_0.password,
        u1_0.role 
    from
        users u1_0 
    where
        u1_0.id=?
Hibernate: 
    select
        u1_0.id,
        u1_0.email,
        u1_0.name,
        u1_0.password,
        u1_0.role 
    from
        users u1_0 
    where
        u1_0.id=?
Hibernate: 
    select
        p1_0.id,
        p1_0.created_at,
        p1_0.current_phase,
        p1_0.customer_name,
        p1_0.deal_value,
        p1_0.description,
        p1_0.end_date,
        p1_0.kickoff_date,
        p1_0.owner_id,
        p1_0.projected_close_date,
        p1_0.status,
        p1_0.title,
        p1_0.updated_at 
    from
        pocs p1_0
Hibernate: 
    select
        p1_0.id,
        p1_0.created_at,
        p1_0.current_phase,
        p1_0.customer_name,
        p1_0.deal_value,
        p1_0.description,
        p1_0.end_date,
        p1_0.kickoff_date,
        p1_0.owner_id,
        p1_0.projected_close_date,
        p1_0.status,
        p1_0.title,
        p1_0.updated_at 
    from
        pocs p1_0
2025-11-24T04:48:45.276-08:00  INFO 69004 --- [ai-crm-dash] [nio-8080-exec-8] c.e.aicrmdash.service.DashboardService   : Dashboard metrics calculated: activePocs=1, atRiskPocs=0, pipelineValue=1000000.00
Hibernate: 
    select
        u1_0.id,
        u1_0.email,
        u1_0.name,
        u1_0.password,
        u1_0.role 
    from
        users u1_0 
    where
        u1_0.email=?
Hibernate: 
    select
        u1_0.id,
        u1_0.email,
        u1_0.name,
        u1_0.password,
        u1_0.role 
    from
        users u1_0 
    where
        u1_0.email=?
Hibernate: 
    select
        p1_0.id,
        p1_0.created_at,
        p1_0.current_phase,
        p1_0.customer_name,
        p1_0.deal_value,
        p1_0.description,
        p1_0.end_date,
        p1_0.kickoff_date,
        o1_0.id,
        o1_0.email,
        o1_0.name,
        o1_0.password,
        o1_0.role,
        p1_0.owner_id,
        p1_0.projected_close_date,
        p1_0.status,
        p1_0.title,
        p1_0.updated_at 
    from
        pocs p1_0 
    left join
        users o1_0 
            on o1_0.id=p1_0.owner_id 
    where
        p1_0.id=?
Hibernate: 
    select
        p1_0.id,
        p1_0.created_at,
        p1_0.current_phase,
        p1_0.customer_name,
        p1_0.deal_value,
        p1_0.description,
        p1_0.end_date,
        p1_0.kickoff_date,
        p1_0.owner_id,
        p1_0.projected_close_date,
        p1_0.status,
        p1_0.title,
        p1_0.updated_at 
    from
        pocs p1_0 
    where
        p1_0.id=?
Hibernate: 
    select
        u1_0.id,
        u1_0.email,
        u1_0.name,
        u1_0.password,
        u1_0.role 
    from
        users u1_0 
    where
        u1_0.id=?
Hibernate: 
    select
        r1_0.id,
        r1_0.completed,
        r1_0.completed_at,
        r1_0.description,
        r1_0.display_order,
        r1_0.notes,
        r1_0.phase,
        r1_0.poc_id 
    from
        requirements r1_0 
    where
        r1_0.poc_id=? 
        and r1_0.phase=? 
    order by
        r1_0.display_order
Hibernate: 
    select
        u1_0.id,
        u1_0.email,
        u1_0.name,
        u1_0.password,
        u1_0.role 
    from
        users u1_0 
    where
        u1_0.email=?
Hibernate: 
    select
        p1_0.id,
        p1_0.created_at,
        p1_0.current_phase,
        p1_0.customer_name,
        p1_0.deal_value,
        p1_0.description,
        p1_0.end_date,
        p1_0.kickoff_date,
        o1_0.id,
        o1_0.email,
        o1_0.name,
        o1_0.password,
        o1_0.role,
        p1_0.owner_id,
        p1_0.projected_close_date,
        p1_0.status,
        p1_0.title,
        p1_0.updated_at 
    from
        pocs p1_0 
    left join
        users o1_0 
            on o1_0.id=p1_0.owner_id 
    where
        p1_0.id=?
Hibernate: 
    select
        u1_0.id,
        u1_0.email,
        u1_0.name,
        u1_0.password,
        u1_0.role 
    from
        users u1_0 
    where
        u1_0.email=?
Hibernate: 
    select
        p1_0.id,
        p1_0.created_at,
        p1_0.current_phase,
        p1_0.customer_name,
        p1_0.deal_value,
        p1_0.description,
        p1_0.end_date,
        p1_0.kickoff_date,
        p1_0.owner_id,
        p1_0.projected_close_date,
        p1_0.status,
        p1_0.title,
        p1_0.updated_at 
    from
        pocs p1_0 
    where
        p1_0.id=?
Hibernate: 
    select
        u1_0.id,
        u1_0.email,
        u1_0.name,
        u1_0.password,
        u1_0.role 
    from
        users u1_0 
    where
        u1_0.id=?
Hibernate: 
    select
        r1_0.id,
        r1_0.completed,
        r1_0.completed_at,
        r1_0.description,
        r1_0.display_order,
        r1_0.notes,
        r1_0.phase,
        r1_0.poc_id 
    from
        requirements r1_0 
    where
        r1_0.poc_id=? 
        and r1_0.phase=? 
    order by
        r1_0.display_order
Hibernate: 
    select
        u1_0.id,
        u1_0.email,
        u1_0.name,
        u1_0.password,
        u1_0.role 
    from
        users u1_0 
    where
        u1_0.email=?
Hibernate: 
    select
        u1_0.id,
        u1_0.email,
        u1_0.name,
        u1_0.password,
        u1_0.role 
    from
        users u1_0 
    where
        u1_0.email=?
2025-11-24T04:48:55.469-08:00  INFO 69004 --- [ai-crm-dash] [nio-8080-exec-9] c.example.aicrmdash.service.UserService  : Retrieving all users
Hibernate: 
    select
        u1_0.id,
        u1_0.email,
        u1_0.name,
        u1_0.password,
        u1_0.role 
    from
        users u1_0
2025-11-24T04:48:55.469-08:00  INFO 69004 --- [ai-crm-dash] [nio-8080-exec-9] c.example.aicrmdash.service.UserService  : Retrieved 3 users
Hibernate: 
    select
        p1_0.id,
        p1_0.created_at,
        p1_0.current_phase,
        p1_0.customer_name,
        p1_0.deal_value,
        p1_0.description,
        p1_0.end_date,
        p1_0.kickoff_date,
        p1_0.owner_id,
        p1_0.projected_close_date,
        p1_0.status,
        p1_0.title,
        p1_0.updated_at 
    from
        pocs p1_0
Hibernate: 
    select
        u1_0.id,
        u1_0.email,
        u1_0.name,
        u1_0.password,
        u1_0.role 
    from
        users u1_0 
    where
        u1_0.id=?
Hibernate: 
    select
        p1_0.id,
        p1_0.created_at,
        p1_0.current_phase,
        p1_0.customer_name,
        p1_0.deal_value,
        p1_0.description,
        p1_0.end_date,
        p1_0.kickoff_date,
        p1_0.owner_id,
        p1_0.projected_close_date,
        p1_0.status,
        p1_0.title,
        p1_0.updated_at 
    from
        pocs p1_0
Hibernate: 
    select
        u1_0.id,
        u1_0.email,
        u1_0.name,
        u1_0.password,
        u1_0.role 
    from
        users u1_0 
    where
        u1_0.email=?
Hibernate: 
    select
        u1_0.id,
        u1_0.email,
        u1_0.name,
        u1_0.password,
        u1_0.role 
    from
        users u1_0 
    where
        u1_0.email=?
2025-11-24T04:48:55.474-08:00  INFO 69004 --- [ai-crm-dash] [nio-8080-exec-6] c.example.aicrmdash.service.UserService  : Retrieving all users
Hibernate: 
    select
        u1_0.id,
        u1_0.email,
        u1_0.name,
        u1_0.password,
        u1_0.role 
    from
        users u1_0
2025-11-24T04:48:55.474-08:00  INFO 69004 --- [ai-crm-dash] [nio-8080-exec-6] c.example.aicrmdash.service.UserService  : Retrieved 3 users
Hibernate: 
    select
        p1_0.id,
        p1_0.created_at,
        p1_0.current_phase,
        p1_0.customer_name,
        p1_0.deal_value,
        p1_0.description,
        p1_0.end_date,
        p1_0.kickoff_date,
        p1_0.owner_id,
        p1_0.projected_close_date,
        p1_0.status,
        p1_0.title,
        p1_0.updated_at 
    from
        pocs p1_0
Hibernate: 
    select
        u1_0.id,
        u1_0.email,
        u1_0.name,
        u1_0.password,
        u1_0.role 
    from
        users u1_0 
    where
        u1_0.id=?
Hibernate: 
    select
        p1_0.id,
        p1_0.created_at,
        p1_0.current_phase,
        p1_0.customer_name,
        p1_0.deal_value,
        p1_0.description,
        p1_0.end_date,
        p1_0.kickoff_date,
        p1_0.owner_id,
        p1_0.projected_close_date,
        p1_0.status,
        p1_0.title,
        p1_0.updated_at 
    from
        pocs p1_0
Hibernate: 
    select
        u1_0.id,
        u1_0.email,
        u1_0.name,
        u1_0.password,
        u1_0.role 
    from
        users u1_0 
    where
        u1_0.email=?
Hibernate: 
    select
        u1_0.id,
        u1_0.email,
        u1_0.name,
        u1_0.password,
        u1_0.role 
    from
        users u1_0 
    where
        u1_0.email=?
2025-11-24T05:42:15.048-08:00  INFO 69004 --- [ai-crm-dash] [nio-8080-exec-8] c.example.aicrmdash.service.UserService  : Retrieving all users
Hibernate: 
    select
        u1_0.id,
        u1_0.email,
        u1_0.name,
        u1_0.password,
        u1_0.role 
    from
        users u1_0
2025-11-24T05:42:15.049-08:00  INFO 69004 --- [ai-crm-dash] [nio-8080-exec-8] c.example.aicrmdash.service.UserService  : Retrieved 3 users
Hibernate: 
    select
        p1_0.id,
        p1_0.created_at,
        p1_0.current_phase,
        p1_0.customer_name,
        p1_0.deal_value,
        p1_0.description,
        p1_0.end_date,
        p1_0.kickoff_date,
        p1_0.owner_id,
        p1_0.projected_close_date,
        p1_0.status,
        p1_0.title,
        p1_0.updated_at 
    from
        pocs p1_0
Hibernate: 
    select
        u1_0.id,
        u1_0.email,
        u1_0.name,
        u1_0.password,
        u1_0.role 
    from
        users u1_0 
    where
        u1_0.id=?
Hibernate: 
    select
        p1_0.id,
        p1_0.created_at,
        p1_0.current_phase,
        p1_0.customer_name,
        p1_0.deal_value,
        p1_0.description,
        p1_0.end_date,
        p1_0.kickoff_date,
        p1_0.owner_id,
        p1_0.projected_close_date,
        p1_0.status,
        p1_0.title,
        p1_0.updated_at 
    from
        pocs p1_0
Hibernate: 
    select
        u1_0.id,
        u1_0.email,
        u1_0.name,
        u1_0.password,
        u1_0.role 
    from
        users u1_0 
    where
        u1_0.email=?
Hibernate: 
    select
        u1_0.id,
        u1_0.email,
        u1_0.name,
        u1_0.password,
        u1_0.role 
    from
        users u1_0 
    where
        u1_0.email=?
2025-11-24T05:42:15.051-08:00  INFO 69004 --- [ai-crm-dash] [nio-8080-exec-2] c.example.aicrmdash.service.UserService  : Retrieving all users
Hibernate: 
    select
        u1_0.id,
        u1_0.email,
        u1_0.name,
        u1_0.password,
        u1_0.role 
    from
        users u1_0
2025-11-24T05:42:15.051-08:00  INFO 69004 --- [ai-crm-dash] [nio-8080-exec-2] c.example.aicrmdash.service.UserService  : Retrieved 3 users
Hibernate: 
    select
        p1_0.id,
        p1_0.created_at,
        p1_0.current_phase,
        p1_0.customer_name,
        p1_0.deal_value,
        p1_0.description,
        p1_0.end_date,
        p1_0.kickoff_date,
        p1_0.owner_id,
        p1_0.projected_close_date,
        p1_0.status,
        p1_0.title,
        p1_0.updated_at 
    from
        pocs p1_0
Hibernate: 
    select
        u1_0.id,
        u1_0.email,
        u1_0.name,
        u1_0.password,
        u1_0.role 
    from
        users u1_0 
    where
        u1_0.id=?
Hibernate: 
    select
        p1_0.id,
        p1_0.created_at,
        p1_0.current_phase,
        p1_0.customer_name,
        p1_0.deal_value,
        p1_0.description,
        p1_0.end_date,
        p1_0.kickoff_date,
        p1_0.owner_id,
        p1_0.projected_close_date,
        p1_0.status,
        p1_0.title,
        p1_0.updated_at 
    from
        pocs p1_0
Hibernate: 
    select
        u1_0.id,
        u1_0.email,
        u1_0.name,
        u1_0.password,
        u1_0.role 
    from
        users u1_0 
    where
        u1_0.email=?
Hibernate: 
    select
        u1_0.id,
        u1_0.email,
        u1_0.name,
        u1_0.password,
        u1_0.role 
    from
        users u1_0 
    where
        u1_0.email=?
2025-11-24T05:44:16.031-08:00  INFO 69004 --- [ai-crm-dash] [nio-8080-exec-1] c.example.aicrmdash.service.UserService  : Retrieving all users
Hibernate: 
    select
        u1_0.id,
        u1_0.email,
        u1_0.name,
        u1_0.password,
        u1_0.role 
    from
        users u1_0
Hibernate: 
    select
        p1_0.id,
        p1_0.created_at,
        p1_0.current_phase,
        p1_0.customer_name,
        p1_0.deal_value,
        p1_0.description,
        p1_0.end_date,
        p1_0.kickoff_date,
        p1_0.owner_id,
        p1_0.projected_close_date,
        p1_0.status,
        p1_0.title,
        p1_0.updated_at 
    from
        pocs p1_0
2025-11-24T05:44:16.031-08:00  INFO 69004 --- [ai-crm-dash] [nio-8080-exec-1] c.example.aicrmdash.service.UserService  : Retrieved 3 users
Hibernate: 
    select
        u1_0.id,
        u1_0.email,
        u1_0.name,
        u1_0.password,
        u1_0.role 
    from
        users u1_0 
    where
        u1_0.id=?
Hibernate: 
    select
        p1_0.id,
        p1_0.created_at,
        p1_0.current_phase,
        p1_0.customer_name,
        p1_0.deal_value,
        p1_0.description,
        p1_0.end_date,
        p1_0.kickoff_date,
        p1_0.owner_id,
        p1_0.projected_close_date,
        p1_0.status,
        p1_0.title,
        p1_0.updated_at 
    from
        pocs p1_0
Hibernate: 
    select
        u1_0.id,
        u1_0.email,
        u1_0.name,
        u1_0.password,
        u1_0.role 
    from
        users u1_0 
    where
        u1_0.email=?
Hibernate: 
    select
        u1_0.id,
        u1_0.email,
        u1_0.name,
        u1_0.password,
        u1_0.role 
    from
        users u1_0 
    where
        u1_0.email=?
2025-11-24T05:44:16.036-08:00  INFO 69004 --- [ai-crm-dash] [nio-8080-exec-9] c.example.aicrmdash.service.UserService  : Retrieving all users
Hibernate: 
    select
        u1_0.id,
        u1_0.email,
        u1_0.name,
        u1_0.password,
        u1_0.role 
    from
        users u1_0
2025-11-24T05:44:16.036-08:00  INFO 69004 --- [ai-crm-dash] [nio-8080-exec-9] c.example.aicrmdash.service.UserService  : Retrieved 3 users
Hibernate: 
    select
        p1_0.id,
        p1_0.created_at,
        p1_0.current_phase,
        p1_0.customer_name,
        p1_0.deal_value,
        p1_0.description,
        p1_0.end_date,
        p1_0.kickoff_date,
        p1_0.owner_id,
        p1_0.projected_close_date,
        p1_0.status,
        p1_0.title,
        p1_0.updated_at 
    from
        pocs p1_0
Hibernate: 
    select
        u1_0.id,
        u1_0.email,
        u1_0.name,
        u1_0.password,
        u1_0.role 
    from
        users u1_0 
    where
        u1_0.id=?
Hibernate: 
    select
        p1_0.id,
        p1_0.created_at,
        p1_0.current_phase,
        p1_0.customer_name,
        p1_0.deal_value,
        p1_0.description,
        p1_0.end_date,
        p1_0.kickoff_date,
        p1_0.owner_id,
        p1_0.projected_close_date,
        p1_0.status,
        p1_0.title,
        p1_0.updated_at 
    from
        pocs p1_0
2025-11-24T05:50:34.773-08:00  WARN 69004 --- [ai-crm-dash] [l-1:housekeeper] com.zaxxer.hikari.pool.HikariPool        : HikariPool-1 - Thread starvation or clock leap detected (housekeeper delta=6m20s384ms).
2025-11-24T05:53:57.723-08:00  WARN 69004 --- [ai-crm-dash] [l-1:housekeeper] com.zaxxer.hikari.pool.HikariPool        : HikariPool-1 - Thread starvation or clock leap detected (housekeeper delta=2m22s911ms).
Hibernate: 
    select
        u1_0.id,
        u1_0.email,
        u1_0.name,
        u1_0.password,
        u1_0.role 
    from
        users u1_0 
    where
        u1_0.email=?
Hibernate: 
    select
        u1_0.id,
        u1_0.email,
        u1_0.name,
        u1_0.password,
        u1_0.role 
    from
        users u1_0 
    where
        u1_0.email=?
2025-11-24T06:11:08.448-08:00  INFO 69004 --- [ai-crm-dash] [nio-8080-exec-3] c.example.aicrmdash.service.UserService  : Retrieving all users
Hibernate: 
    select
        u1_0.id,
        u1_0.email,
        u1_0.name,
        u1_0.password,
        u1_0.role 
    from
        users u1_0
Hibernate: 
    select
        p1_0.id,
        p1_0.created_at,
        p1_0.current_phase,
        p1_0.customer_name,
        p1_0.deal_value,
        p1_0.description,
        p1_0.end_date,
        p1_0.kickoff_date,
        p1_0.owner_id,
        p1_0.projected_close_date,
        p1_0.status,
        p1_0.title,
        p1_0.updated_at 
    from
        pocs p1_0
2025-11-24T06:11:08.449-08:00  INFO 69004 --- [ai-crm-dash] [nio-8080-exec-3] c.example.aicrmdash.service.UserService  : Retrieved 3 users
Hibernate: 
    select
        u1_0.id,
        u1_0.email,
        u1_0.name,
        u1_0.password,
        u1_0.role 
    from
        users u1_0 
    where
        u1_0.id=?
Hibernate: 
    select
        p1_0.id,
        p1_0.created_at,
        p1_0.current_phase,
        p1_0.customer_name,
        p1_0.deal_value,
        p1_0.description,
        p1_0.end_date,
        p1_0.kickoff_date,
        p1_0.owner_id,
        p1_0.projected_close_date,
        p1_0.status,
        p1_0.title,
        p1_0.updated_at 
    from
        pocs p1_0
Hibernate: 
    select
        u1_0.id,
        u1_0.email,
        u1_0.name,
        u1_0.password,
        u1_0.role 
    from
        users u1_0 
    where
        u1_0.email=?
Hibernate: 
    select
        u1_0.id,
        u1_0.email,
        u1_0.name,
        u1_0.password,
        u1_0.role 
    from
        users u1_0 
    where
        u1_0.email=?
2025-11-24T06:11:08.454-08:00  INFO 69004 --- [ai-crm-dash] [nio-8080-exec-8] c.example.aicrmdash.service.UserService  : Retrieving all users
Hibernate: 
    select
        u1_0.id,
        u1_0.email,
        u1_0.name,
        u1_0.password,
        u1_0.role 
    from
        users u1_0
2025-11-24T06:11:08.454-08:00  INFO 69004 --- [ai-crm-dash] [nio-8080-exec-8] c.example.aicrmdash.service.UserService  : Retrieved 3 users
Hibernate: 
    select
        p1_0.id,
        p1_0.created_at,
        p1_0.current_phase,
        p1_0.customer_name,
        p1_0.deal_value,
        p1_0.description,
        p1_0.end_date,
        p1_0.kickoff_date,
        p1_0.owner_id,
        p1_0.projected_close_date,
        p1_0.status,
        p1_0.title,
        p1_0.updated_at 
    from
        pocs p1_0
Hibernate: 
    select
        u1_0.id,
        u1_0.email,
        u1_0.name,
        u1_0.password,
        u1_0.role 
    from
        users u1_0 
    where
        u1_0.id=?
Hibernate: 
    select
        p1_0.id,
        p1_0.created_at,
        p1_0.current_phase,
        p1_0.customer_name,
        p1_0.deal_value,
        p1_0.description,
        p1_0.end_date,
        p1_0.kickoff_date,
        p1_0.owner_id,
        p1_0.projected_close_date,
        p1_0.status,
        p1_0.title,
        p1_0.updated_at 
    from
        pocs p1_0
2025-11-24T06:26:42.631-08:00  WARN 69004 --- [ai-crm-dash] [l-1:housekeeper] com.zaxxer.hikari.pool.HikariPool        : HikariPool-1 - Thread starvation or clock leap detected (housekeeper delta=15m44s771ms).
2025-11-24T06:43:53.377-08:00  WARN 69004 --- [ai-crm-dash] [l-1:housekeeper] com.zaxxer.hikari.pool.HikariPool        : HikariPool-1 - Thread starvation or clock leap detected (housekeeper delta=16m10s699ms).
2025-11-24T07:02:33.230-08:00  WARN 69004 --- [ai-crm-dash] [l-1:housekeeper] com.zaxxer.hikari.pool.HikariPool        : HikariPool-1 - Thread starvation or clock leap detected (housekeeper delta=17m39s823ms).
2025-11-24T07:20:13.576-08:00  WARN 69004 --- [ai-crm-dash] [l-1:housekeeper] com.zaxxer.hikari.pool.HikariPool        : HikariPool-1 - Thread starvation or clock leap detected (housekeeper delta=16m10s246ms).
2025-11-24T07:37:13.051-08:00  WARN 69004 --- [ai-crm-dash] [l-1:housekeeper] com.zaxxer.hikari.pool.HikariPool        : HikariPool-1 - Thread starvation or clock leap detected (housekeeper delta=15m59s434ms).
2025-11-24T07:45:26.446-08:00  WARN 69004 --- [ai-crm-dash] [l-1:housekeeper] com.zaxxer.hikari.pool.HikariPool        : HikariPool-1 - Thread starvation or clock leap detected (housekeeper delta=7m13s365ms).
Hibernate: 
    select
        u1_0.id,
        u1_0.email,
        u1_0.name,
        u1_0.password,
        u1_0.role 
    from
        users u1_0 
    where
        u1_0.email=?
Hibernate: 
    select
        u1_0.id,
        u1_0.email,
        u1_0.name,
        u1_0.password,
        u1_0.role 
    from
        users u1_0 
    where
        u1_0.email=?
2025-11-24T07:45:26.532-08:00  INFO 69004 --- [ai-crm-dash] [nio-8080-exec-5] c.example.aicrmdash.service.UserService  : Retrieving all users
Hibernate: 
    select
        u1_0.id,
        u1_0.email,
        u1_0.name,
        u1_0.password,
        u1_0.role 
    from
        users u1_0
2025-11-24T07:45:26.532-08:00  INFO 69004 --- [ai-crm-dash] [nio-8080-exec-5] c.example.aicrmdash.service.UserService  : Retrieved 3 users
Hibernate: 
    select
        p1_0.id,
        p1_0.created_at,
        p1_0.current_phase,
        p1_0.customer_name,
        p1_0.deal_value,
        p1_0.description,
        p1_0.end_date,
        p1_0.kickoff_date,
        p1_0.owner_id,
        p1_0.projected_close_date,
        p1_0.status,
        p1_0.title,
        p1_0.updated_at 
    from
        pocs p1_0
Hibernate: 
    select
        u1_0.id,
        u1_0.email,
        u1_0.name,
        u1_0.password,
        u1_0.role 
    from
        users u1_0 
    where
        u1_0.id=?
Hibernate: 
    select
        p1_0.id,
        p1_0.created_at,
        p1_0.current_phase,
        p1_0.customer_name,
        p1_0.deal_value,
        p1_0.description,
        p1_0.end_date,
        p1_0.kickoff_date,
        p1_0.owner_id,
        p1_0.projected_close_date,
        p1_0.status,
        p1_0.title,
        p1_0.updated_at 
    from
        pocs p1_0
Hibernate: 
    select
        u1_0.id,
        u1_0.email,
        u1_0.name,
        u1_0.password,
        u1_0.role 
    from
        users u1_0 
    where
        u1_0.email=?
Hibernate: 
    select
        u1_0.id,
        u1_0.email,
        u1_0.name,
        u1_0.password,
        u1_0.role 
    from
        users u1_0 
    where
        u1_0.email=?
2025-11-24T07:45:26.536-08:00  INFO 69004 --- [ai-crm-dash] [nio-8080-exec-1] c.example.aicrmdash.service.UserService  : Retrieving all users
Hibernate: 
    select
        u1_0.id,
        u1_0.email,
        u1_0.name,
        u1_0.password,
        u1_0.role 
    from
        users u1_0
2025-11-24T07:45:26.536-08:00  INFO 69004 --- [ai-crm-dash] [nio-8080-exec-1] c.example.aicrmdash.service.UserService  : Retrieved 3 users
Hibernate: 
    select
        p1_0.id,
        p1_0.created_at,
        p1_0.current_phase,
        p1_0.customer_name,
        p1_0.deal_value,
        p1_0.description,
        p1_0.end_date,
        p1_0.kickoff_date,
        p1_0.owner_id,
        p1_0.projected_close_date,
        p1_0.status,
        p1_0.title,
        p1_0.updated_at 
    from
        pocs p1_0
Hibernate: 
    select
        u1_0.id,
        u1_0.email,
        u1_0.name,
        u1_0.password,
        u1_0.role 
    from
        users u1_0 
    where
        u1_0.id=?
Hibernate: 
    select
        p1_0.id,
        p1_0.created_at,
        p1_0.current_phase,
        p1_0.customer_name,
        p1_0.deal_value,
        p1_0.description,
        p1_0.end_date,
        p1_0.kickoff_date,
        p1_0.owner_id,
        p1_0.projected_close_date,
        p1_0.status,
        p1_0.title,
        p1_0.updated_at 
    from
        pocs p1_0
Hibernate: 
    select
        u1_0.id,
        u1_0.email,
        u1_0.name,
        u1_0.password,
        u1_0.role 
    from
        users u1_0 
    where
        u1_0.email=?
Hibernate: 
    select
        u1_0.id,
        u1_0.email,
        u1_0.name,
        u1_0.password,
        u1_0.role 
    from
        users u1_0 
    where
        u1_0.email=?
2025-11-24T07:47:52.720-08:00  INFO 69004 --- [ai-crm-dash] [nio-8080-exec-4] c.example.aicrmdash.service.UserService  : Retrieving all users
Hibernate: 
    select
        p1_0.id,
        p1_0.created_at,
        p1_0.current_phase,
        p1_0.customer_name,
        p1_0.deal_value,
        p1_0.description,
        p1_0.end_date,
        p1_0.kickoff_date,
        p1_0.owner_id,
        p1_0.projected_close_date,
        p1_0.status,
        p1_0.title,
        p1_0.updated_at 
    from
        pocs p1_0
Hibernate: 
    select
        u1_0.id,
        u1_0.email,
        u1_0.name,
        u1_0.password,
        u1_0.role 
    from
        users u1_0
Hibernate: 
    select
        u1_0.id,
        u1_0.email,
        u1_0.name,
        u1_0.password,
        u1_0.role 
    from
        users u1_0 
    where
        u1_0.id=?
2025-11-24T07:47:52.720-08:00  INFO 69004 --- [ai-crm-dash] [nio-8080-exec-4] c.example.aicrmdash.service.UserService  : Retrieved 3 users
Hibernate: 
    select
        p1_0.id,
        p1_0.created_at,
        p1_0.current_phase,
        p1_0.customer_name,
        p1_0.deal_value,
        p1_0.description,
        p1_0.end_date,
        p1_0.kickoff_date,
        p1_0.owner_id,
        p1_0.projected_close_date,
        p1_0.status,
        p1_0.title,
        p1_0.updated_at 
    from
        pocs p1_0
Hibernate: 
    select
        u1_0.id,
        u1_0.email,
        u1_0.name,
        u1_0.password,
        u1_0.role 
    from
        users u1_0 
    where
        u1_0.email=?
Hibernate: 
    select
        u1_0.id,
        u1_0.email,
        u1_0.name,
        u1_0.password,
        u1_0.role 
    from
        users u1_0 
    where
        u1_0.email=?
2025-11-24T07:47:52.725-08:00  INFO 69004 --- [ai-crm-dash] [nio-8080-exec-3] c.example.aicrmdash.service.UserService  : Retrieving all users
Hibernate: 
    select
        u1_0.id,
        u1_0.email,
        u1_0.name,
        u1_0.password,
        u1_0.role 
    from
        users u1_0
Hibernate: 
    select
        p1_0.id,
        p1_0.created_at,
        p1_0.current_phase,
        p1_0.customer_name,
        p1_0.deal_value,
        p1_0.description,
        p1_0.end_date,
        p1_0.kickoff_date,
        p1_0.owner_id,
        p1_0.projected_close_date,
        p1_0.status,
        p1_0.title,
        p1_0.updated_at 
    from
        pocs p1_0
2025-11-24T07:47:52.725-08:00  INFO 69004 --- [ai-crm-dash] [nio-8080-exec-3] c.example.aicrmdash.service.UserService  : Retrieved 3 users
Hibernate: 
    select
        u1_0.id,
        u1_0.email,
        u1_0.name,
        u1_0.password,
        u1_0.role 
    from
        users u1_0 
    where
        u1_0.id=?
Hibernate: 
    select
        p1_0.id,
        p1_0.created_at,
        p1_0.current_phase,
        p1_0.customer_name,
        p1_0.deal_value,
        p1_0.description,
        p1_0.end_date,
        p1_0.kickoff_date,
        p1_0.owner_id,
        p1_0.projected_close_date,
        p1_0.status,
        p1_0.title,
        p1_0.updated_at 
    from
        pocs p1_0
Hibernate: 
    select
        u1_0.id,
        u1_0.email,
        u1_0.name,
        u1_0.password,
        u1_0.role 
    from
        users u1_0 
    where
        u1_0.email=?
Hibernate: 
    select
        u1_0.id,
        u1_0.email,
        u1_0.name,
        u1_0.password,
        u1_0.role 
    from
        users u1_0 
    where
        u1_0.email=?
2025-11-24T07:49:59.766-08:00  INFO 69004 --- [ai-crm-dash] [nio-8080-exec-7] c.example.aicrmdash.service.UserService  : Retrieving all users
Hibernate: 
    select
        u1_0.id,
        u1_0.email,
        u1_0.name,
        u1_0.password,
        u1_0.role 
    from
        users u1_0
2025-11-24T07:49:59.767-08:00  INFO 69004 --- [ai-crm-dash] [nio-8080-exec-7] c.example.aicrmdash.service.UserService  : Retrieved 3 users
Hibernate: 
    select
        p1_0.id,
        p1_0.created_at,
        p1_0.current_phase,
        p1_0.customer_name,
        p1_0.deal_value,
        p1_0.description,
        p1_0.end_date,
        p1_0.kickoff_date,
        p1_0.owner_id,
        p1_0.projected_close_date,
        p1_0.status,
        p1_0.title,
        p1_0.updated_at 
    from
        pocs p1_0
Hibernate: 
    select
        u1_0.id,
        u1_0.email,
        u1_0.name,
        u1_0.password,
        u1_0.role 
    from
        users u1_0 
    where
        u1_0.id=?
Hibernate: 
    select
        p1_0.id,
        p1_0.created_at,
        p1_0.current_phase,
        p1_0.customer_name,
        p1_0.deal_value,
        p1_0.description,
        p1_0.end_date,
        p1_0.kickoff_date,
        p1_0.owner_id,
        p1_0.projected_close_date,
        p1_0.status,
        p1_0.title,
        p1_0.updated_at 
    from
        pocs p1_0
Hibernate: 
    select
        u1_0.id,
        u1_0.email,
        u1_0.name,
        u1_0.password,
        u1_0.role 
    from
        users u1_0 
    where
        u1_0.email=?
2025-11-24T07:49:59.769-08:00  INFO 69004 --- [ai-crm-dash] [nio-8080-exec-5] c.example.aicrmdash.service.UserService  : Retrieving all users
Hibernate: 
    select
        u1_0.id,
        u1_0.email,
        u1_0.name,
        u1_0.password,
        u1_0.role 
    from
        users u1_0 
    where
        u1_0.email=?
Hibernate: 
    select
        u1_0.id,
        u1_0.email,
        u1_0.name,
        u1_0.password,
        u1_0.role 
    from
        users u1_0
2025-11-24T07:49:59.769-08:00  INFO 69004 --- [ai-crm-dash] [nio-8080-exec-5] c.example.aicrmdash.service.UserService  : Retrieved 3 users
Hibernate: 
    select
        p1_0.id,
        p1_0.created_at,
        p1_0.current_phase,
        p1_0.customer_name,
        p1_0.deal_value,
        p1_0.description,
        p1_0.end_date,
        p1_0.kickoff_date,
        p1_0.owner_id,
        p1_0.projected_close_date,
        p1_0.status,
        p1_0.title,
        p1_0.updated_at 
    from
        pocs p1_0
Hibernate: 
    select
        u1_0.id,
        u1_0.email,
        u1_0.name,
        u1_0.password,
        u1_0.role 
    from
        users u1_0 
    where
        u1_0.id=?
Hibernate: 
    select
        p1_0.id,
        p1_0.created_at,
        p1_0.current_phase,
        p1_0.customer_name,
        p1_0.deal_value,
        p1_0.description,
        p1_0.end_date,
        p1_0.kickoff_date,
        p1_0.owner_id,
        p1_0.projected_close_date,
        p1_0.status,
        p1_0.title,
        p1_0.updated_at 
    from
        pocs p1_0
2025-11-24T07:59:22.487-08:00  WARN 69004 --- [ai-crm-dash] [l-1:housekeeper] com.zaxxer.hikari.pool.HikariPool        : HikariPool-1 - Thread starvation or clock leap detected (housekeeper delta=11m26s15ms).
2025-11-24T09:19:48.779-08:00  WARN 69004 --- [ai-crm-dash] [l-1:housekeeper] com.zaxxer.hikari.pool.HikariPool        : HikariPool-1 - Thread starvation or clock leap detected (housekeeper delta=14m55s826ms).
2025-11-24T09:26:01.049-08:00  WARN 69004 --- [ai-crm-dash] [l-1:housekeeper] com.zaxxer.hikari.pool.HikariPool        : HikariPool-1 - Thread starvation or clock leap detected (housekeeper delta=6m12s271ms).
2025-11-24T11:08:53.332-08:00  WARN 69004 --- [ai-crm-dash] [l-1:housekeeper] com.zaxxer.hikari.pool.HikariPool        : HikariPool-1 - Thread starvation or clock leap detected (housekeeper delta=4m21s662ms).
2025-11-24T12:26:13.865-08:00  WARN 69004 --- [ai-crm-dash] [l-1:housekeeper] com.zaxxer.hikari.pool.HikariPool        : HikariPool-1 - Thread starvation or clock leap detected (housekeeper delta=1h17m20s532ms).
2025-11-24T13:39:08.986-08:00  WARN 69004 --- [ai-crm-dash] [l-1:housekeeper] com.zaxxer.hikari.pool.HikariPool        : HikariPool-1 - Thread starvation or clock leap detected (housekeeper delta=1h12m55s122ms).
2025-11-24T15:07:38.830-08:00  WARN 69004 --- [ai-crm-dash] [l-1:housekeeper] com.zaxxer.hikari.pool.HikariPool        : HikariPool-1 - Thread starvation or clock leap detected (housekeeper delta=1h28m29s843ms).
2025-11-24T15:53:46.699-08:00  WARN 69004 --- [ai-crm-dash] [l-1:housekeeper] com.zaxxer.hikari.pool.HikariPool        : HikariPool-1 - Thread starvation or clock leap detected (housekeeper delta=46m7s870ms).
2025-11-24T17:09:42.877-08:00  WARN 69004 --- [ai-crm-dash] [l-1:housekeeper] com.zaxxer.hikari.pool.HikariPool        : HikariPool-1 - Thread starvation or clock leap detected (housekeeper delta=1h15m56s178ms).
2025-11-24T18:10:41.494-08:00  WARN 69004 --- [ai-crm-dash] [l-1:housekeeper] com.zaxxer.hikari.pool.HikariPool        : HikariPool-1 - Thread starvation or clock leap detected (housekeeper delta=1h58s617ms).
2025-11-24T19:29:45.852-08:00  WARN 69004 --- [ai-crm-dash] [l-1:housekeeper] com.zaxxer.hikari.pool.HikariPool        : HikariPool-1 - Thread starvation or clock leap detected (housekeeper delta=1h19m4s358ms).
2025-11-24T20:48:04.076-08:00  WARN 69004 --- [ai-crm-dash] [l-1:housekeeper] com.zaxxer.hikari.pool.HikariPool        : HikariPool-1 - Thread starvation or clock leap detected (housekeeper delta=1h18m18s224ms).
2025-11-24T21:31:20.559-08:00  WARN 69004 --- [ai-crm-dash] [l-1:housekeeper] com.zaxxer.hikari.pool.HikariPool        : HikariPool-1 - Thread starvation or clock leap detected (housekeeper delta=43m16s483ms).
2025-11-24T23:03:43.343-08:00  WARN 69004 --- [ai-crm-dash] [l-1:housekeeper] com.zaxxer.hikari.pool.HikariPool        : HikariPool-1 - Thread starvation or clock leap detected (housekeeper delta=1h32m22s784ms).
2025-11-25T00:22:14.526-08:00  WARN 69004 --- [ai-crm-dash] [l-1:housekeeper] com.zaxxer.hikari.pool.HikariPool        : HikariPool-1 - Thread starvation or clock leap detected (housekeeper delta=1h18m31s183ms).
2025-11-25T01:46:32.904-08:00  WARN 69004 --- [ai-crm-dash] [l-1:housekeeper] com.zaxxer.hikari.pool.HikariPool        : HikariPool-1 - Thread starvation or clock leap detected (housekeeper delta=1h24m18s378ms).
2025-11-25T03:08:13.760-08:00  WARN 69004 --- [ai-crm-dash] [l-1:housekeeper] com.zaxxer.hikari.pool.HikariPool        : HikariPool-1 - Thread starvation or clock leap detected (housekeeper delta=1h21m40s856ms).
2025-11-25T04:32:25.914-08:00  WARN 69004 --- [ai-crm-dash] [l-1:housekeeper] com.zaxxer.hikari.pool.HikariPool        : HikariPool-1 - Thread starvation or clock leap detected (housekeeper delta=1h24m12s154ms).
2025-11-25T05:44:19.994-08:00  WARN 69004 --- [ai-crm-dash] [l-1:housekeeper] com.zaxxer.hikari.pool.HikariPool        : HikariPool-1 - Thread starvation or clock leap detected (housekeeper delta=1h11m54s80ms).
2025-11-25T07:02:02.281-08:00  WARN 69004 --- [ai-crm-dash] [l-1:housekeeper] com.zaxxer.hikari.pool.HikariPool        : HikariPool-1 - Thread starvation or clock leap detected (housekeeper delta=1h17m42s287ms).
2025-11-25T08:12:17.427-08:00  WARN 69004 --- [ai-crm-dash] [l-1:housekeeper] com.zaxxer.hikari.pool.HikariPool        : HikariPool-1 - Thread starvation or clock leap detected (housekeeper delta=1h10m15s146ms).
2025-11-25T09:13:16.285-08:00  WARN 69004 --- [ai-crm-dash] [l-1:housekeeper] com.zaxxer.hikari.pool.HikariPool        : HikariPool-1 - Thread starvation or clock leap detected (housekeeper delta=1h58s858ms).
2025-11-25T09:53:52.498-08:00  WARN 69004 --- [ai-crm-dash] [l-1:housekeeper] com.zaxxer.hikari.pool.HikariPool        : HikariPool-1 - Thread starvation or clock leap detected (housekeeper delta=40m36s213ms).
2025-11-25T10:47:27.219-08:00  WARN 69004 --- [ai-crm-dash] [l-1:housekeeper] com.zaxxer.hikari.pool.HikariPool        : HikariPool-1 - Thread starvation or clock leap detected (housekeeper delta=53m34s721ms).
2025-11-25T11:31:13.460-08:00  WARN 69004 --- [ai-crm-dash] [l-1:housekeeper] com.zaxxer.hikari.pool.HikariPool        : HikariPool-1 - Thread starvation or clock leap detected (housekeeper delta=43m46s241ms).
2025-11-25T13:06:08.266-08:00  WARN 69004 --- [ai-crm-dash] [l-1:housekeeper] com.zaxxer.hikari.pool.HikariPool        : HikariPool-1 - Thread starvation or clock leap detected (housekeeper delta=1h34m54s806ms).
2025-11-25T14:18:14.305-08:00  WARN 69004 --- [ai-crm-dash] [l-1:housekeeper] com.zaxxer.hikari.pool.HikariPool        : HikariPool-1 - Thread starvation or clock leap detected (housekeeper delta=1h12m6s38ms).
2025-11-25T15:19:20.842-08:00  WARN 69004 --- [ai-crm-dash] [l-1:housekeeper] com.zaxxer.hikari.pool.HikariPool        : HikariPool-1 - Thread starvation or clock leap detected (housekeeper delta=1h1m6s538ms).
2025-11-25T16:54:42.041-08:00  WARN 69004 --- [ai-crm-dash] [l-1:housekeeper] com.zaxxer.hikari.pool.HikariPool        : HikariPool-1 - Thread starvation or clock leap detected (housekeeper delta=1h35m21s199ms).
2025-11-25T17:38:35.544-08:00  WARN 69004 --- [ai-crm-dash] [l-1:housekeeper] com.zaxxer.hikari.pool.HikariPool        : HikariPool-1 - Thread starvation or clock leap detected (housekeeper delta=43m53s503ms).
2025-11-25T18:38:29.514-08:00  WARN 69004 --- [ai-crm-dash] [l-1:housekeeper] com.zaxxer.hikari.pool.HikariPool        : HikariPool-1 - Thread starvation or clock leap detected (housekeeper delta=59m53s970ms).
2025-11-25T19:56:00.797-08:00  WARN 69004 --- [ai-crm-dash] [l-1:housekeeper] com.zaxxer.hikari.pool.HikariPool        : HikariPool-1 - Thread starvation or clock leap detected (housekeeper delta=1h17m31s283ms).
2025-11-25T21:15:54.573-08:00  WARN 69004 --- [ai-crm-dash] [l-1:housekeeper] com.zaxxer.hikari.pool.HikariPool        : HikariPool-1 - Thread starvation or clock leap detected (housekeeper delta=1h19m53s776ms).
2025-11-25T22:26:15.595-08:00  WARN 69004 --- [ai-crm-dash] [l-1:housekeeper] com.zaxxer.hikari.pool.HikariPool        : HikariPool-1 - Thread starvation or clock leap detected (housekeeper delta=1h10m21s22ms).
2025-11-25T23:50:18.644-08:00  WARN 69004 --- [ai-crm-dash] [l-1:housekeeper] com.zaxxer.hikari.pool.HikariPool        : HikariPool-1 - Thread starvation or clock leap detected (housekeeper delta=1h24m3s49ms).
2025-11-26T01:14:52.899-08:00  WARN 69004 --- [ai-crm-dash] [l-1:housekeeper] com.zaxxer.hikari.pool.HikariPool        : HikariPool-1 - Thread starvation or clock leap detected (housekeeper delta=1h24m34s255ms).
2025-11-26T02:18:48.151-08:00  WARN 69004 --- [ai-crm-dash] [l-1:housekeeper] com.zaxxer.hikari.pool.HikariPool        : HikariPool-1 - Thread starvation or clock leap detected (housekeeper delta=1h3m55s252ms).
2025-11-26T03:37:03.586-08:00  WARN 69004 --- [ai-crm-dash] [l-1:housekeeper] com.zaxxer.hikari.pool.HikariPool        : HikariPool-1 - Thread starvation or clock leap detected (housekeeper delta=1h18m15s435ms).
2025-11-26T04:51:12.612-08:00  WARN 69004 --- [ai-crm-dash] [l-1:housekeeper] com.zaxxer.hikari.pool.HikariPool        : HikariPool-1 - Thread starvation or clock leap detected (housekeeper delta=1h14m9s26ms).
2025-11-26T06:12:37.409-08:00  WARN 69004 --- [ai-crm-dash] [l-1:housekeeper] com.zaxxer.hikari.pool.HikariPool        : HikariPool-1 - Thread starvation or clock leap detected (housekeeper delta=1h21m24s797ms).
2025-11-26T07:22:45.591-08:00  WARN 69004 --- [ai-crm-dash] [l-1:housekeeper] com.zaxxer.hikari.pool.HikariPool        : HikariPool-1 - Thread starvation or clock leap detected (housekeeper delta=1h10m8s181ms).
2025-11-26T08:39:35.452-08:00  WARN 69004 --- [ai-crm-dash] [l-1:housekeeper] com.zaxxer.hikari.pool.HikariPool        : HikariPool-1 - Thread starvation or clock leap detected (housekeeper delta=1h16m49s862ms).
2025-11-26T09:59:36.488-08:00  WARN 69004 --- [ai-crm-dash] [l-1:housekeeper] com.zaxxer.hikari.pool.HikariPool        : HikariPool-1 - Thread starvation or clock leap detected (housekeeper delta=1h20m1s36ms).
2025-11-26T10:58:07.922-08:00  WARN 69004 --- [ai-crm-dash] [l-1:housekeeper] com.zaxxer.hikari.pool.HikariPool        : HikariPool-1 - Thread starvation or clock leap detected (housekeeper delta=58m31s434ms).
2025-11-26T12:16:11.294-08:00  WARN 69004 --- [ai-crm-dash] [l-1:housekeeper] com.zaxxer.hikari.pool.HikariPool        : HikariPool-1 - Thread starvation or clock leap detected (housekeeper delta=1h18m3s372ms).
2025-11-26T13:01:08.617-08:00  WARN 69004 --- [ai-crm-dash] [l-1:housekeeper] com.zaxxer.hikari.pool.HikariPool        : HikariPool-1 - Thread starvation or clock leap detected (housekeeper delta=44m57s323ms).
2025-11-26T14:20:44.680-08:00  WARN 69004 --- [ai-crm-dash] [l-1:housekeeper] com.zaxxer.hikari.pool.HikariPool        : HikariPool-1 - Thread starvation or clock leap detected (housekeeper delta=1h19m36s63ms).
2025-11-26T15:30:11.664-08:00  WARN 69004 --- [ai-crm-dash] [l-1:housekeeper] com.zaxxer.hikari.pool.HikariPool        : HikariPool-1 - Thread starvation or clock leap detected (housekeeper delta=1h9m26s984ms).
2025-11-26T16:31:15.725-08:00  WARN 69004 --- [ai-crm-dash] [l-1:housekeeper] com.zaxxer.hikari.pool.HikariPool        : HikariPool-1 - Thread starvation or clock leap detected (housekeeper delta=1h1m4s61ms).
2025-11-26T17:48:16.259-08:00  WARN 69004 --- [ai-crm-dash] [l-1:housekeeper] com.zaxxer.hikari.pool.HikariPool        : HikariPool-1 - Thread starvation or clock leap detected (housekeeper delta=1h17m534ms).
2025-11-26T18:49:57.758-08:00  WARN 69004 --- [ai-crm-dash] [l-1:housekeeper] com.zaxxer.hikari.pool.HikariPool        : HikariPool-1 - Thread starvation or clock leap detected (housekeeper delta=1h1m41s499ms).
2025-11-26T19:34:09.714-08:00  WARN 69004 --- [ai-crm-dash] [l-1:housekeeper] com.zaxxer.hikari.pool.HikariPool        : HikariPool-1 - Thread starvation or clock leap detected (housekeeper delta=44m11s956ms).
2025-11-26T20:35:15.264-08:00  WARN 69004 --- [ai-crm-dash] [l-1:housekeeper] com.zaxxer.hikari.pool.HikariPool        : HikariPool-1 - Thread starvation or clock leap detected (housekeeper delta=1h1m5s550ms).
2025-11-26T21:08:32.983-08:00  WARN 69004 --- [ai-crm-dash] [l-1:housekeeper] com.zaxxer.hikari.pool.HikariPool        : HikariPool-1 - Thread starvation or clock leap detected (housekeeper delta=33m17s719ms).
2025-11-26T21:35:47.749-08:00  WARN 69004 --- [ai-crm-dash] [l-1:housekeeper] com.zaxxer.hikari.pool.HikariPool        : HikariPool-1 - Thread starvation or clock leap detected (housekeeper delta=15m44s626ms).
2025-11-26T21:52:29.257-08:00  WARN 69004 --- [ai-crm-dash] [l-1:housekeeper] com.zaxxer.hikari.pool.HikariPool        : HikariPool-1 - Thread starvation or clock leap detected (housekeeper delta=16m11s493ms).
2025-11-26T22:10:23.926-08:00  WARN 69004 --- [ai-crm-dash] [l-1:housekeeper] com.zaxxer.hikari.pool.HikariPool        : HikariPool-1 - Thread starvation or clock leap detected (housekeeper delta=17m24s656ms).
2025-11-26T22:27:58.284-08:00  WARN 69004 --- [ai-crm-dash] [l-1:housekeeper] com.zaxxer.hikari.pool.HikariPool        : HikariPool-1 - Thread starvation or clock leap detected (housekeeper delta=17m34s358ms).
2025-11-26T22:36:51.663-08:00  WARN 69004 --- [ai-crm-dash] [l-1:housekeeper] com.zaxxer.hikari.pool.HikariPool        : HikariPool-1 - Thread starvation or clock leap detected (housekeeper delta=8m23s394ms).
2025-11-26T22:53:49.113-08:00  WARN 69004 --- [ai-crm-dash] [l-1:housekeeper] com.zaxxer.hikari.pool.HikariPool        : HikariPool-1 - Thread starvation or clock leap detected (housekeeper delta=16m57s450ms).
2025-11-26T23:29:17.410-08:00  WARN 69004 --- [ai-crm-dash] [l-1:housekeeper] com.zaxxer.hikari.pool.HikariPool        : HikariPool-1 - Thread starvation or clock leap detected (housekeeper delta=34m58s272ms).
2025-11-27T00:53:03.813-08:00  WARN 69004 --- [ai-crm-dash] [l-1:housekeeper] com.zaxxer.hikari.pool.HikariPool        : HikariPool-1 - Thread starvation or clock leap detected (housekeeper delta=1h23m46s403ms).
2025-11-27T02:29:41.936-08:00  WARN 69004 --- [ai-crm-dash] [l-1:housekeeper] com.zaxxer.hikari.pool.HikariPool        : HikariPool-1 - Thread starvation or clock leap detected (housekeeper delta=1h36m38s123ms).
2025-11-27T03:09:01.061-08:00  WARN 69004 --- [ai-crm-dash] [l-1:housekeeper] com.zaxxer.hikari.pool.HikariPool        : HikariPool-1 - Thread starvation or clock leap detected (housekeeper delta=39m19s125ms).
2025-11-27T04:30:47.142-08:00  WARN 69004 --- [ai-crm-dash] [l-1:housekeeper] com.zaxxer.hikari.pool.HikariPool        : HikariPool-1 - Thread starvation or clock leap detected (housekeeper delta=1h21m46s81ms).
2025-11-27T05:31:46.261-08:00  WARN 69004 --- [ai-crm-dash] [l-1:housekeeper] com.zaxxer.hikari.pool.HikariPool        : HikariPool-1 - Thread starvation or clock leap detected (housekeeper delta=1h59s119ms).
2025-11-27T06:32:44.831-08:00  WARN 69004 --- [ai-crm-dash] [l-1:housekeeper] com.zaxxer.hikari.pool.HikariPool        : HikariPool-1 - Thread starvation or clock leap detected (housekeeper delta=1h58s570ms).
2025-11-27T07:15:54.417-08:00  WARN 69004 --- [ai-crm-dash] [l-1:housekeeper] com.zaxxer.hikari.pool.HikariPool        : HikariPool-1 - Thread starvation or clock leap detected (housekeeper delta=43m9s586ms).
2025-11-27T07:31:58.246-08:00  WARN 69004 --- [ai-crm-dash] [l-1:housekeeper] com.zaxxer.hikari.pool.HikariPool        : HikariPool-1 - Thread starvation or clock leap detected (housekeeper delta=1m33s735ms).
2025-11-27T07:59:18.822-08:00  WARN 69004 --- [ai-crm-dash] [l-1:housekeeper] com.zaxxer.hikari.pool.HikariPool        : HikariPool-1 - Thread starvation or clock leap detected (housekeeper delta=19m20s536ms).
2025-11-27T08:14:59.897-08:00  WARN 69004 --- [ai-crm-dash] [l-1:housekeeper] com.zaxxer.hikari.pool.HikariPool        : HikariPool-1 - Thread starvation or clock leap detected (housekeeper delta=12m41s36ms).
2025-11-27T08:18:09.662-08:00  WARN 69004 --- [ai-crm-dash] [l-1:housekeeper] com.zaxxer.hikari.pool.HikariPool        : HikariPool-1 - Thread starvation or clock leap detected (housekeeper delta=3m9s765ms).
2025-11-27T08:55:45.035-08:00  WARN 69004 --- [ai-crm-dash] [l-1:housekeeper] com.zaxxer.hikari.pool.HikariPool        : HikariPool-1 - Thread starvation or clock leap detected (housekeeper delta=6m5s199ms).
2025-11-27T10:00:53.761-08:00  WARN 69004 --- [ai-crm-dash] [l-1:housekeeper] com.zaxxer.hikari.pool.HikariPool        : HikariPool-1 - Thread starvation or clock leap detected (housekeeper delta=1h5m8s725ms).
2025-11-27T10:57:01.438-08:00  WARN 69004 --- [ai-crm-dash] [l-1:housekeeper] com.zaxxer.hikari.pool.HikariPool        : HikariPool-1 - Thread starvation or clock leap detected (housekeeper delta=56m7s678ms).
2025-11-27T11:13:44.365-08:00  WARN 69004 --- [ai-crm-dash] [l-1:housekeeper] com.zaxxer.hikari.pool.HikariPool        : HikariPool-1 - Thread starvation or clock leap detected (housekeeper delta=16m42s926ms).
2025-11-27T11:52:10.365-08:00  WARN 69004 --- [ai-crm-dash] [l-1:housekeeper] com.zaxxer.hikari.pool.HikariPool        : HikariPool-1 - Thread starvation or clock leap detected (housekeeper delta=10m55s795ms).
2025-11-27T12:47:10.542-08:00  WARN 69004 --- [ai-crm-dash] [l-1:housekeeper] com.zaxxer.hikari.pool.HikariPool        : HikariPool-1 - Thread starvation or clock leap detected (housekeeper delta=43m30s85ms).
2025-11-27T13:38:42.349-08:00  WARN 69004 --- [ai-crm-dash] [l-1:housekeeper] com.zaxxer.hikari.pool.HikariPool        : HikariPool-1 - Thread starvation or clock leap detected (housekeeper delta=50m19s320ms).
2025-11-27T14:04:58.716-08:00  WARN 69004 --- [ai-crm-dash] [l-1:housekeeper] com.zaxxer.hikari.pool.HikariPool        : HikariPool-1 - Thread starvation or clock leap detected (housekeeper delta=26m16s367ms).
2025-11-27T14:38:53.086-08:00  WARN 69004 --- [ai-crm-dash] [l-1:housekeeper] com.zaxxer.hikari.pool.HikariPool        : HikariPool-1 - Thread starvation or clock leap detected (housekeeper delta=33m54s370ms).
2025-11-27T15:05:56.494-08:00  WARN 69004 --- [ai-crm-dash] [l-1:housekeeper] com.zaxxer.hikari.pool.HikariPool        : HikariPool-1 - Thread starvation or clock leap detected (housekeeper delta=27m3s408ms).
2025-11-27T15:22:22.452-08:00  WARN 69004 --- [ai-crm-dash] [l-1:housekeeper] com.zaxxer.hikari.pool.HikariPool        : HikariPool-1 - Thread starvation or clock leap detected (housekeeper delta=16m25s958ms).
2025-11-27T16:06:54.487-08:00  WARN 69004 --- [ai-crm-dash] [l-1:housekeeper] com.zaxxer.hikari.pool.HikariPool        : HikariPool-1 - Thread starvation or clock leap detected (housekeeper delta=44m32s35ms).
2025-11-27T16:57:36.490-08:00  WARN 69004 --- [ai-crm-dash] [l-1:housekeeper] com.zaxxer.hikari.pool.HikariPool        : HikariPool-1 - Thread starvation or clock leap detected (housekeeper delta=50m12s2ms).
2025-11-27T17:08:05.534-08:00  WARN 69004 --- [ai-crm-dash] [l-1:housekeeper] com.zaxxer.hikari.pool.HikariPool        : HikariPool-1 - Thread starvation or clock leap detected (housekeeper delta=9m59s27ms).
2025-11-27T17:41:24.191-08:00  WARN 69004 --- [ai-crm-dash] [l-1:housekeeper] com.zaxxer.hikari.pool.HikariPool        : HikariPool-1 - Thread starvation or clock leap detected (housekeeper delta=33m18s657ms).
2025-11-27T18:09:03.480-08:00  WARN 69004 --- [ai-crm-dash] [l-1:housekeeper] com.zaxxer.hikari.pool.HikariPool        : HikariPool-1 - Thread starvation or clock leap detected (housekeeper delta=27m39s289ms).
2025-11-27T18:40:09.146-08:00  WARN 69004 --- [ai-crm-dash] [l-1:housekeeper] com.zaxxer.hikari.pool.HikariPool        : HikariPool-1 - Thread starvation or clock leap detected (housekeeper delta=31m5s666ms).
2025-11-27T19:10:01.530-08:00  WARN 69004 --- [ai-crm-dash] [l-1:housekeeper] com.zaxxer.hikari.pool.HikariPool        : HikariPool-1 - Thread starvation or clock leap detected (housekeeper delta=29m52s383ms).
2025-11-27T19:26:24.465-08:00  WARN 69004 --- [ai-crm-dash] [l-1:housekeeper] com.zaxxer.hikari.pool.HikariPool        : HikariPool-1 - Thread starvation or clock leap detected (housekeeper delta=16m22s936ms).
2025-11-27T19:35:25.153-08:00  WARN 69004 --- [ai-crm-dash] [l-1:housekeeper] com.zaxxer.hikari.pool.HikariPool        : HikariPool-1 - Thread starvation or clock leap detected (housekeeper delta=9m688ms).
2025-11-27T20:10:42.379-08:00  WARN 69004 --- [ai-crm-dash] [l-1:housekeeper] com.zaxxer.hikari.pool.HikariPool        : HikariPool-1 - Thread starvation or clock leap detected (housekeeper delta=35m17s226ms).
2025-11-27T21:01:36.802-08:00  WARN 69004 --- [ai-crm-dash] [l-1:housekeeper] com.zaxxer.hikari.pool.HikariPool        : HikariPool-1 - Thread starvation or clock leap detected (housekeeper delta=50m24s408ms).
2025-11-27T21:12:10.537-08:00  WARN 69004 --- [ai-crm-dash] [l-1:housekeeper] com.zaxxer.hikari.pool.HikariPool        : HikariPool-1 - Thread starvation or clock leap detected (housekeeper delta=10m33s735ms).
2025-11-27T22:02:36.972-08:00  WARN 69004 --- [ai-crm-dash] [l-1:housekeeper] com.zaxxer.hikari.pool.HikariPool        : HikariPool-1 - Thread starvation or clock leap detected (housekeeper delta=50m26s435ms).
2025-11-27T22:13:08.616-08:00  WARN 69004 --- [ai-crm-dash] [l-1:housekeeper] com.zaxxer.hikari.pool.HikariPool        : HikariPool-1 - Thread starvation or clock leap detected (housekeeper delta=10m31s644ms).
2025-11-27T22:47:12.296-08:00  WARN 69004 --- [ai-crm-dash] [l-1:housekeeper] com.zaxxer.hikari.pool.HikariPool        : HikariPool-1 - Thread starvation or clock leap detected (housekeeper delta=34m3s680ms).
2025-11-28T00:27:29.233-08:00  WARN 69004 --- [ai-crm-dash] [l-1:housekeeper] com.zaxxer.hikari.pool.HikariPool        : HikariPool-1 - Thread starvation or clock leap detected (housekeeper delta=1h40m16s937ms).
2025-11-28T01:50:03.562-08:00  WARN 69004 --- [ai-crm-dash] [l-1:housekeeper] com.zaxxer.hikari.pool.HikariPool        : HikariPool-1 - Thread starvation or clock leap detected (housekeeper delta=1h22m34s329ms).
2025-11-28T02:04:07.252-08:00  WARN 69004 --- [ai-crm-dash] [l-1:housekeeper] com.zaxxer.hikari.pool.HikariPool        : HikariPool-1 - Thread starvation or clock leap detected (housekeeper delta=14m3s690ms).
2025-11-28T02:52:55.434-08:00  WARN 69004 --- [ai-crm-dash] [l-1:housekeeper] com.zaxxer.hikari.pool.HikariPool        : HikariPool-1 - Thread starvation or clock leap detected (housekeeper delta=48m48s182ms).
2025-11-28T03:48:06.026-08:00  WARN 69004 --- [ai-crm-dash] [l-1:housekeeper] com.zaxxer.hikari.pool.HikariPool        : HikariPool-1 - Thread starvation or clock leap detected (housekeeper delta=55m10s592ms).
2025-11-28T05:05:37.667-08:00  WARN 69004 --- [ai-crm-dash] [l-1:housekeeper] com.zaxxer.hikari.pool.HikariPool        : HikariPool-1 - Thread starvation or clock leap detected (housekeeper delta=1h17m1s622ms).
2025-11-28T05:54:17.015-08:00  WARN 69004 --- [ai-crm-dash] [l-1:housekeeper] com.zaxxer.hikari.pool.HikariPool        : HikariPool-1 - Thread starvation or clock leap detected (housekeeper delta=48m9s363ms).
2025-11-28T06:07:05.599-08:00  WARN 69004 --- [ai-crm-dash] [l-1:housekeeper] com.zaxxer.hikari.pool.HikariPool        : HikariPool-1 - Thread starvation or clock leap detected (housekeeper delta=12m48s584ms).
2025-11-28T06:56:07.006-08:00  WARN 69004 --- [ai-crm-dash] [l-1:housekeeper] com.zaxxer.hikari.pool.HikariPool        : HikariPool-1 - Thread starvation or clock leap detected (housekeeper delta=49m1s407ms).
2025-11-28T07:08:02.743-08:00  WARN 69004 --- [ai-crm-dash] [l-1:housekeeper] com.zaxxer.hikari.pool.HikariPool        : HikariPool-1 - Thread starvation or clock leap detected (housekeeper delta=11m55s736ms).
2025-11-28T07:40:19.393-08:00  WARN 69004 --- [ai-crm-dash] [l-1:housekeeper] com.zaxxer.hikari.pool.HikariPool        : HikariPool-1 - Thread starvation or clock leap detected (housekeeper delta=32m16s651ms).
2025-11-28T08:08:59.728-08:00  WARN 69004 --- [ai-crm-dash] [l-1:housekeeper] com.zaxxer.hikari.pool.HikariPool        : HikariPool-1 - Thread starvation or clock leap detected (housekeeper delta=28m40s335ms).
2025-11-28T08:24:37.784-08:00  WARN 69004 --- [ai-crm-dash] [l-1:housekeeper] com.zaxxer.hikari.pool.HikariPool        : HikariPool-1 - Thread starvation or clock leap detected (housekeeper delta=15m38s56ms).
2025-11-28T08:50:25.159-08:00  WARN 69004 --- [ai-crm-dash] [l-1:housekeeper] com.zaxxer.hikari.pool.HikariPool        : HikariPool-1 - Thread starvation or clock leap detected (housekeeper delta=25m47s375ms).
2025-11-28T09:09:40.860-08:00  WARN 69004 --- [ai-crm-dash] [l-1:housekeeper] com.zaxxer.hikari.pool.HikariPool        : HikariPool-1 - Thread starvation or clock leap detected (housekeeper delta=19m15s701ms).
2025-11-28T09:42:56.310-08:00  WARN 69004 --- [ai-crm-dash] [l-1:housekeeper] com.zaxxer.hikari.pool.HikariPool        : HikariPool-1 - Thread starvation or clock leap detected (housekeeper delta=32m45s461ms).
2025-11-28T10:10:51.709-08:00  WARN 69004 --- [ai-crm-dash] [l-1:housekeeper] com.zaxxer.hikari.pool.HikariPool        : HikariPool-1 - Thread starvation or clock leap detected (housekeeper delta=27m25s388ms).
2025-11-28T11:11:48.681-08:00  WARN 69004 --- [ai-crm-dash] [l-1:housekeeper] com.zaxxer.hikari.pool.HikariPool        : HikariPool-1 - Thread starvation or clock leap detected (housekeeper delta=1h26s967ms).
2025-11-28T12:01:07.992-08:00  WARN 69004 --- [ai-crm-dash] [l-1:housekeeper] com.zaxxer.hikari.pool.HikariPool        : HikariPool-1 - Thread starvation or clock leap detected (housekeeper delta=48m49s308ms).
2025-11-28T12:04:00.032-08:00  WARN 69004 --- [ai-crm-dash] [l-1:housekeeper] com.zaxxer.hikari.pool.HikariPool        : HikariPool-1 - Thread starvation or clock leap detected (housekeeper delta=2m22s10ms).
2025-11-28T12:12:47.072-08:00  WARN 69004 --- [ai-crm-dash] [l-1:housekeeper] com.zaxxer.hikari.pool.HikariPool        : HikariPool-1 - Thread starvation or clock leap detected (housekeeper delta=8m47s40ms).
2025-11-28T13:13:44.117-08:00  WARN 69004 --- [ai-crm-dash] [l-1:housekeeper] com.zaxxer.hikari.pool.HikariPool        : HikariPool-1 - Thread starvation or clock leap detected (housekeeper delta=1h27s37ms).
2025-11-28T14:21:15.013-08:00  WARN 69004 --- [ai-crm-dash] [l-1:housekeeper] com.zaxxer.hikari.pool.HikariPool        : HikariPool-1 - Thread starvation or clock leap detected (housekeeper delta=1h7m910ms).
2025-11-28T15:43:23.387-08:00  WARN 69004 --- [ai-crm-dash] [l-1:housekeeper] com.zaxxer.hikari.pool.HikariPool        : HikariPool-1 - Thread starvation or clock leap detected (housekeeper delta=1h22m8s374ms).
2025-11-28T15:58:13.045-08:00  WARN 69004 --- [ai-crm-dash] [l-1:housekeeper] com.zaxxer.hikari.pool.HikariPool        : HikariPool-1 - Thread starvation or clock leap detected (housekeeper delta=14m49s658ms).
2025-11-28T16:48:51.400-08:00  WARN 69004 --- [ai-crm-dash] [l-1:housekeeper] com.zaxxer.hikari.pool.HikariPool        : HikariPool-1 - Thread starvation or clock leap detected (housekeeper delta=50m38s355ms).
2025-11-28T17:37:33.988-08:00  WARN 69004 --- [ai-crm-dash] [l-1:housekeeper] com.zaxxer.hikari.pool.HikariPool        : HikariPool-1 - Thread starvation or clock leap detected (housekeeper delta=48m42s588ms).
2025-11-28T19:01:15.798-08:00  WARN 69004 --- [ai-crm-dash] [l-1:housekeeper] com.zaxxer.hikari.pool.HikariPool        : HikariPool-1 - Thread starvation or clock leap detected (housekeeper delta=1h23m11s804ms).
2025-11-28T20:14:02.076-08:00  WARN 69004 --- [ai-crm-dash] [l-1:housekeeper] com.zaxxer.hikari.pool.HikariPool        : HikariPool-1 - Thread starvation or clock leap detected (housekeeper delta=1h12m46s279ms).
2025-11-28T20:49:10.131-08:00  WARN 69004 --- [ai-crm-dash] [l-1:housekeeper] com.zaxxer.hikari.pool.HikariPool        : HikariPool-1 - Thread starvation or clock leap detected (housekeeper delta=34m38s31ms).
2025-11-28T21:01:04.568-08:00  WARN 69004 --- [ai-crm-dash] [l-1:housekeeper] com.zaxxer.hikari.pool.HikariPool        : HikariPool-1 - Thread starvation or clock leap detected (housekeeper delta=54s379ms).
2025-11-28T21:23:12.614-08:00  WARN 69004 --- [ai-crm-dash] [l-1:housekeeper] com.zaxxer.hikari.pool.HikariPool        : HikariPool-1 - Thread starvation or clock leap detected (housekeeper delta=22m8s46ms).
2025-11-28T21:49:18.598-08:00  WARN 69004 --- [ai-crm-dash] [l-1:housekeeper] com.zaxxer.hikari.pool.HikariPool        : HikariPool-1 - Thread starvation or clock leap detected (housekeeper delta=3m35s822ms).
2025-11-28T21:50:08.353-08:00  WARN 69004 --- [ai-crm-dash] [l-1:housekeeper] com.zaxxer.hikari.pool.HikariPool        : HikariPool-1 - Thread starvation or clock leap detected (housekeeper delta=49s755ms).
2025-11-28T22:40:31.666-08:00  WARN 69004 --- [ai-crm-dash] [l-1:housekeeper] com.zaxxer.hikari.pool.HikariPool        : HikariPool-1 - Thread starvation or clock leap detected (housekeeper delta=23m23s91ms).
2025-11-28T22:45:54.461-08:00  WARN 69004 --- [ai-crm-dash] [l-1:housekeeper] com.zaxxer.hikari.pool.HikariPool        : HikariPool-1 - Thread starvation or clock leap detected (housekeeper delta=4m52s781ms).
2025-11-28T22:49:44.632-08:00  WARN 69004 --- [ai-crm-dash] [l-1:housekeeper] com.zaxxer.hikari.pool.HikariPool        : HikariPool-1 - Thread starvation or clock leap detected (housekeeper delta=3m50s171ms).
2025-11-28T22:54:40.901-08:00  WARN 69004 --- [ai-crm-dash] [l-1:housekeeper] com.zaxxer.hikari.pool.HikariPool        : HikariPool-1 - Thread starvation or clock leap detected (housekeeper delta=4m26s275ms).
2025-11-28T22:59:38.652-08:00  WARN 69004 --- [ai-crm-dash] [l-1:housekeeper] com.zaxxer.hikari.pool.HikariPool        : HikariPool-1 - Thread starvation or clock leap detected (housekeeper delta=4m57s754ms).
2025-11-28T23:34:32.065-08:00  WARN 69004 --- [ai-crm-dash] [l-1:housekeeper] com.zaxxer.hikari.pool.HikariPool        : HikariPool-1 - Thread starvation or clock leap detected (housekeeper delta=34m23s401ms).
2025-11-28T23:56:34.613-08:00  WARN 69004 --- [ai-crm-dash] [l-1:housekeeper] com.zaxxer.hikari.pool.HikariPool        : HikariPool-1 - Thread starvation or clock leap detected (housekeeper delta=1m2s418ms).
2025-11-28T23:59:27.757-08:00  WARN 69004 --- [ai-crm-dash] [l-1:housekeeper] com.zaxxer.hikari.pool.HikariPool        : HikariPool-1 - Thread starvation or clock leap detected (housekeeper delta=2m23s118ms).
2025-11-29T00:02:36.755-08:00  WARN 69004 --- [ai-crm-dash] [l-1:housekeeper] com.zaxxer.hikari.pool.HikariPool        : HikariPool-1 - Thread starvation or clock leap detected (housekeeper delta=3m8s999ms).
2025-11-29T00:06:33.547-08:00  WARN 69004 --- [ai-crm-dash] [l-1:housekeeper] com.zaxxer.hikari.pool.HikariPool        : HikariPool-1 - Thread starvation or clock leap detected (housekeeper delta=3m26s784ms).
2025-11-29T00:26:03.974-08:00  WARN 69004 --- [ai-crm-dash] [l-1:housekeeper] com.zaxxer.hikari.pool.HikariPool        : HikariPool-1 - Thread starvation or clock leap detected (housekeeper delta=17m30s415ms).
2025-11-29T02:05:19.099-08:00  WARN 69004 --- [ai-crm-dash] [l-1:housekeeper] com.zaxxer.hikari.pool.HikariPool        : HikariPool-1 - Thread starvation or clock leap detected (housekeeper delta=1h39m15s126ms).
2025-11-29T02:10:22.755-08:00  WARN 69004 --- [ai-crm-dash] [l-1:housekeeper] com.zaxxer.hikari.pool.HikariPool        : HikariPool-1 - Thread starvation or clock leap detected (housekeeper delta=5m3s656ms).
2025-11-29T02:43:16.774-08:00  WARN 69004 --- [ai-crm-dash] [l-1:housekeeper] com.zaxxer.hikari.pool.HikariPool        : HikariPool-1 - Thread starvation or clock leap detected (housekeeper delta=32m54s19ms).
2025-11-29T03:11:19.020-08:00  WARN 69004 --- [ai-crm-dash] [l-1:housekeeper] com.zaxxer.hikari.pool.HikariPool        : HikariPool-1 - Thread starvation or clock leap detected (housekeeper delta=28m2s246ms).
2025-11-29T03:27:04.037-08:00  WARN 69004 --- [ai-crm-dash] [l-1:housekeeper] com.zaxxer.hikari.pool.HikariPool        : HikariPool-1 - Thread starvation or clock leap detected (housekeeper delta=15m45s17ms).
2025-11-29T04:12:16.107-08:00  WARN 69004 --- [ai-crm-dash] [l-1:housekeeper] com.zaxxer.hikari.pool.HikariPool        : HikariPool-1 - Thread starvation or clock leap detected (housekeeper delta=45m12s70ms).
2025-11-29T04:30:22.108-08:00  WARN 69004 --- [ai-crm-dash] [l-1:housekeeper] com.zaxxer.hikari.pool.HikariPool        : HikariPool-1 - Thread starvation or clock leap detected (housekeeper delta=18m6s1ms).
2025-11-29T05:13:13.304-08:00  WARN 69004 --- [ai-crm-dash] [l-1:housekeeper] com.zaxxer.hikari.pool.HikariPool        : HikariPool-1 - Thread starvation or clock leap detected (housekeeper delta=42m51s196ms).
2025-11-29T06:14:10.401-08:00  WARN 69004 --- [ai-crm-dash] [l-1:housekeeper] com.zaxxer.hikari.pool.HikariPool        : HikariPool-1 - Thread starvation or clock leap detected (housekeeper delta=1h27s88ms).
2025-11-29T06:46:59.030-08:00  WARN 69004 --- [ai-crm-dash] [l-1:housekeeper] com.zaxxer.hikari.pool.HikariPool        : HikariPool-1 - Thread starvation or clock leap detected (housekeeper delta=32m18s629ms).
2025-11-29T07:03:35.017-08:00  WARN 69004 --- [ai-crm-dash] [l-1:housekeeper] com.zaxxer.hikari.pool.HikariPool        : HikariPool-1 - Thread starvation or clock leap detected (housekeeper delta=16m35s988ms).
2025-11-29T07:15:25.706-08:00  WARN 69004 --- [ai-crm-dash] [l-1:housekeeper] com.zaxxer.hikari.pool.HikariPool        : HikariPool-1 - Thread starvation or clock leap detected (housekeeper delta=11m50s689ms).
2025-11-29T08:02:46.018-08:00  WARN 69004 --- [ai-crm-dash] [l-1:housekeeper] com.zaxxer.hikari.pool.HikariPool        : HikariPool-1 - Thread starvation or clock leap detected (housekeeper delta=47m20s312ms).
2025-11-29T08:16:22.737-08:00  WARN 69004 --- [ai-crm-dash] [l-1:housekeeper] com.zaxxer.hikari.pool.HikariPool        : HikariPool-1 - Thread starvation or clock leap detected (housekeeper delta=13m36s719ms).
2025-11-29T08:49:09.381-08:00  WARN 69004 --- [ai-crm-dash] [l-1:housekeeper] com.zaxxer.hikari.pool.HikariPool        : HikariPool-1 - Thread starvation or clock leap detected (housekeeper delta=32m46s644ms).
2025-11-29T09:17:19.748-08:00  WARN 69004 --- [ai-crm-dash] [l-1:housekeeper] com.zaxxer.hikari.pool.HikariPool        : HikariPool-1 - Thread starvation or clock leap detected (housekeeper delta=28m10s367ms).
2025-11-29T09:50:30.503-08:00  WARN 69004 --- [ai-crm-dash] [l-1:housekeeper] com.zaxxer.hikari.pool.HikariPool        : HikariPool-1 - Thread starvation or clock leap detected (housekeeper delta=33m10s755ms).
2025-11-29T10:03:34.497-08:00  WARN 69004 --- [ai-crm-dash] [l-1:housekeeper] com.zaxxer.hikari.pool.HikariPool        : HikariPool-1 - Thread starvation or clock leap detected (housekeeper delta=13m3s993ms).
2025-11-29T10:20:51.888-08:00  WARN 69004 --- [ai-crm-dash] [l-1:housekeeper] com.zaxxer.hikari.pool.HikariPool        : HikariPool-1 - Thread starvation or clock leap detected (housekeeper delta=17m17s392ms).
2025-11-29T11:12:20.618-08:00  WARN 69004 --- [ai-crm-dash] [l-1:housekeeper] com.zaxxer.hikari.pool.HikariPool        : HikariPool-1 - Thread starvation or clock leap detected (housekeeper delta=49m28s694ms).
2025-11-29T12:04:26.631-08:00  WARN 69004 --- [ai-crm-dash] [l-1:housekeeper] com.zaxxer.hikari.pool.HikariPool        : HikariPool-1 - Thread starvation or clock leap detected (housekeeper delta=51m34s326ms).
2025-11-29T12:47:08.169-08:00  WARN 69004 --- [ai-crm-dash] [l-1:housekeeper] com.zaxxer.hikari.pool.HikariPool        : HikariPool-1 - Thread starvation or clock leap detected (housekeeper delta=42m11s501ms).
2025-11-29T13:04:45.508-08:00  WARN 69004 --- [ai-crm-dash] [l-1:housekeeper] com.zaxxer.hikari.pool.HikariPool        : HikariPool-1 - Thread starvation or clock leap detected (housekeeper delta=1m7s211ms).
2025-11-29T13:21:27.369-08:00  WARN 69004 --- [ai-crm-dash] [l-1:housekeeper] com.zaxxer.hikari.pool.HikariPool        : HikariPool-1 - Thread starvation or clock leap detected (housekeeper delta=15m41s827ms).
2025-11-29T13:38:12.599-08:00  WARN 69004 --- [ai-crm-dash] [l-1:housekeeper] com.zaxxer.hikari.pool.HikariPool        : HikariPool-1 - Thread starvation or clock leap detected (housekeeper delta=15m45s185ms).
2025-11-29T13:44:42.656-08:00  WARN 69004 --- [ai-crm-dash] [l-1:housekeeper] com.zaxxer.hikari.pool.HikariPool        : HikariPool-1 - Thread starvation or clock leap detected (housekeeper delta=5m30s29ms).
2025-11-29T14:40:32.042-08:00  WARN 69004 --- [ai-crm-dash] [l-1:housekeeper] com.zaxxer.hikari.pool.HikariPool        : HikariPool-1 - Thread starvation or clock leap detected (housekeeper delta=13m49s84ms).
2025-11-29T14:45:59.051-08:00  WARN 69004 --- [ai-crm-dash] [l-1:housekeeper] com.zaxxer.hikari.pool.HikariPool        : HikariPool-1 - Thread starvation or clock leap detected (housekeeper delta=4m27s2ms).
2025-11-29T14:51:32.370-08:00  WARN 69004 --- [ai-crm-dash] [l-1:housekeeper] com.zaxxer.hikari.pool.HikariPool        : HikariPool-1 - Thread starvation or clock leap detected (housekeeper delta=4m33s284ms).
2025-11-29T14:54:20.396-08:00  WARN 69004 --- [ai-crm-dash] [l-1:housekeeper] com.zaxxer.hikari.pool.HikariPool        : HikariPool-1 - Thread starvation or clock leap detected (housekeeper delta=1m47s997ms).
2025-11-29T14:56:42.021-08:00  WARN 69004 --- [ai-crm-dash] [l-1:housekeeper] com.zaxxer.hikari.pool.HikariPool        : HikariPool-1 - Thread starvation or clock leap detected (housekeeper delta=51s582ms).
2025-11-29T14:59:59.946-08:00  WARN 69004 --- [ai-crm-dash] [l-1:housekeeper] com.zaxxer.hikari.pool.HikariPool        : HikariPool-1 - Thread starvation or clock leap detected (housekeeper delta=2m17s887ms).
2025-11-29T15:03:16.143-08:00  WARN 69004 --- [ai-crm-dash] [l-1:housekeeper] com.zaxxer.hikari.pool.HikariPool        : HikariPool-1 - Thread starvation or clock leap detected (housekeeper delta=2m16s156ms).
2025-11-29T15:09:02.591-08:00  WARN 69004 --- [ai-crm-dash] [l-1:housekeeper] com.zaxxer.hikari.pool.HikariPool        : HikariPool-1 - Thread starvation or clock leap detected (housekeeper delta=4m46s412ms).
2025-11-29T15:25:49.187-08:00  WARN 69004 --- [ai-crm-dash] [l-1:housekeeper] com.zaxxer.hikari.pool.HikariPool        : HikariPool-1 - Thread starvation or clock leap detected (housekeeper delta=15m46s563ms).
2025-11-29T15:40:54.776-08:00  WARN 69004 --- [ai-crm-dash] [l-1:housekeeper] com.zaxxer.hikari.pool.HikariPool        : HikariPool-1 - Thread starvation or clock leap detected (housekeeper delta=14m5s548ms).
2025-11-29T15:48:18.188-08:00  WARN 69004 --- [ai-crm-dash] [l-1:housekeeper] com.zaxxer.hikari.pool.HikariPool        : HikariPool-1 - Thread starvation or clock leap detected (housekeeper delta=5m53s375ms).
2025-11-29T15:51:20.073-08:00  WARN 69004 --- [ai-crm-dash] [l-1:housekeeper] com.zaxxer.hikari.pool.HikariPool        : HikariPool-1 - Thread starvation or clock leap detected (housekeeper delta=2m1s853ms).
2025-11-29T16:56:17.068-08:00  WARN 69004 --- [ai-crm-dash] [l-1:housekeeper] com.zaxxer.hikari.pool.HikariPool        : HikariPool-1 - Thread starvation or clock leap detected (housekeeper delta=4m56s410ms).
2025-11-29T17:02:35.608-08:00  WARN 69004 --- [ai-crm-dash] [l-1:housekeeper] com.zaxxer.hikari.pool.HikariPool        : HikariPool-1 - Thread starvation or clock leap detected (housekeeper delta=5m18s499ms).
2025-11-29T17:08:18.257-08:00  WARN 69004 --- [ai-crm-dash] [l-1:housekeeper] com.zaxxer.hikari.pool.HikariPool        : HikariPool-1 - Thread starvation or clock leap detected (housekeeper delta=4m42s612ms).
2025-11-29T17:13:19.280-08:00  WARN 69004 --- [ai-crm-dash] [l-1:housekeeper] com.zaxxer.hikari.pool.HikariPool        : HikariPool-1 - Thread starvation or clock leap detected (housekeeper delta=4m997ms).
2025-11-29T17:17:10.556-08:00  WARN 69004 --- [ai-crm-dash] [l-1:housekeeper] com.zaxxer.hikari.pool.HikariPool        : HikariPool-1 - Thread starvation or clock leap detected (housekeeper delta=2m51s236ms).
2025-11-29T17:23:33.581-08:00  WARN 69004 --- [ai-crm-dash] [l-1:housekeeper] com.zaxxer.hikari.pool.HikariPool        : HikariPool-1 - Thread starvation or clock leap detected (housekeeper delta=5m22s986ms).
2025-11-29T17:29:42.833-08:00  WARN 69004 --- [ai-crm-dash] [l-1:housekeeper] com.zaxxer.hikari.pool.HikariPool        : HikariPool-1 - Thread starvation or clock leap detected (housekeeper delta=5m9s217ms).
2025-11-29T17:33:17.333-08:00  WARN 69004 --- [ai-crm-dash] [l-1:housekeeper] com.zaxxer.hikari.pool.HikariPool        : HikariPool-1 - Thread starvation or clock leap detected (housekeeper delta=2m4s466ms).
2025-11-29T18:11:57.408-08:00  WARN 69004 --- [ai-crm-dash] [l-1:housekeeper] com.zaxxer.hikari.pool.HikariPool        : HikariPool-1 - Thread starvation or clock leap detected (housekeeper delta=3m9s783ms).
2025-11-29T19:21:42.820-08:00  WARN 69004 --- [ai-crm-dash] [l-1:housekeeper] com.zaxxer.hikari.pool.HikariPool        : HikariPool-1 - Thread starvation or clock leap detected (housekeeper delta=3m44s909ms).
2025-11-29T21:54:56.185-08:00  WARN 69004 --- [ai-crm-dash] [l-1:housekeeper] com.zaxxer.hikari.pool.HikariPool        : HikariPool-1 - Thread starvation or clock leap detected (housekeeper delta=11m4s329ms).
2025-11-29T22:14:33.893-08:00  WARN 69004 --- [ai-crm-dash] [l-1:housekeeper] com.zaxxer.hikari.pool.HikariPool        : HikariPool-1 - Thread starvation or clock leap detected (housekeeper delta=16m37s649ms).
2025-11-29T22:32:58.827-08:00  WARN 69004 --- [ai-crm-dash] [l-1:housekeeper] com.zaxxer.hikari.pool.HikariPool        : HikariPool-1 - Thread starvation or clock leap detected (housekeeper delta=16m54s889ms).
2025-11-29T22:52:36.652-08:00  WARN 69004 --- [ai-crm-dash] [l-1:housekeeper] com.zaxxer.hikari.pool.HikariPool        : HikariPool-1 - Thread starvation or clock leap detected (housekeeper delta=15m37s745ms).
2025-11-29T23:09:48.826-08:00  WARN 69004 --- [ai-crm-dash] [l-1:housekeeper] com.zaxxer.hikari.pool.HikariPool        : HikariPool-1 - Thread starvation or clock leap detected (housekeeper delta=15m42s141ms).
2025-11-29T23:13:02.225-08:00  WARN 69004 --- [ai-crm-dash] [l-1:housekeeper] com.zaxxer.hikari.pool.HikariPool        : HikariPool-1 - Thread starvation or clock leap detected (housekeeper delta=2m13s370ms).
2025-11-29T23:29:56.963-08:00  WARN 69004 --- [ai-crm-dash] [l-1:housekeeper] com.zaxxer.hikari.pool.HikariPool        : HikariPool-1 - Thread starvation or clock leap detected (housekeeper delta=15m54s699ms).
2025-11-29T23:38:26.865-08:00  WARN 69004 --- [ai-crm-dash] [l-1:housekeeper] com.zaxxer.hikari.pool.HikariPool        : HikariPool-1 - Thread starvation or clock leap detected (housekeeper delta=7m29s864ms).
2025-11-30T00:24:42.178-08:00  WARN 69004 --- [ai-crm-dash] [l-1:housekeeper] com.zaxxer.hikari.pool.HikariPool        : HikariPool-1 - Thread starvation or clock leap detected (housekeeper delta=16m15s89ms).
2025-11-30T00:41:50.020-08:00  WARN 69004 --- [ai-crm-dash] [l-1:housekeeper] com.zaxxer.hikari.pool.HikariPool        : HikariPool-1 - Thread starvation or clock leap detected (housekeeper delta=16m7s819ms).
2025-11-30T00:58:21.773-08:00  WARN 69004 --- [ai-crm-dash] [l-1:housekeeper] com.zaxxer.hikari.pool.HikariPool        : HikariPool-1 - Thread starvation or clock leap detected (housekeeper delta=15m31s715ms).
2025-11-30T01:15:28.813-08:00  WARN 69004 --- [ai-crm-dash] [l-1:housekeeper] com.zaxxer.hikari.pool.HikariPool        : HikariPool-1 - Thread starvation or clock leap detected (housekeeper delta=15m36s996ms).
2025-11-30T01:52:28.910-08:00  WARN 69004 --- [ai-crm-dash] [l-1:housekeeper] com.zaxxer.hikari.pool.HikariPool        : HikariPool-1 - Thread starvation or clock leap detected (housekeeper delta=16m29s809ms).
2025-11-30T02:09:09.722-08:00  WARN 69004 --- [ai-crm-dash] [l-1:housekeeper] com.zaxxer.hikari.pool.HikariPool        : HikariPool-1 - Thread starvation or clock leap detected (housekeeper delta=15m40s792ms).
2025-11-30T02:26:13.573-08:00  WARN 69004 --- [ai-crm-dash] [l-1:housekeeper] com.zaxxer.hikari.pool.HikariPool        : HikariPool-1 - Thread starvation or clock leap detected (housekeeper delta=16m3s822ms).
2025-11-30T02:43:56.362-08:00  WARN 69004 --- [ai-crm-dash] [l-1:housekeeper] com.zaxxer.hikari.pool.HikariPool        : HikariPool-1 - Thread starvation or clock leap detected (housekeeper delta=16m42s749ms).
2025-11-30T03:02:33.236-08:00  WARN 69004 --- [ai-crm-dash] [l-1:housekeeper] com.zaxxer.hikari.pool.HikariPool        : HikariPool-1 - Thread starvation or clock leap detected (housekeeper delta=17m36s822ms).
2025-11-30T03:10:05.321-08:00  WARN 69004 --- [ai-crm-dash] [l-1:housekeeper] com.zaxxer.hikari.pool.HikariPool        : HikariPool-1 - Thread starvation or clock leap detected (housekeeper delta=6m2s39ms).
2025-11-30T03:28:08.739-08:00  WARN 69004 --- [ai-crm-dash] [l-1:housekeeper] com.zaxxer.hikari.pool.HikariPool        : HikariPool-1 - Thread starvation or clock leap detected (housekeeper delta=17m3s376ms).
2025-11-30T03:46:22.505-08:00  WARN 69004 --- [ai-crm-dash] [l-1:housekeeper] com.zaxxer.hikari.pool.HikariPool        : HikariPool-1 - Thread starvation or clock leap detected (housekeeper delta=17m13s734ms).
2025-11-30T04:03:05.356-08:00  WARN 69004 --- [ai-crm-dash] [l-1:housekeeper] com.zaxxer.hikari.pool.HikariPool        : HikariPool-1 - Thread starvation or clock leap detected (housekeeper delta=15m42s818ms).
2025-11-30T04:11:01.469-08:00  WARN 69004 --- [ai-crm-dash] [l-1:housekeeper] com.zaxxer.hikari.pool.HikariPool        : HikariPool-1 - Thread starvation or clock leap detected (housekeeper delta=6m26s73ms).
2025-11-30T04:27:37.289-08:00  WARN 69004 --- [ai-crm-dash] [l-1:housekeeper] com.zaxxer.hikari.pool.HikariPool        : HikariPool-1 - Thread starvation or clock leap detected (housekeeper delta=15m35s792ms).
2025-11-30T04:45:05.675-08:00  WARN 69004 --- [ai-crm-dash] [l-1:housekeeper] com.zaxxer.hikari.pool.HikariPool        : HikariPool-1 - Thread starvation or clock leap detected (housekeeper delta=16m28s346ms).
2025-11-30T05:02:59.428-08:00  WARN 69004 --- [ai-crm-dash] [l-1:housekeeper] com.zaxxer.hikari.pool.HikariPool        : HikariPool-1 - Thread starvation or clock leap detected (housekeeper delta=16m23s713ms).
2025-11-30T05:11:57.539-08:00  WARN 69004 --- [ai-crm-dash] [l-1:housekeeper] com.zaxxer.hikari.pool.HikariPool        : HikariPool-1 - Thread starvation or clock leap detected (housekeeper delta=7m58s76ms).
2025-11-30T05:28:46.383-08:00  WARN 69004 --- [ai-crm-dash] [l-1:housekeeper] com.zaxxer.hikari.pool.HikariPool        : HikariPool-1 - Thread starvation or clock leap detected (housekeeper delta=15m48s802ms).
2025-11-30T05:47:37.348-08:00  WARN 69004 --- [ai-crm-dash] [l-1:housekeeper] com.zaxxer.hikari.pool.HikariPool        : HikariPool-1 - Thread starvation or clock leap detected (housekeeper delta=17m20s910ms).
2025-11-30T06:04:31.099-08:00  WARN 69004 --- [ai-crm-dash] [l-1:housekeeper] com.zaxxer.hikari.pool.HikariPool        : HikariPool-1 - Thread starvation or clock leap detected (housekeeper delta=15m53s710ms).
2025-11-30T06:12:53.105-08:00  WARN 69004 --- [ai-crm-dash] [l-1:housekeeper] com.zaxxer.hikari.pool.HikariPool        : HikariPool-1 - Thread starvation or clock leap detected (housekeeper delta=7m21s972ms).
2025-11-30T06:30:04.973-08:00  WARN 69004 --- [ai-crm-dash] [l-1:housekeeper] com.zaxxer.hikari.pool.HikariPool        : HikariPool-1 - Thread starvation or clock leap detected (housekeeper delta=15m41s823ms).
2025-11-30T06:46:41.781-08:00  WARN 69004 --- [ai-crm-dash] [l-1:housekeeper] com.zaxxer.hikari.pool.HikariPool        : HikariPool-1 - Thread starvation or clock leap detected (housekeeper delta=15m36s765ms).
2025-11-30T07:04:18.614-08:00  WARN 69004 --- [ai-crm-dash] [l-1:housekeeper] com.zaxxer.hikari.pool.HikariPool        : HikariPool-1 - Thread starvation or clock leap detected (housekeeper delta=16m36s795ms).
2025-11-30T07:14:18.116-08:00  WARN 69004 --- [ai-crm-dash] [l-1:housekeeper] com.zaxxer.hikari.pool.HikariPool        : HikariPool-1 - Thread starvation or clock leap detected (housekeeper delta=8m29s465ms).
2025-11-30T07:25:59.950-08:00  WARN 69004 --- [ai-crm-dash] [l-1:housekeeper] com.zaxxer.hikari.pool.HikariPool        : HikariPool-1 - Thread starvation or clock leap detected (housekeeper delta=10m41s797ms).
2025-11-30T07:42:59.338-08:00  WARN 69004 --- [ai-crm-dash] [l-1:housekeeper] com.zaxxer.hikari.pool.HikariPool        : HikariPool-1 - Thread starvation or clock leap detected (housekeeper delta=15m59s344ms).
2025-11-30T08:01:04.089-08:00  WARN 69004 --- [ai-crm-dash] [l-1:housekeeper] com.zaxxer.hikari.pool.HikariPool        : HikariPool-1 - Thread starvation or clock leap detected (housekeeper delta=17m4s713ms).
2025-11-30T08:15:07.729-08:00  WARN 69004 --- [ai-crm-dash] [l-1:housekeeper] com.zaxxer.hikari.pool.HikariPool        : HikariPool-1 - Thread starvation or clock leap detected (housekeeper delta=12m3s590ms).
2025-11-30T08:32:13.494-08:00  WARN 69004 --- [ai-crm-dash] [l-1:housekeeper] com.zaxxer.hikari.pool.HikariPool        : HikariPool-1 - Thread starvation or clock leap detected (housekeeper delta=16m5s737ms).
2025-11-30T08:49:21.363-08:00  WARN 69004 --- [ai-crm-dash] [l-1:housekeeper] com.zaxxer.hikari.pool.HikariPool        : HikariPool-1 - Thread starvation or clock leap detected (housekeeper delta=16m7s832ms).
2025-11-30T09:06:05.093-08:00  WARN 69004 --- [ai-crm-dash] [l-1:housekeeper] com.zaxxer.hikari.pool.HikariPool        : HikariPool-1 - Thread starvation or clock leap detected (housekeeper delta=15m43s705ms).
2025-11-30T09:16:19.988-08:00  WARN 69004 --- [ai-crm-dash] [l-1:housekeeper] com.zaxxer.hikari.pool.HikariPool        : HikariPool-1 - Thread starvation or clock leap detected (housekeeper delta=8m44s840ms).
2025-11-30T09:49:04.144-08:00  WARN 69004 --- [ai-crm-dash] [l-1:housekeeper] com.zaxxer.hikari.pool.HikariPool        : HikariPool-1 - Thread starvation or clock leap detected (housekeeper delta=31m44s118ms).
2025-11-30T10:11:21.618-08:00  WARN 69004 --- [ai-crm-dash] [l-1:housekeeper] com.zaxxer.hikari.pool.HikariPool        : HikariPool-1 - Thread starvation or clock leap detected (housekeeper delta=14m47s417ms).
2025-11-30T10:24:37.707-08:00  WARN 69004 --- [ai-crm-dash] [l-1:housekeeper] com.zaxxer.hikari.pool.HikariPool        : HikariPool-1 - Thread starvation or clock leap detected (housekeeper delta=2m46s24ms).
2025-11-30T10:39:09.492-08:00  WARN 69004 --- [ai-crm-dash] [l-1:housekeeper] com.zaxxer.hikari.pool.HikariPool        : HikariPool-1 - Thread starvation or clock leap detected (housekeeper delta=8m1s739ms).
2025-11-30T11:04:44.297-08:00  WARN 69004 --- [ai-crm-dash] [l-1:housekeeper] com.zaxxer.hikari.pool.HikariPool        : HikariPool-1 - Thread starvation or clock leap detected (housekeeper delta=1m34s651ms).
2025-11-30T11:12:32.491-08:00  WARN 69004 --- [ai-crm-dash] [l-1:housekeeper] com.zaxxer.hikari.pool.HikariPool        : HikariPool-1 - Thread starvation or clock leap detected (housekeeper delta=3m48s158ms).
2025-11-30T11:22:50.166-08:00  WARN 69004 --- [ai-crm-dash] [l-1:housekeeper] com.zaxxer.hikari.pool.HikariPool        : HikariPool-1 - Thread starvation or clock leap detected (housekeeper delta=47s620ms).
2025-11-30T11:32:54.374-08:00  WARN 69004 --- [ai-crm-dash] [l-1:housekeeper] com.zaxxer.hikari.pool.HikariPool        : HikariPool-1 - Thread starvation or clock leap detected (housekeeper delta=2m34s144ms).
2025-11-30T11:36:17.783-08:00  WARN 69004 --- [ai-crm-dash] [l-1:housekeeper] com.zaxxer.hikari.pool.HikariPool        : HikariPool-1 - Thread starvation or clock leap detected (housekeeper delta=1m23s393ms).
2025-11-30T11:38:58.700-08:00  WARN 69004 --- [ai-crm-dash] [l-1:housekeeper] com.zaxxer.hikari.pool.HikariPool        : HikariPool-1 - Thread starvation or clock leap detected (housekeeper delta=2m40s917ms).
2025-11-30T11:47:53.944-08:00  WARN 69004 --- [ai-crm-dash] [l-1:housekeeper] com.zaxxer.hikari.pool.HikariPool        : HikariPool-1 - Thread starvation or clock leap detected (housekeeper delta=5m55s228ms).
2025-11-30T11:50:27.745-08:00  WARN 69004 --- [ai-crm-dash] [l-1:housekeeper] com.zaxxer.hikari.pool.HikariPool        : HikariPool-1 - Thread starvation or clock leap detected (housekeeper delta=2m33s801ms).
2025-11-30T12:10:30.754-08:00  WARN 69004 --- [ai-crm-dash] [l-1:housekeeper] com.zaxxer.hikari.pool.HikariPool        : HikariPool-1 - Thread starvation or clock leap detected (housekeeper delta=1m2s882ms).
2025-11-30T12:40:02.801-08:00  WARN 69004 --- [ai-crm-dash] [l-1:housekeeper] com.zaxxer.hikari.pool.HikariPool        : HikariPool-1 - Thread starvation or clock leap detected (housekeeper delta=6m31s922ms).
2025-11-30T12:45:18.198-08:00  WARN 69004 --- [ai-crm-dash] [l-1:housekeeper] com.zaxxer.hikari.pool.HikariPool        : HikariPool-1 - Thread starvation or clock leap detected (housekeeper delta=5m15s397ms).
2025-11-30T12:53:06.432-08:00  WARN 69004 --- [ai-crm-dash] [l-1:housekeeper] com.zaxxer.hikari.pool.HikariPool        : HikariPool-1 - Thread starvation or clock leap detected (housekeeper delta=7m48s234ms).
2025-11-30T13:21:29.141-08:00  WARN 69004 --- [ai-crm-dash] [l-1:housekeeper] com.zaxxer.hikari.pool.HikariPool        : HikariPool-1 - Thread starvation or clock leap detected (housekeeper delta=1m22s545ms).
2025-11-30T14:19:13.271-08:00  WARN 69004 --- [ai-crm-dash] [l-1:housekeeper] com.zaxxer.hikari.pool.HikariPool        : HikariPool-1 - Thread starvation or clock leap detected (housekeeper delta=31m13s948ms).
2025-11-30T15:49:13.270-08:00  WARN 69004 --- [ai-crm-dash] [l-1:housekeeper] com.zaxxer.hikari.pool.HikariPool        : HikariPool-1 - Thread starvation or clock leap detected (housekeeper delta=1h29m59s999ms).
2025-11-30T16:50:19.396-08:00  WARN 69004 --- [ai-crm-dash] [l-1:housekeeper] com.zaxxer.hikari.pool.HikariPool        : HikariPool-1 - Thread starvation or clock leap detected (housekeeper delta=1h1m6s126ms).
2025-11-30T17:51:14.944-08:00  WARN 69004 --- [ai-crm-dash] [l-1:housekeeper] com.zaxxer.hikari.pool.HikariPool        : HikariPool-1 - Thread starvation or clock leap detected (housekeeper delta=1h55s548ms).
2025-11-30T18:13:30.990-08:00  WARN 69004 --- [ai-crm-dash] [l-1:housekeeper] com.zaxxer.hikari.pool.HikariPool        : HikariPool-1 - Thread starvation or clock leap detected (housekeeper delta=22m16s45ms).
2025-11-30T18:41:41.624-08:00  WARN 69004 --- [ai-crm-dash] [l-1:housekeeper] com.zaxxer.hikari.pool.HikariPool        : HikariPool-1 - Thread starvation or clock leap detected (housekeeper delta=26m40s624ms).
2025-11-30T18:45:02.096-08:00  WARN 69004 --- [ai-crm-dash] [l-1:housekeeper] com.zaxxer.hikari.pool.HikariPool        : HikariPool-1 - Thread starvation or clock leap detected (housekeeper delta=3m20s472ms).
2025-11-30T18:50:27.696-08:00  WARN 69004 --- [ai-crm-dash] [l-1:housekeeper] com.zaxxer.hikari.pool.HikariPool        : HikariPool-1 - Thread starvation or clock leap detected (housekeeper delta=5m25s600ms).
2025-11-30T19:03:28.802-08:00  WARN 69004 --- [ai-crm-dash] [l-1:housekeeper] com.zaxxer.hikari.pool.HikariPool        : HikariPool-1 - Thread starvation or clock leap detected (housekeeper delta=8m1s56ms).
2025-11-30T20:23:06.411-08:00  WARN 69004 --- [ai-crm-dash] [l-1:housekeeper] com.zaxxer.hikari.pool.HikariPool        : HikariPool-1 - Thread starvation or clock leap detected (housekeeper delta=15m36s950ms).
2025-11-30T20:38:28.120-08:00  WARN 69004 --- [ai-crm-dash] [l-1:housekeeper] com.zaxxer.hikari.pool.HikariPool        : HikariPool-1 - Thread starvation or clock leap detected (housekeeper delta=51s551ms).
2025-11-30T20:41:31.570-08:00  WARN 69004 --- [ai-crm-dash] [l-1:housekeeper] com.zaxxer.hikari.pool.HikariPool        : HikariPool-1 - Thread starvation or clock leap detected (housekeeper delta=2m3s423ms).
2025-11-30T20:46:26.842-08:00  WARN 69004 --- [ai-crm-dash] [l-1:housekeeper] com.zaxxer.hikari.pool.HikariPool        : HikariPool-1 - Thread starvation or clock leap detected (housekeeper delta=3m55s231ms).
2025-11-30T20:48:40.602-08:00  WARN 69004 --- [ai-crm-dash] [l-1:housekeeper] com.zaxxer.hikari.pool.HikariPool        : HikariPool-1 - Thread starvation or clock leap detected (housekeeper delta=1m13s737ms).
2025-11-30T20:57:57.323-08:00  WARN 69004 --- [ai-crm-dash] [l-1:housekeeper] com.zaxxer.hikari.pool.HikariPool        : HikariPool-1 - Thread starvation or clock leap detected (housekeeper delta=8m16s694ms).
2025-11-30T21:07:12.648-08:00  WARN 69004 --- [ai-crm-dash] [l-1:housekeeper] com.zaxxer.hikari.pool.HikariPool        : HikariPool-1 - Thread starvation or clock leap detected (housekeeper delta=7m45s236ms).
2025-11-30T21:18:21.242-08:00  WARN 69004 --- [ai-crm-dash] [l-1:housekeeper] com.zaxxer.hikari.pool.HikariPool        : HikariPool-1 - Thread starvation or clock leap detected (housekeeper delta=10m8s556ms).
2025-11-30T21:27:22.428-08:00  WARN 69004 --- [ai-crm-dash] [l-1:housekeeper] com.zaxxer.hikari.pool.HikariPool        : HikariPool-1 - Thread starvation or clock leap detected (housekeeper delta=9m1s186ms).
2025-11-30T21:29:00.310-08:00  WARN 69004 --- [ai-crm-dash] [l-1:housekeeper] com.zaxxer.hikari.pool.HikariPool        : HikariPool-1 - Thread starvation or clock leap detected (housekeeper delta=1m37s882ms).
2025-11-30T21:31:26.426-08:00  WARN 69004 --- [ai-crm-dash] [l-1:housekeeper] com.zaxxer.hikari.pool.HikariPool        : HikariPool-1 - Thread starvation or clock leap detected (housekeeper delta=2m26s116ms).
2025-11-30T21:33:52.212-08:00  WARN 69004 --- [ai-crm-dash] [l-1:housekeeper] com.zaxxer.hikari.pool.HikariPool        : HikariPool-1 - Thread starvation or clock leap detected (housekeeper delta=2m25s786ms).
2025-11-30T21:34:58.916-08:00  WARN 69004 --- [ai-crm-dash] [l-1:housekeeper] com.zaxxer.hikari.pool.HikariPool        : HikariPool-1 - Thread starvation or clock leap detected (housekeeper delta=1m6s703ms).
2025-11-30T21:41:08.425-08:00  WARN 69004 --- [ai-crm-dash] [l-1:housekeeper] com.zaxxer.hikari.pool.HikariPool        : HikariPool-1 - Thread starvation or clock leap detected (housekeeper delta=6m9s510ms).
2025-11-30T21:44:13.978-08:00  WARN 69004 --- [ai-crm-dash] [l-1:housekeeper] com.zaxxer.hikari.pool.HikariPool        : HikariPool-1 - Thread starvation or clock leap detected (housekeeper delta=3m5s553ms).
2025-11-30T21:46:30.555-08:00  WARN 69004 --- [ai-crm-dash] [l-1:housekeeper] com.zaxxer.hikari.pool.HikariPool        : HikariPool-1 - Thread starvation or clock leap detected (housekeeper delta=2m16s577ms).
2025-11-30T21:52:44.785-08:00  WARN 69004 --- [ai-crm-dash] [l-1:housekeeper] com.zaxxer.hikari.pool.HikariPool        : HikariPool-1 - Thread starvation or clock leap detected (housekeeper delta=5m32s599ms).
2025-11-30T22:55:46.706-08:00  WARN 69004 --- [ai-crm-dash] [l-1:housekeeper] com.zaxxer.hikari.pool.HikariPool        : HikariPool-1 - Thread starvation or clock leap detected (housekeeper delta=49m31s806ms).
2025-11-30T23:26:52.680-08:00  WARN 69004 --- [ai-crm-dash] [l-1:housekeeper] com.zaxxer.hikari.pool.HikariPool        : HikariPool-1 - Thread starvation or clock leap detected (housekeeper delta=31m5s975ms).
2025-11-30T23:42:44.238-08:00  WARN 69004 --- [ai-crm-dash] [l-1:housekeeper] com.zaxxer.hikari.pool.HikariPool        : HikariPool-1 - Thread starvation or clock leap detected (housekeeper delta=15m51s558ms).
2025-12-01T00:07:17.926-08:00  WARN 69004 --- [ai-crm-dash] [l-1:housekeeper] com.zaxxer.hikari.pool.HikariPool        : HikariPool-1 - Thread starvation or clock leap detected (housekeeper delta=24m33s688ms).
2025-12-01T00:39:42.198-08:00  WARN 69004 --- [ai-crm-dash] [l-1:housekeeper] com.zaxxer.hikari.pool.HikariPool        : HikariPool-1 - Thread starvation or clock leap detected (housekeeper delta=32m24s272ms).
2025-12-01T01:08:22.293-08:00  WARN 69004 --- [ai-crm-dash] [l-1:housekeeper] com.zaxxer.hikari.pool.HikariPool        : HikariPool-1 - Thread starvation or clock leap detected (housekeeper delta=28m40s95ms).
2025-12-01T01:40:52.944-08:00  WARN 69004 --- [ai-crm-dash] [l-1:housekeeper] com.zaxxer.hikari.pool.HikariPool        : HikariPool-1 - Thread starvation or clock leap detected (housekeeper delta=32m30s651ms).
2025-12-01T02:09:23.831-08:00  WARN 69004 --- [ai-crm-dash] [l-1:housekeeper] com.zaxxer.hikari.pool.HikariPool        : HikariPool-1 - Thread starvation or clock leap detected (housekeeper delta=28m30s887ms).
2025-12-01T02:41:10.288-08:00  WARN 69004 --- [ai-crm-dash] [l-1:housekeeper] com.zaxxer.hikari.pool.HikariPool        : HikariPool-1 - Thread starvation or clock leap detected (housekeeper delta=31m46s457ms).
2025-12-01T03:10:25.428-08:00  WARN 69004 --- [ai-crm-dash] [l-1:housekeeper] com.zaxxer.hikari.pool.HikariPool        : HikariPool-1 - Thread starvation or clock leap detected (housekeeper delta=29m15s140ms).
2025-12-01T03:56:16.736-08:00  WARN 69004 --- [ai-crm-dash] [l-1:housekeeper] com.zaxxer.hikari.pool.HikariPool        : HikariPool-1 - Thread starvation or clock leap detected (housekeeper delta=45m51s308ms).
2025-12-01T04:50:03.449-08:00  WARN 69004 --- [ai-crm-dash] [l-1:housekeeper] com.zaxxer.hikari.pool.HikariPool        : HikariPool-1 - Thread starvation or clock leap detected (housekeeper delta=53m46s713ms).
2025-12-01T05:43:58.044-08:00  WARN 69004 --- [ai-crm-dash] [l-1:housekeeper] com.zaxxer.hikari.pool.HikariPool        : HikariPool-1 - Thread starvation or clock leap detected (housekeeper delta=53m54s595ms).
2025-12-01T07:01:44.562-08:00  WARN 69004 --- [ai-crm-dash] [l-1:housekeeper] com.zaxxer.hikari.pool.HikariPool        : HikariPool-1 - Thread starvation or clock leap detected (housekeeper delta=1h17m46s518ms).
2025-12-01T08:04:40.050-08:00  WARN 69004 --- [ai-crm-dash] [l-1:housekeeper] com.zaxxer.hikari.pool.HikariPool        : HikariPool-1 - Thread starvation or clock leap detected (housekeeper delta=1h2m55s488ms).
2025-12-01T08:50:06.774-08:00  WARN 69004 --- [ai-crm-dash] [l-1:housekeeper] com.zaxxer.hikari.pool.HikariPool        : HikariPool-1 - Thread starvation or clock leap detected (housekeeper delta=45m26s724ms).
2025-12-01T09:47:19.954-08:00  WARN 69004 --- [ai-crm-dash] [l-1:housekeeper] com.zaxxer.hikari.pool.HikariPool        : HikariPool-1 - Thread starvation or clock leap detected (housekeeper delta=57m13s180ms).
2025-12-01T10:27:21.701-08:00  WARN 69004 --- [ai-crm-dash] [l-1:housekeeper] com.zaxxer.hikari.pool.HikariPool        : HikariPool-1 - Thread starvation or clock leap detected (housekeeper delta=40m1s746ms).
2025-12-01T10:29:21.335-08:00  WARN 69004 --- [ai-crm-dash] [l-1:housekeeper] com.zaxxer.hikari.pool.HikariPool        : HikariPool-1 - Retrograde clock change detected (housekeeper delta=29s627ms), soft-evicting connections from pool.
2025-12-01T10:48:00.433-08:00  WARN 69004 --- [ai-crm-dash] [l-1:housekeeper] com.zaxxer.hikari.pool.HikariPool        : HikariPool-1 - Thread starvation or clock leap detected (housekeeper delta=2m8s811ms).
2025-12-01T11:05:21.529-08:00  WARN 69004 --- [ai-crm-dash] [l-1:housekeeper] com.zaxxer.hikari.pool.HikariPool        : HikariPool-1 - Thread starvation or clock leap detected (housekeeper delta=17m21s97ms).
2025-12-01T11:25:14.997-08:00  WARN 69004 --- [ai-crm-dash] [l-1:housekeeper] com.zaxxer.hikari.pool.HikariPool        : HikariPool-1 - Thread starvation or clock leap detected (housekeeper delta=19m53s468ms).
2025-12-01T11:56:48.553-08:00  WARN 69004 --- [ai-crm-dash] [l-1:housekeeper] com.zaxxer.hikari.pool.HikariPool        : HikariPool-1 - Thread starvation or clock leap detected (housekeeper delta=7m3s229ms).
2025-12-01T12:44:49.849-08:00  WARN 69004 --- [ai-crm-dash] [l-1:housekeeper] com.zaxxer.hikari.pool.HikariPool        : HikariPool-1 - Thread starvation or clock leap detected (housekeeper delta=33m53s993ms).
2025-12-01T13:08:15.854-08:00  WARN 69004 --- [ai-crm-dash] [l-1:housekeeper] com.zaxxer.hikari.pool.HikariPool        : HikariPool-1 - Thread starvation or clock leap detected (housekeeper delta=23m26s5ms).
2025-12-01T14:30:56.592-08:00  WARN 69004 --- [ai-crm-dash] [l-1:housekeeper] com.zaxxer.hikari.pool.HikariPool        : HikariPool-1 - Thread starvation or clock leap detected (housekeeper delta=1h20m40s724ms).
2025-12-01T14:38:52.210-08:00  WARN 69004 --- [ai-crm-dash] [l-1:housekeeper] com.zaxxer.hikari.pool.HikariPool        : HikariPool-1 - Thread starvation or clock leap detected (housekeeper delta=7m55s617ms).
2025-12-01T14:58:49.659-08:00  WARN 69004 --- [ai-crm-dash] [l-1:housekeeper] com.zaxxer.hikari.pool.HikariPool        : HikariPool-1 - Thread starvation or clock leap detected (housekeeper delta=11m27s474ms).
2025-12-01T15:08:51.372-08:00  WARN 69004 --- [ai-crm-dash] [l-1:housekeeper] com.zaxxer.hikari.pool.HikariPool        : HikariPool-1 - Thread starvation or clock leap detected (housekeeper delta=10m1s714ms).
2025-12-01T15:26:31.896-08:00  WARN 69004 --- [ai-crm-dash] [l-1:housekeeper] com.zaxxer.hikari.pool.HikariPool        : HikariPool-1 - Thread starvation or clock leap detected (housekeeper delta=17m40s524ms).
2025-12-01T15:54:28.418-08:00  WARN 69004 --- [ai-crm-dash] [l-1:housekeeper] com.zaxxer.hikari.pool.HikariPool        : HikariPool-1 - Thread starvation or clock leap detected (housekeeper delta=27m56s522ms).
2025-12-01T16:17:39.232-08:00  WARN 69004 --- [ai-crm-dash] [l-1:housekeeper] com.zaxxer.hikari.pool.HikariPool        : HikariPool-1 - Thread starvation or clock leap detected (housekeeper delta=23m10s814ms).
2025-12-01T17:06:05.814-08:00  WARN 69004 --- [ai-crm-dash] [l-1:housekeeper] com.zaxxer.hikari.pool.HikariPool        : HikariPool-1 - Thread starvation or clock leap detected (housekeeper delta=47m56s577ms).
2025-12-01T17:10:14.585-08:00  WARN 69004 --- [ai-crm-dash] [l-1:housekeeper] com.zaxxer.hikari.pool.HikariPool        : HikariPool-1 - Thread starvation or clock leap detected (housekeeper delta=4m8s771ms).
2025-12-01T17:59:22.121-08:00  WARN 69004 --- [ai-crm-dash] [l-1:housekeeper] com.zaxxer.hikari.pool.HikariPool        : HikariPool-1 - Thread starvation or clock leap detected (housekeeper delta=49m7s536ms).
2025-12-01T18:11:12.890-08:00  WARN 69004 --- [ai-crm-dash] [l-1:housekeeper] com.zaxxer.hikari.pool.HikariPool        : HikariPool-1 - Thread starvation or clock leap detected (housekeeper delta=11m50s769ms).
2025-12-01T18:43:46.565-08:00  WARN 69004 --- [ai-crm-dash] [l-1:housekeeper] com.zaxxer.hikari.pool.HikariPool        : HikariPool-1 - Thread starvation or clock leap detected (housekeeper delta=32m33s675ms).
2025-12-01T19:12:10.077-08:00  WARN 69004 --- [ai-crm-dash] [l-1:housekeeper] com.zaxxer.hikari.pool.HikariPool        : HikariPool-1 - Thread starvation or clock leap detected (housekeeper delta=28m23s512ms).
2025-12-01T19:45:34.936-08:00  WARN 69004 --- [ai-crm-dash] [l-1:housekeeper] com.zaxxer.hikari.pool.HikariPool        : HikariPool-1 - Thread starvation or clock leap detected (housekeeper delta=33m24s859ms).
2025-12-01T20:13:07.437-08:00  WARN 69004 --- [ai-crm-dash] [l-1:housekeeper] com.zaxxer.hikari.pool.HikariPool        : HikariPool-1 - Thread starvation or clock leap detected (housekeeper delta=27m32s501ms).
2025-12-01T20:31:30.496-08:00  WARN 69004 --- [ai-crm-dash] [l-1:housekeeper] com.zaxxer.hikari.pool.HikariPool        : HikariPool-1 - Thread starvation or clock leap detected (housekeeper delta=18m23s59ms).
2025-12-01T21:14:04.721-08:00  WARN 69004 --- [ai-crm-dash] [l-1:housekeeper] com.zaxxer.hikari.pool.HikariPool        : HikariPool-1 - Thread starvation or clock leap detected (housekeeper delta=42m34s225ms).
2025-12-01T21:31:00.872-08:00  WARN 69004 --- [ai-crm-dash] [l-1:housekeeper] com.zaxxer.hikari.pool.HikariPool        : HikariPool-1 - Thread starvation or clock leap detected (housekeeper delta=16m56s151ms).
2025-12-01T22:15:02.105-08:00  WARN 69004 --- [ai-crm-dash] [l-1:housekeeper] com.zaxxer.hikari.pool.HikariPool        : HikariPool-1 - Thread starvation or clock leap detected (housekeeper delta=44m1s233ms).
2025-12-01T23:15:59.428-08:00  WARN 69004 --- [ai-crm-dash] [l-1:housekeeper] com.zaxxer.hikari.pool.HikariPool        : HikariPool-1 - Thread starvation or clock leap detected (housekeeper delta=1h27s314ms).
2025-12-01T23:33:39.070-08:00  WARN 69004 --- [ai-crm-dash] [l-1:housekeeper] com.zaxxer.hikari.pool.HikariPool        : HikariPool-1 - Thread starvation or clock leap detected (housekeeper delta=17m9s637ms).
2025-12-02T00:30:47.162-08:00  WARN 69004 --- [ai-crm-dash] [l-1:housekeeper] com.zaxxer.hikari.pool.HikariPool        : HikariPool-1 - Thread starvation or clock leap detected (housekeeper delta=55m8s73ms).
2025-12-02T01:36:44.450-08:00  WARN 69004 --- [ai-crm-dash] [l-1:housekeeper] com.zaxxer.hikari.pool.HikariPool        : HikariPool-1 - Thread starvation or clock leap detected (housekeeper delta=1h5m27s279ms).
2025-12-02T02:37:41.749-08:00  WARN 69004 --- [ai-crm-dash] [l-1:housekeeper] com.zaxxer.hikari.pool.HikariPool        : HikariPool-1 - Thread starvation or clock leap detected (housekeeper delta=1h27s290ms).
2025-12-02T03:28:22.348-08:00  WARN 69004 --- [ai-crm-dash] [l-1:housekeeper] com.zaxxer.hikari.pool.HikariPool        : HikariPool-1 - Thread starvation or clock leap detected (housekeeper delta=50m10s589ms).
2025-12-02T03:39:09.114-08:00  WARN 69004 --- [ai-crm-dash] [l-1:housekeeper] com.zaxxer.hikari.pool.HikariPool        : HikariPool-1 - Thread starvation or clock leap detected (housekeeper delta=10m46s766ms).
2025-12-02T04:30:03.689-08:00  WARN 69004 --- [ai-crm-dash] [l-1:housekeeper] com.zaxxer.hikari.pool.HikariPool        : HikariPool-1 - Thread starvation or clock leap detected (housekeeper delta=50m54s575ms).
2025-12-02T04:40:06.454-08:00  WARN 69004 --- [ai-crm-dash] [l-1:housekeeper] com.zaxxer.hikari.pool.HikariPool        : HikariPool-1 - Thread starvation or clock leap detected (housekeeper delta=10m2s765ms).
2025-12-02T05:13:14.292-08:00  WARN 69004 --- [ai-crm-dash] [l-1:housekeeper] com.zaxxer.hikari.pool.HikariPool        : HikariPool-1 - Thread starvation or clock leap detected (housekeeper delta=33m7s838ms).
2025-12-02T05:41:03.783-08:00  WARN 69004 --- [ai-crm-dash] [l-1:housekeeper] com.zaxxer.hikari.pool.HikariPool        : HikariPool-1 - Thread starvation or clock leap detected (housekeeper delta=27m49s491ms).
2025-12-02T06:14:07.580-08:00  WARN 69004 --- [ai-crm-dash] [l-1:housekeeper] com.zaxxer.hikari.pool.HikariPool        : HikariPool-1 - Thread starvation or clock leap detected (housekeeper delta=33m3s797ms).
2025-12-02T06:42:01.061-08:00  WARN 69004 --- [ai-crm-dash] [l-1:housekeeper] com.zaxxer.hikari.pool.HikariPool        : HikariPool-1 - Thread starvation or clock leap detected (housekeeper delta=27m53s481ms).
2025-12-02T06:58:58.123-08:00  WARN 69004 --- [ai-crm-dash] [l-1:housekeeper] com.zaxxer.hikari.pool.HikariPool        : HikariPool-1 - Thread starvation or clock leap detected (housekeeper delta=16m57s62ms).
2025-12-02T07:14:23.003-08:00  WARN 69004 --- [ai-crm-dash] [l-1:housekeeper] com.zaxxer.hikari.pool.HikariPool        : HikariPool-1 - Thread starvation or clock leap detected (housekeeper delta=15m24s880ms).
2025-12-02T07:46:32.066-08:00  WARN 69004 --- [ai-crm-dash] [l-1:housekeeper] com.zaxxer.hikari.pool.HikariPool        : HikariPool-1 - Thread starvation or clock leap detected (housekeeper delta=31m39s53ms).
2025-12-02T07:58:19.605-08:00  WARN 69004 --- [ai-crm-dash] [l-1:housekeeper] com.zaxxer.hikari.pool.HikariPool        : HikariPool-1 - Thread starvation or clock leap detected (housekeeper delta=11m17s537ms).
2025-12-02T07:59:50.156-08:00  WARN 69004 --- [ai-crm-dash] [l-1:housekeeper] com.zaxxer.hikari.pool.HikariPool        : HikariPool-1 - Thread starvation or clock leap detected (housekeeper delta=1m30s551ms).
2025-12-02T08:02:49.905-08:00  WARN 69004 --- [ai-crm-dash] [l-1:housekeeper] com.zaxxer.hikari.pool.HikariPool        : HikariPool-1 - Retrograde clock change detected (housekeeper delta=29s734ms), soft-evicting connections from pool.
2025-12-02T08:06:17.219-08:00  WARN 69004 --- [ai-crm-dash] [l-1:housekeeper] com.zaxxer.hikari.pool.HikariPool        : HikariPool-1 - Thread starvation or clock leap detected (housekeeper delta=1m57s308ms).
2025-12-02T08:08:03.749-08:00  WARN 69004 --- [ai-crm-dash] [l-1:housekeeper] com.zaxxer.hikari.pool.HikariPool        : HikariPool-1 - Thread starvation or clock leap detected (housekeeper delta=1m16s535ms).
2025-12-02T08:09:28.299-08:00  WARN 69004 --- [ai-crm-dash] [l-1:housekeeper] com.zaxxer.hikari.pool.HikariPool        : HikariPool-1 - Thread starvation or clock leap detected (housekeeper delta=1m24s550ms).
2025-12-02T08:15:39.901-08:00  WARN 69004 --- [ai-crm-dash] [l-1:housekeeper] com.zaxxer.hikari.pool.HikariPool        : HikariPool-1 - Thread starvation or clock leap detected (housekeeper delta=5m41s592ms).
2025-12-02T08:17:37.419-08:00  WARN 69004 --- [ai-crm-dash] [l-1:housekeeper] com.zaxxer.hikari.pool.HikariPool        : HikariPool-1 - Thread starvation or clock leap detected (housekeeper delta=1m27s508ms).
2025-12-02T08:43:53.250-08:00  WARN 69004 --- [ai-crm-dash] [l-1:housekeeper] com.zaxxer.hikari.pool.HikariPool        : HikariPool-1 - Thread starvation or clock leap detected (housekeeper delta=26m15s831ms).
2025-12-02T08:50:27.309-08:00  WARN 69004 --- [ai-crm-dash] [l-1:housekeeper] com.zaxxer.hikari.pool.HikariPool        : HikariPool-1 - Thread starvation or clock leap detected (housekeeper delta=6m4s52ms).
2025-12-02T09:20:05.149-08:00  WARN 69004 --- [ai-crm-dash] [l-1:housekeeper] com.zaxxer.hikari.pool.HikariPool        : HikariPool-1 - Thread starvation or clock leap detected (housekeeper delta=29m37s840ms).
2025-12-02T09:24:04.978-08:00  WARN 69004 --- [ai-crm-dash] [l-1:housekeeper] com.zaxxer.hikari.pool.HikariPool        : HikariPool-1 - Thread starvation or clock leap detected (housekeeper delta=3m29s820ms).
2025-12-02T09:30:26.866-08:00  WARN 69004 --- [ai-crm-dash] [l-1:housekeeper] com.zaxxer.hikari.pool.HikariPool        : HikariPool-1 - Thread starvation or clock leap detected (housekeeper delta=1m51s564ms).
2025-12-02T09:33:32.540-08:00  WARN 69004 --- [ai-crm-dash] [l-1:housekeeper] com.zaxxer.hikari.pool.HikariPool        : HikariPool-1 - Thread starvation or clock leap detected (housekeeper delta=3m5s674ms).
2025-12-02T10:12:35.730-08:00  WARN 69004 --- [ai-crm-dash] [l-1:housekeeper] com.zaxxer.hikari.pool.HikariPool        : HikariPool-1 - Thread starvation or clock leap detected (housekeeper delta=31m53s833ms).
2025-12-02T11:38:46.879-08:00  WARN 69004 --- [ai-crm-dash] [l-1:housekeeper] com.zaxxer.hikari.pool.HikariPool        : HikariPool-1 - Thread starvation or clock leap detected (housekeeper delta=1h26m11s150ms).
2025-12-02T12:15:02.734-08:00  WARN 69004 --- [ai-crm-dash] [l-1:housekeeper] com.zaxxer.hikari.pool.HikariPool        : HikariPool-1 - Thread starvation or clock leap detected (housekeeper delta=36m15s855ms).
2025-12-02T12:18:47.732-08:00  WARN 69004 --- [ai-crm-dash] [l-1:housekeeper] com.zaxxer.hikari.pool.HikariPool        : HikariPool-1 - Thread starvation or clock leap detected (housekeeper delta=3m44s998ms).
2025-12-02T12:43:00.859-08:00  WARN 69004 --- [ai-crm-dash] [l-1:housekeeper] com.zaxxer.hikari.pool.HikariPool        : HikariPool-1 - Thread starvation or clock leap detected (housekeeper delta=24m13s126ms).
2025-12-02T13:44:01.866-08:00  WARN 69004 --- [ai-crm-dash] [l-1:housekeeper] com.zaxxer.hikari.pool.HikariPool        : HikariPool-1 - Thread starvation or clock leap detected (housekeeper delta=1h1m1s8ms).
2025-12-02T14:41:27.898-08:00  WARN 69004 --- [ai-crm-dash] [l-1:housekeeper] com.zaxxer.hikari.pool.HikariPool        : HikariPool-1 - Thread starvation or clock leap detected (housekeeper delta=57m26s32ms).
2025-12-02T15:45:58.688-08:00  WARN 69004 --- [ai-crm-dash] [l-1:housekeeper] com.zaxxer.hikari.pool.HikariPool        : HikariPool-1 - Thread starvation or clock leap detected (housekeeper delta=1h4m30s790ms).
2025-12-02T16:01:45.260-08:00  WARN 69004 --- [ai-crm-dash] [l-1:housekeeper] com.zaxxer.hikari.pool.HikariPool        : HikariPool-1 - Thread starvation or clock leap detected (housekeeper delta=15m46s572ms).
2025-12-02T16:06:28.284-08:00  WARN 69004 --- [ai-crm-dash] [l-1:housekeeper] com.zaxxer.hikari.pool.HikariPool        : HikariPool-1 - Thread starvation or clock leap detected (housekeeper delta=4m43s24ms).
2025-12-02T16:07:48.027-08:00  WARN 69004 --- [ai-crm-dash] [l-1:housekeeper] com.zaxxer.hikari.pool.HikariPool        : HikariPool-1 - Thread starvation or clock leap detected (housekeeper delta=1m19s743ms).
2025-12-02T16:56:41.698-08:00  WARN 69004 --- [ai-crm-dash] [l-1:housekeeper] com.zaxxer.hikari.pool.HikariPool        : HikariPool-1 - Thread starvation or clock leap detected (housekeeper delta=48m53s671ms).
2025-12-02T17:29:14.492-08:00  WARN 69004 --- [ai-crm-dash] [l-1:housekeeper] com.zaxxer.hikari.pool.HikariPool        : HikariPool-1 - Thread starvation or clock leap detected (housekeeper delta=32m32s794ms).
2025-12-02T18:38:03.444-08:00  WARN 69004 --- [ai-crm-dash] [l-1:housekeeper] com.zaxxer.hikari.pool.HikariPool        : HikariPool-1 - Thread starvation or clock leap detected (housekeeper delta=1h8m48s951ms).
2025-12-02T19:27:02.921-08:00  WARN 69004 --- [ai-crm-dash] [l-1:housekeeper] com.zaxxer.hikari.pool.HikariPool        : HikariPool-1 - Thread starvation or clock leap detected (housekeeper delta=48m59s478ms).
2025-12-02T19:39:38.741-08:00  WARN 69004 --- [ai-crm-dash] [l-1:housekeeper] com.zaxxer.hikari.pool.HikariPool        : HikariPool-1 - Thread starvation or clock leap detected (housekeeper delta=1m5s545ms).
2025-12-02T19:40:28.389-08:00  WARN 69004 --- [ai-crm-dash] [l-1:housekeeper] com.zaxxer.hikari.pool.HikariPool        : HikariPool-1 - Thread starvation or clock leap detected (housekeeper delta=49s648ms).
2025-12-02T19:43:47.492-08:00  WARN 69004 --- [ai-crm-dash] [l-1:housekeeper] com.zaxxer.hikari.pool.HikariPool        : HikariPool-1 - Thread starvation or clock leap detected (housekeeper delta=3m19s103ms).
2025-12-02T19:45:22.077-08:00  WARN 69004 --- [ai-crm-dash] [l-1:housekeeper] com.zaxxer.hikari.pool.HikariPool        : HikariPool-1 - Thread starvation or clock leap detected (housekeeper delta=1m34s585ms).
2025-12-02T21:09:14.249-08:00  WARN 69004 --- [ai-crm-dash] [l-1:housekeeper] com.zaxxer.hikari.pool.HikariPool        : HikariPool-1 - Thread starvation or clock leap detected (housekeeper delta=1h5m52s21ms).
2025-12-02T22:20:07.916-08:00  WARN 69004 --- [ai-crm-dash] [l-1:housekeeper] com.zaxxer.hikari.pool.HikariPool        : HikariPool-1 - Thread starvation or clock leap detected (housekeeper delta=1h10m53s667ms).
2025-12-02T23:23:07.090-08:00  WARN 69004 --- [ai-crm-dash] [l-1:housekeeper] com.zaxxer.hikari.pool.HikariPool        : HikariPool-1 - Thread starvation or clock leap detected (housekeeper delta=1h2m59s174ms).
2025-12-03T00:23:13.306-08:00  WARN 69004 --- [ai-crm-dash] [l-1:housekeeper] com.zaxxer.hikari.pool.HikariPool        : HikariPool-1 - Thread starvation or clock leap detected (housekeeper delta=1h6s215ms).
2025-12-03T01:07:29.847-08:00  WARN 69004 --- [ai-crm-dash] [l-1:housekeeper] com.zaxxer.hikari.pool.HikariPool        : HikariPool-1 - Thread starvation or clock leap detected (housekeeper delta=44m16s542ms).
2025-12-03T01:56:57.383-08:00  WARN 69004 --- [ai-crm-dash] [l-1:housekeeper] com.zaxxer.hikari.pool.HikariPool        : HikariPool-1 - Thread starvation or clock leap detected (housekeeper delta=49m27s536ms).
2025-12-03T03:09:25.614-08:00  WARN 69004 --- [ai-crm-dash] [l-1:housekeeper] com.zaxxer.hikari.pool.HikariPool        : HikariPool-1 - Thread starvation or clock leap detected (housekeeper delta=1h12m28s231ms).
2025-12-03T04:10:28.442-08:00  WARN 69004 --- [ai-crm-dash] [l-1:housekeeper] com.zaxxer.hikari.pool.HikariPool        : HikariPool-1 - Thread starvation or clock leap detected (housekeeper delta=1h1m2s828ms).
2025-12-03T05:11:30.121-08:00  WARN 69004 --- [ai-crm-dash] [l-1:housekeeper] com.zaxxer.hikari.pool.HikariPool        : HikariPool-1 - Thread starvation or clock leap detected (housekeeper delta=1h1m1s679ms).
2025-12-03T06:12:32.313-08:00  WARN 69004 --- [ai-crm-dash] [l-1:housekeeper] com.zaxxer.hikari.pool.HikariPool        : HikariPool-1 - Thread starvation or clock leap detected (housekeeper delta=1h1m2s192ms).
2025-12-03T07:13:34.908-08:00  WARN 69004 --- [ai-crm-dash] [l-1:housekeeper] com.zaxxer.hikari.pool.HikariPool        : HikariPool-1 - Thread starvation or clock leap detected (housekeeper delta=1h1m2s595ms).
2025-12-03T08:14:25.404-08:00  WARN 69004 --- [ai-crm-dash] [l-1:housekeeper] com.zaxxer.hikari.pool.HikariPool        : HikariPool-1 - Thread starvation or clock leap detected (housekeeper delta=1h50s495ms).
2025-12-03T08:50:09.540-08:00  WARN 69004 --- [ai-crm-dash] [l-1:housekeeper] com.zaxxer.hikari.pool.HikariPool        : HikariPool-1 - Thread starvation or clock leap detected (housekeeper delta=35m44s137ms).
2025-12-03T09:22:50.224-08:00  WARN 69004 --- [ai-crm-dash] [l-1:housekeeper] com.zaxxer.hikari.pool.HikariPool        : HikariPool-1 - Thread starvation or clock leap detected (housekeeper delta=32m40s684ms).
2025-12-03T10:16:35.470-08:00  WARN 69004 --- [ai-crm-dash] [l-1:housekeeper] com.zaxxer.hikari.pool.HikariPool        : HikariPool-1 - Thread starvation or clock leap detected (housekeeper delta=53m45s246ms).
2025-12-03T10:43:19.778-08:00  WARN 69004 --- [ai-crm-dash] [l-1:housekeeper] com.zaxxer.hikari.pool.HikariPool        : HikariPool-1 - Thread starvation or clock leap detected (housekeeper delta=26m44s308ms).
2025-12-03T12:51:19.725-08:00  WARN 69004 --- [ai-crm-dash] [l-1:housekeeper] com.zaxxer.hikari.pool.HikariPool        : HikariPool-1 - Thread starvation or clock leap detected (housekeeper delta=34m29s178ms).
2025-12-03T13:58:47.960-08:00  WARN 69004 --- [ai-crm-dash] [l-1:housekeeper] com.zaxxer.hikari.pool.HikariPool        : HikariPool-1 - Thread starvation or clock leap detected (housekeeper delta=1h7m28s235ms).
2025-12-03T14:33:46.803-08:00  WARN 69004 --- [ai-crm-dash] [l-1:housekeeper] com.zaxxer.hikari.pool.HikariPool        : HikariPool-1 - Thread starvation or clock leap detected (housekeeper delta=34m58s842ms).
2025-12-03T15:52:44.659-08:00  WARN 69004 --- [ai-crm-dash] [l-1:housekeeper] com.zaxxer.hikari.pool.HikariPool        : HikariPool-1 - Thread starvation or clock leap detected (housekeeper delta=1h18m57s856ms).
2025-12-03T17:09:12.794-08:00  WARN 69004 --- [ai-crm-dash] [l-1:housekeeper] com.zaxxer.hikari.pool.HikariPool        : HikariPool-1 - Thread starvation or clock leap detected (housekeeper delta=1h16m28s136ms).
2025-12-03T18:06:23.885-08:00  WARN 69004 --- [ai-crm-dash] [l-1:housekeeper] com.zaxxer.hikari.pool.HikariPool        : HikariPool-1 - Thread starvation or clock leap detected (housekeeper delta=57m11s91ms).
2025-12-03T18:09:53.938-08:00  WARN 69004 --- [ai-crm-dash] [l-1:housekeeper] com.zaxxer.hikari.pool.HikariPool        : HikariPool-1 - Thread starvation or clock leap detected (housekeeper delta=3m30s52ms).
2025-12-03T19:23:13.462-08:00  WARN 69004 --- [ai-crm-dash] [l-1:housekeeper] com.zaxxer.hikari.pool.HikariPool        : HikariPool-1 - Thread starvation or clock leap detected (housekeeper delta=1h13m19s525ms).
2025-12-03T20:24:15.220-08:00  WARN 69004 --- [ai-crm-dash] [l-1:housekeeper] com.zaxxer.hikari.pool.HikariPool        : HikariPool-1 - Thread starvation or clock leap detected (housekeeper delta=1h1m1s758ms).
2025-12-03T21:25:16.952-08:00  WARN 69004 --- [ai-crm-dash] [l-1:housekeeper] com.zaxxer.hikari.pool.HikariPool        : HikariPool-1 - Thread starvation or clock leap detected (housekeeper delta=1h1m1s732ms).
2025-12-03T22:42:06.435-08:00  WARN 69004 --- [ai-crm-dash] [l-1:housekeeper] com.zaxxer.hikari.pool.HikariPool        : HikariPool-1 - Thread starvation or clock leap detected (housekeeper delta=1h16m49s483ms).
2025-12-03T23:43:45.358-08:00  WARN 69004 --- [ai-crm-dash] [l-1:housekeeper] com.zaxxer.hikari.pool.HikariPool        : HikariPool-1 - Thread starvation or clock leap detected (housekeeper delta=1h1m38s923ms).
2025-12-04T00:44:12.466-08:00  WARN 69004 --- [ai-crm-dash] [l-1:housekeeper] com.zaxxer.hikari.pool.HikariPool        : HikariPool-1 - Thread starvation or clock leap detected (housekeeper delta=1h27s108ms).
2025-12-04T01:47:22.268-08:00  WARN 69004 --- [ai-crm-dash] [l-1:housekeeper] com.zaxxer.hikari.pool.HikariPool        : HikariPool-1 - Thread starvation or clock leap detected (housekeeper delta=1h3m9s802ms).
2025-12-04T02:30:14.272-08:00  WARN 69004 --- [ai-crm-dash] [l-1:housekeeper] com.zaxxer.hikari.pool.HikariPool        : HikariPool-1 - Thread starvation or clock leap detected (housekeeper delta=42m52s4ms).
2025-12-04T03:31:15.767-08:00  WARN 69004 --- [ai-crm-dash] [l-1:housekeeper] com.zaxxer.hikari.pool.HikariPool        : HikariPool-1 - Thread starvation or clock leap detected (housekeeper delta=1h1m1s495ms).
2025-12-04T04:32:17.576-08:00  WARN 69004 --- [ai-crm-dash] [l-1:housekeeper] com.zaxxer.hikari.pool.HikariPool        : HikariPool-1 - Thread starvation or clock leap detected (housekeeper delta=1h1m1s809ms).
2025-12-04T05:33:19.034-08:00  WARN 69004 --- [ai-crm-dash] [l-1:housekeeper] com.zaxxer.hikari.pool.HikariPool        : HikariPool-1 - Thread starvation or clock leap detected (housekeeper delta=1h1m1s457ms).
2025-12-04T06:51:15.352-08:00  WARN 69004 --- [ai-crm-dash] [l-1:housekeeper] com.zaxxer.hikari.pool.HikariPool        : HikariPool-1 - Thread starvation or clock leap detected (housekeeper delta=1h17m56s319ms).
2025-12-04T07:53:01.940-08:00  WARN 69004 --- [ai-crm-dash] [l-1:housekeeper] com.zaxxer.hikari.pool.HikariPool        : HikariPool-1 - Thread starvation or clock leap detected (housekeeper delta=1h1m46s588ms).
2025-12-04T08:50:05.712-08:00  WARN 69004 --- [ai-crm-dash] [l-1:housekeeper] com.zaxxer.hikari.pool.HikariPool        : HikariPool-1 - Thread starvation or clock leap detected (housekeeper delta=57m3s772ms).
2025-12-04T09:25:02.201-08:00  WARN 69004 --- [ai-crm-dash] [l-1:housekeeper] com.zaxxer.hikari.pool.HikariPool        : HikariPool-1 - Thread starvation or clock leap detected (housekeeper delta=34m56s489ms).
2025-12-04T09:32:14.242-08:00  WARN 69004 --- [ai-crm-dash] [l-1:housekeeper] com.zaxxer.hikari.pool.HikariPool        : HikariPool-1 - Retrograde clock change detected (housekeeper delta=29s674ms), soft-evicting connections from pool.
2025-12-04T10:01:47.949-08:00  WARN 69004 --- [ai-crm-dash] [l-1:housekeeper] com.zaxxer.hikari.pool.HikariPool        : HikariPool-1 - Thread starvation or clock leap detected (housekeeper delta=6m3s559ms).
2025-12-04T10:55:01.576-08:00  WARN 69004 --- [ai-crm-dash] [l-1:housekeeper] com.zaxxer.hikari.pool.HikariPool        : HikariPool-1 - Thread starvation or clock leap detected (housekeeper delta=53m13s626ms).
2025-12-04T12:14:28.533-08:00  WARN 69004 --- [ai-crm-dash] [l-1:housekeeper] com.zaxxer.hikari.pool.HikariPool        : HikariPool-1 - Thread starvation or clock leap detected (housekeeper delta=1h19m26s958ms).
2025-12-04T13:30:16.136-08:00  WARN 69004 --- [ai-crm-dash] [l-1:housekeeper] com.zaxxer.hikari.pool.HikariPool        : HikariPool-1 - Thread starvation or clock leap detected (housekeeper delta=1h15m47s602ms).
2025-12-04T14:31:07.709-08:00  WARN 69004 --- [ai-crm-dash] [l-1:housekeeper] com.zaxxer.hikari.pool.HikariPool        : HikariPool-1 - Thread starvation or clock leap detected (housekeeper delta=1h51s573ms).
2025-12-04T15:24:30.884-08:00  WARN 69004 --- [ai-crm-dash] [l-1:housekeeper] com.zaxxer.hikari.pool.HikariPool        : HikariPool-1 - Thread starvation or clock leap detected (housekeeper delta=53m23s175ms).
2025-12-04T16:01:06.104-08:00  WARN 69004 --- [ai-crm-dash] [l-1:housekeeper] com.zaxxer.hikari.pool.HikariPool        : HikariPool-1 - Thread starvation or clock leap detected (housekeeper delta=36m35s221ms).
2025-12-04T17:02:09.786-08:00  WARN 69004 --- [ai-crm-dash] [l-1:housekeeper] com.zaxxer.hikari.pool.HikariPool        : HikariPool-1 - Thread starvation or clock leap detected (housekeeper delta=1h1m3s682ms).
2025-12-04T18:03:10.796-08:00  WARN 69004 --- [ai-crm-dash] [l-1:housekeeper] com.zaxxer.hikari.pool.HikariPool        : HikariPool-1 - Thread starvation or clock leap detected (housekeeper delta=1h1m1s9ms).
2025-12-04T18:48:54.496-08:00  WARN 69004 --- [ai-crm-dash] [l-1:housekeeper] com.zaxxer.hikari.pool.HikariPool        : HikariPool-1 - Thread starvation or clock leap detected (housekeeper delta=45m43s700ms).
2025-12-04T19:50:08.199-08:00  WARN 69004 --- [ai-crm-dash] [l-1:housekeeper] com.zaxxer.hikari.pool.HikariPool        : HikariPool-1 - Thread starvation or clock leap detected (housekeeper delta=1h1m13s704ms).
2025-12-04T21:06:08.708-08:00  WARN 69004 --- [ai-crm-dash] [l-1:housekeeper] com.zaxxer.hikari.pool.HikariPool        : HikariPool-1 - Thread starvation or clock leap detected (housekeeper delta=1h16m509ms).
2025-12-04T22:07:10.489-08:00  WARN 69004 --- [ai-crm-dash] [l-1:housekeeper] com.zaxxer.hikari.pool.HikariPool        : HikariPool-1 - Thread starvation or clock leap detected (housekeeper delta=1h1m1s781ms).
2025-12-04T23:08:13.528-08:00  WARN 69004 --- [ai-crm-dash] [l-1:housekeeper] com.zaxxer.hikari.pool.HikariPool        : HikariPool-1 - Thread starvation or clock leap detected (housekeeper delta=1h1m3s39ms).
2025-12-05T00:09:15.474-08:00  WARN 69004 --- [ai-crm-dash] [l-1:housekeeper] com.zaxxer.hikari.pool.HikariPool        : HikariPool-1 - Thread starvation or clock leap detected (housekeeper delta=1h1m1s946ms).
2025-12-05T01:10:19.161-08:00  WARN 69004 --- [ai-crm-dash] [l-1:housekeeper] com.zaxxer.hikari.pool.HikariPool        : HikariPool-1 - Thread starvation or clock leap detected (housekeeper delta=1h1m3s686ms).
2025-12-05T02:11:21.216-08:00  WARN 69004 --- [ai-crm-dash] [l-1:housekeeper] com.zaxxer.hikari.pool.HikariPool        : HikariPool-1 - Thread starvation or clock leap detected (housekeeper delta=1h1m2s55ms).
2025-12-05T02:58:55.874-08:00  WARN 69004 --- [ai-crm-dash] [l-1:housekeeper] com.zaxxer.hikari.pool.HikariPool        : HikariPool-1 - Thread starvation or clock leap detected (housekeeper delta=47m34s659ms).
2025-12-05T04:13:11.253-08:00  WARN 69004 --- [ai-crm-dash] [l-1:housekeeper] com.zaxxer.hikari.pool.HikariPool        : HikariPool-1 - Thread starvation or clock leap detected (housekeeper delta=1h14m15s379ms).
2025-12-05T05:14:13.026-08:00  WARN 69004 --- [ai-crm-dash] [l-1:housekeeper] com.zaxxer.hikari.pool.HikariPool        : HikariPool-1 - Thread starvation or clock leap detected (housekeeper delta=1h1m1s773ms).
2025-12-05T06:15:15.726-08:00  WARN 69004 --- [ai-crm-dash] [l-1:housekeeper] com.zaxxer.hikari.pool.HikariPool        : HikariPool-1 - Thread starvation or clock leap detected (housekeeper delta=1h1m2s700ms).
2025-12-05T07:16:17.096-08:00  WARN 69004 --- [ai-crm-dash] [l-1:housekeeper] com.zaxxer.hikari.pool.HikariPool        : HikariPool-1 - Thread starvation or clock leap detected (housekeeper delta=1h1m1s370ms).
2025-12-05T08:17:19.965-08:00  WARN 69004 --- [ai-crm-dash] [l-1:housekeeper] com.zaxxer.hikari.pool.HikariPool        : HikariPool-1 - Thread starvation or clock leap detected (housekeeper delta=1h1m2s868ms).
2025-12-05T09:18:10.074-08:00  WARN 69004 --- [ai-crm-dash] [l-1:housekeeper] com.zaxxer.hikari.pool.HikariPool        : HikariPool-1 - Thread starvation or clock leap detected (housekeeper delta=1h50s110ms).
2025-12-05T09:56:02.573-08:00  WARN 69004 --- [ai-crm-dash] [l-1:housekeeper] com.zaxxer.hikari.pool.HikariPool        : HikariPool-1 - Thread starvation or clock leap detected (housekeeper delta=37m52s498ms).
2025-12-05T10:40:45.024-08:00  WARN 69004 --- [ai-crm-dash] [l-1:housekeeper] com.zaxxer.hikari.pool.HikariPool        : HikariPool-1 - Thread starvation or clock leap detected (housekeeper delta=44m42s452ms).
2025-12-05T11:52:28.132-08:00  WARN 69004 --- [ai-crm-dash] [l-1:housekeeper] com.zaxxer.hikari.pool.HikariPool        : HikariPool-1 - Thread starvation or clock leap detected (housekeeper delta=1h11m43s108ms).
2025-12-05T13:09:18.229-08:00  WARN 69004 --- [ai-crm-dash] [l-1:housekeeper] com.zaxxer.hikari.pool.HikariPool        : HikariPool-1 - Thread starvation or clock leap detected (housekeeper delta=1h16m50s97ms).
2025-12-05T14:23:15.063-08:00  WARN 69004 --- [ai-crm-dash] [l-1:housekeeper] com.zaxxer.hikari.pool.HikariPool        : HikariPool-1 - Thread starvation or clock leap detected (housekeeper delta=1h13m56s834ms).
2025-12-05T15:13:27.515-08:00  WARN 69004 --- [ai-crm-dash] [l-1:housekeeper] com.zaxxer.hikari.pool.HikariPool        : HikariPool-1 - Thread starvation or clock leap detected (housekeeper delta=50m12s452ms).
2025-12-05T15:24:14.254-08:00  WARN 69004 --- [ai-crm-dash] [l-1:housekeeper] com.zaxxer.hikari.pool.HikariPool        : HikariPool-1 - Thread starvation or clock leap detected (housekeeper delta=10m46s738ms).
2025-12-05T16:25:16.101-08:00  WARN 69004 --- [ai-crm-dash] [l-1:housekeeper] com.zaxxer.hikari.pool.HikariPool        : HikariPool-1 - Thread starvation or clock leap detected (housekeeper delta=1h1m1s848ms).
2025-12-05T17:59:22.597-08:00  WARN 69004 --- [ai-crm-dash] [l-1:housekeeper] com.zaxxer.hikari.pool.HikariPool        : HikariPool-1 - Thread starvation or clock leap detected (housekeeper delta=1h34m6s495ms).
2025-12-05T18:53:48.300-08:00  WARN 69004 --- [ai-crm-dash] [l-1:housekeeper] com.zaxxer.hikari.pool.HikariPool        : HikariPool-1 - Thread starvation or clock leap detected (housekeeper delta=54m25s704ms).
2025-12-05T20:15:45.802-08:00  WARN 69004 --- [ai-crm-dash] [l-1:housekeeper] com.zaxxer.hikari.pool.HikariPool        : HikariPool-1 - Thread starvation or clock leap detected (housekeeper delta=1h21m57s501ms).
2025-12-05T21:30:10.548-08:00  WARN 69004 --- [ai-crm-dash] [l-1:housekeeper] com.zaxxer.hikari.pool.HikariPool        : HikariPool-1 - Thread starvation or clock leap detected (housekeeper delta=1h14m24s747ms).
2025-12-05T22:31:15.348-08:00  WARN 69004 --- [ai-crm-dash] [l-1:housekeeper] com.zaxxer.hikari.pool.HikariPool        : HikariPool-1 - Thread starvation or clock leap detected (housekeeper delta=1h1m4s800ms).
2025-12-05T23:50:02.181-08:00  WARN 69004 --- [ai-crm-dash] [l-1:housekeeper] com.zaxxer.hikari.pool.HikariPool        : HikariPool-1 - Thread starvation or clock leap detected (housekeeper delta=1h18m46s833ms).
2025-12-06T01:08:11.880-08:00  WARN 69004 --- [ai-crm-dash] [l-1:housekeeper] com.zaxxer.hikari.pool.HikariPool        : HikariPool-1 - Thread starvation or clock leap detected (housekeeper delta=1h18m9s698ms).
2025-12-06T01:55:50.231-08:00  WARN 69004 --- [ai-crm-dash] [l-1:housekeeper] com.zaxxer.hikari.pool.HikariPool        : HikariPool-1 - Thread starvation or clock leap detected (housekeeper delta=47m38s352ms).
2025-12-06T03:23:42.898-08:00  WARN 69004 --- [ai-crm-dash] [l-1:housekeeper] com.zaxxer.hikari.pool.HikariPool        : HikariPool-1 - Thread starvation or clock leap detected (housekeeper delta=1h27m52s667ms).
2025-12-06T04:25:04.671-08:00  WARN 69004 --- [ai-crm-dash] [l-1:housekeeper] com.zaxxer.hikari.pool.HikariPool        : HikariPool-1 - Thread starvation or clock leap detected (housekeeper delta=1h1m21s773ms).
2025-12-06T05:46:34.453-08:00  WARN 69004 --- [ai-crm-dash] [l-1:housekeeper] com.zaxxer.hikari.pool.HikariPool        : HikariPool-1 - Thread starvation or clock leap detected (housekeeper delta=1h21m29s782ms).
2025-12-06T06:58:28.566-08:00  WARN 69004 --- [ai-crm-dash] [l-1:housekeeper] com.zaxxer.hikari.pool.HikariPool        : HikariPool-1 - Thread starvation or clock leap detected (housekeeper delta=1h11m54s113ms).
2025-12-06T08:17:34.624-08:00  WARN 69004 --- [ai-crm-dash] [l-1:housekeeper] com.zaxxer.hikari.pool.HikariPool        : HikariPool-1 - Thread starvation or clock leap detected (housekeeper delta=1h19m6s58ms).
2025-12-06T09:29:06.802-08:00  WARN 69004 --- [ai-crm-dash] [l-1:housekeeper] com.zaxxer.hikari.pool.HikariPool        : HikariPool-1 - Thread starvation or clock leap detected (housekeeper delta=1h11m32s178ms).
2025-12-06T10:48:06.362-08:00  WARN 69004 --- [ai-crm-dash] [l-1:housekeeper] com.zaxxer.hikari.pool.HikariPool        : HikariPool-1 - Thread starvation or clock leap detected (housekeeper delta=1h18m59s560ms).
2025-12-06T11:31:07.647-08:00  WARN 69004 --- [ai-crm-dash] [l-1:housekeeper] com.zaxxer.hikari.pool.HikariPool        : HikariPool-1 - Thread starvation or clock leap detected (housekeeper delta=43m1s285ms).
2025-12-06T12:32:10.661-08:00  WARN 69004 --- [ai-crm-dash] [l-1:housekeeper] com.zaxxer.hikari.pool.HikariPool        : HikariPool-1 - Thread starvation or clock leap detected (housekeeper delta=1h1m3s14ms).
2025-12-06T13:09:58.847-08:00  WARN 69004 --- [ai-crm-dash] [l-1:housekeeper] com.zaxxer.hikari.pool.HikariPool        : HikariPool-1 - Thread starvation or clock leap detected (housekeeper delta=37m48s186ms).
2025-12-06T13:16:58.680-08:00  WARN 69004 --- [ai-crm-dash] [l-1:housekeeper] com.zaxxer.hikari.pool.HikariPool        : HikariPool-1 - Thread starvation or clock leap detected (housekeeper delta=6m59s833ms).
2025-12-06T13:49:09.903-08:00  WARN 69004 --- [ai-crm-dash] [l-1:housekeeper] com.zaxxer.hikari.pool.HikariPool        : HikariPool-1 - Thread starvation or clock leap detected (housekeeper delta=32m11s222ms).
2025-12-06T15:05:11.481-08:00  WARN 69004 --- [ai-crm-dash] [l-1:housekeeper] com.zaxxer.hikari.pool.HikariPool        : HikariPool-1 - Thread starvation or clock leap detected (housekeeper delta=1h16m1s578ms).
2025-12-06T16:08:24.380-08:00  WARN 69004 --- [ai-crm-dash] [l-1:housekeeper] com.zaxxer.hikari.pool.HikariPool        : HikariPool-1 - Thread starvation or clock leap detected (housekeeper delta=1h3m12s900ms).
2025-12-06T17:24:04.472-08:00  WARN 69004 --- [ai-crm-dash] [l-1:housekeeper] com.zaxxer.hikari.pool.HikariPool        : HikariPool-1 - Thread starvation or clock leap detected (housekeeper delta=1h15m40s92ms).
2025-12-06T18:37:50.380-08:00  WARN 69004 --- [ai-crm-dash] [l-1:housekeeper] com.zaxxer.hikari.pool.HikariPool        : HikariPool-1 - Thread starvation or clock leap detected (housekeeper delta=1h13m45s907ms).
2025-12-06T19:38:47.386-08:00  WARN 69004 --- [ai-crm-dash] [l-1:housekeeper] com.zaxxer.hikari.pool.HikariPool        : HikariPool-1 - Thread starvation or clock leap detected (housekeeper delta=1h57s7ms).
2025-12-06T20:39:45.768-08:00  WARN 69004 --- [ai-crm-dash] [l-1:housekeeper] com.zaxxer.hikari.pool.HikariPool        : HikariPool-1 - Thread starvation or clock leap detected (housekeeper delta=1h58s382ms).
2025-12-06T21:40:52.119-08:00  WARN 69004 --- [ai-crm-dash] [l-1:housekeeper] com.zaxxer.hikari.pool.HikariPool        : HikariPool-1 - Thread starvation or clock leap detected (housekeeper delta=1h1m6s351ms).
2025-12-06T22:59:01.422-08:00  WARN 69004 --- [ai-crm-dash] [l-1:housekeeper] com.zaxxer.hikari.pool.HikariPool        : HikariPool-1 - Thread starvation or clock leap detected (housekeeper delta=1h18m9s303ms).
2025-12-07T00:15:51.171-08:00  WARN 69004 --- [ai-crm-dash] [l-1:housekeeper] com.zaxxer.hikari.pool.HikariPool        : HikariPool-1 - Thread starvation or clock leap detected (housekeeper delta=1h16m49s749ms).
2025-12-07T01:56:00.097-08:00  WARN 69004 --- [ai-crm-dash] [l-1:housekeeper] com.zaxxer.hikari.pool.HikariPool        : HikariPool-1 - Thread starvation or clock leap detected (housekeeper delta=1h40m8s926ms).
2025-12-07T03:18:29.898-08:00  WARN 69004 --- [ai-crm-dash] [l-1:housekeeper] com.zaxxer.hikari.pool.HikariPool        : HikariPool-1 - Thread starvation or clock leap detected (housekeeper delta=1h22m29s801ms).
2025-12-07T04:52:29.449-08:00  WARN 69004 --- [ai-crm-dash] [l-1:housekeeper] com.zaxxer.hikari.pool.HikariPool        : HikariPool-1 - Thread starvation or clock leap detected (housekeeper delta=1h33m59s551ms).
2025-12-07T05:25:00.277-08:00  WARN 69004 --- [ai-crm-dash] [l-1:housekeeper] com.zaxxer.hikari.pool.HikariPool        : HikariPool-1 - Thread starvation or clock leap detected (housekeeper delta=32m30s827ms).
2025-12-07T06:37:40.044-08:00  WARN 69004 --- [ai-crm-dash] [l-1:housekeeper] com.zaxxer.hikari.pool.HikariPool        : HikariPool-1 - Thread starvation or clock leap detected (housekeeper delta=1h12m39s768ms).
2025-12-07T07:38:38.878-08:00  WARN 69004 --- [ai-crm-dash] [l-1:housekeeper] com.zaxxer.hikari.pool.HikariPool        : HikariPool-1 - Thread starvation or clock leap detected (housekeeper delta=1h58s833ms).
2025-12-07T08:29:58.486-08:00  WARN 69004 --- [ai-crm-dash] [l-1:housekeeper] com.zaxxer.hikari.pool.HikariPool        : HikariPool-1 - Thread starvation or clock leap detected (housekeeper delta=51m19s609ms).
2025-12-07T09:40:44.451-08:00  WARN 69004 --- [ai-crm-dash] [l-1:housekeeper] com.zaxxer.hikari.pool.HikariPool        : HikariPool-1 - Thread starvation or clock leap detected (housekeeper delta=1h10m45s964ms).
2025-12-07T10:41:47.321-08:00  WARN 69004 --- [ai-crm-dash] [l-1:housekeeper] com.zaxxer.hikari.pool.HikariPool        : HikariPool-1 - Thread starvation or clock leap detected (housekeeper delta=1h1m2s871ms).
2025-12-07T11:58:46.906-08:00  WARN 69004 --- [ai-crm-dash] [l-1:housekeeper] com.zaxxer.hikari.pool.HikariPool        : HikariPool-1 - Thread starvation or clock leap detected (housekeeper delta=1h16m59s585ms).
2025-12-07T13:16:47.539-08:00  WARN 69004 --- [ai-crm-dash] [l-1:housekeeper] com.zaxxer.hikari.pool.HikariPool        : HikariPool-1 - Thread starvation or clock leap detected (housekeeper delta=1h18m633ms).
2025-12-07T14:34:58.790-08:00  WARN 69004 --- [ai-crm-dash] [l-1:housekeeper] com.zaxxer.hikari.pool.HikariPool        : HikariPool-1 - Thread starvation or clock leap detected (housekeeper delta=1h18m11s251ms).
2025-12-07T15:46:50.974-08:00  WARN 69004 --- [ai-crm-dash] [l-1:housekeeper] com.zaxxer.hikari.pool.HikariPool        : HikariPool-1 - Thread starvation or clock leap detected (housekeeper delta=1h11m52s184ms).
2025-12-07T16:47:56.463-08:00  WARN 69004 --- [ai-crm-dash] [l-1:housekeeper] com.zaxxer.hikari.pool.HikariPool        : HikariPool-1 - Thread starvation or clock leap detected (housekeeper delta=1h1m5s489ms).
2025-12-07T18:05:26.089-08:00  WARN 69004 --- [ai-crm-dash] [l-1:housekeeper] com.zaxxer.hikari.pool.HikariPool        : HikariPool-1 - Thread starvation or clock leap detected (housekeeper delta=1h17m29s626ms).
2025-12-07T19:25:56.965-08:00  WARN 69004 --- [ai-crm-dash] [l-1:housekeeper] com.zaxxer.hikari.pool.HikariPool        : HikariPool-1 - Thread starvation or clock leap detected (housekeeper delta=1h20m30s876ms).
2025-12-07T20:28:19.905-08:00  WARN 69004 --- [ai-crm-dash] [l-1:housekeeper] com.zaxxer.hikari.pool.HikariPool        : HikariPool-1 - Thread starvation or clock leap detected (housekeeper delta=1h2m22s940ms).
2025-12-07T21:38:58.707-08:00  WARN 69004 --- [ai-crm-dash] [l-1:housekeeper] com.zaxxer.hikari.pool.HikariPool        : HikariPool-1 - Thread starvation or clock leap detected (housekeeper delta=1h10m38s802ms).
2025-12-07T22:53:56.597-08:00  WARN 69004 --- [ai-crm-dash] [l-1:housekeeper] com.zaxxer.hikari.pool.HikariPool        : HikariPool-1 - Thread starvation or clock leap detected (housekeeper delta=1h14m57s890ms).
2025-12-08T00:37:34.261-08:00  WARN 69004 --- [ai-crm-dash] [l-1:housekeeper] com.zaxxer.hikari.pool.HikariPool        : HikariPool-1 - Thread starvation or clock leap detected (housekeeper delta=1h43m37s664ms).
2025-12-08T01:57:10.467-08:00  WARN 69004 --- [ai-crm-dash] [l-1:housekeeper] com.zaxxer.hikari.pool.HikariPool        : HikariPool-1 - Thread starvation or clock leap detected (housekeeper delta=1h19m36s205ms).
2025-12-08T03:17:35.878-08:00  WARN 69004 --- [ai-crm-dash] [l-1:housekeeper] com.zaxxer.hikari.pool.HikariPool        : HikariPool-1 - Thread starvation or clock leap detected (housekeeper delta=1h20m25s412ms).
2025-12-08T03:34:07.212-08:00  WARN 69004 --- [ai-crm-dash] [l-1:housekeeper] com.zaxxer.hikari.pool.HikariPool        : HikariPool-1 - Thread starvation or clock leap detected (housekeeper delta=15m28s768ms).
2025-12-08T04:11:05.788-08:00  WARN 69004 --- [ai-crm-dash] [l-1:housekeeper] com.zaxxer.hikari.pool.HikariPool        : HikariPool-1 - Thread starvation or clock leap detected (housekeeper delta=15m28s317ms).
2025-12-08T04:25:08.375-08:00  WARN 69004 --- [ai-crm-dash] [l-1:housekeeper] com.zaxxer.hikari.pool.HikariPool        : HikariPool-1 - Thread starvation or clock leap detected (housekeeper delta=13m2s557ms).
2025-12-08T04:40:36.507-08:00  WARN 69004 --- [ai-crm-dash] [l-1:housekeeper] com.zaxxer.hikari.pool.HikariPool        : HikariPool-1 - Thread starvation or clock leap detected (housekeeper delta=15m28s133ms).
2025-12-08T04:46:09.995-08:00  WARN 69004 --- [ai-crm-dash] [l-1:housekeeper] com.zaxxer.hikari.pool.HikariPool        : HikariPool-1 - Thread starvation or clock leap detected (housekeeper delta=5m3s481ms).
2025-12-08T04:50:05.433-08:00  WARN 69004 --- [ai-crm-dash] [l-1:housekeeper] com.zaxxer.hikari.pool.HikariPool        : HikariPool-1 - Thread starvation or clock leap detected (housekeeper delta=3m55s438ms).
2025-12-08T05:06:03.538-08:00  WARN 69004 --- [ai-crm-dash] [l-1:housekeeper] com.zaxxer.hikari.pool.HikariPool        : HikariPool-1 - Thread starvation or clock leap detected (housekeeper delta=15m28s101ms).
2025-12-08T05:22:04.028-08:00  WARN 69004 --- [ai-crm-dash] [l-1:housekeeper] com.zaxxer.hikari.pool.HikariPool        : HikariPool-1 - Thread starvation or clock leap detected (housekeeper delta=16m490ms).
2025-12-08T05:39:42.152-08:00  WARN 69004 --- [ai-crm-dash] [l-1:housekeeper] com.zaxxer.hikari.pool.HikariPool        : HikariPool-1 - Thread starvation or clock leap detected (housekeeper delta=16m38s109ms).
2025-12-08T05:46:59.619-08:00  WARN 69004 --- [ai-crm-dash] [l-1:housekeeper] com.zaxxer.hikari.pool.HikariPool        : HikariPool-1 - Thread starvation or clock leap detected (housekeeper delta=7m17s468ms).
2025-12-08T06:03:07.161-08:00  WARN 69004 --- [ai-crm-dash] [l-1:housekeeper] com.zaxxer.hikari.pool.HikariPool        : HikariPool-1 - Thread starvation or clock leap detected (housekeeper delta=15m37s533ms).
2025-12-08T06:21:36.093-08:00  WARN 69004 --- [ai-crm-dash] [l-1:housekeeper] com.zaxxer.hikari.pool.HikariPool        : HikariPool-1 - Thread starvation or clock leap detected (housekeeper delta=15m58s914ms).
2025-12-08T06:38:12.715-08:00  WARN 69004 --- [ai-crm-dash] [l-1:housekeeper] com.zaxxer.hikari.pool.HikariPool        : HikariPool-1 - Thread starvation or clock leap detected (housekeeper delta=16m6s618ms).
2025-12-08T06:48:14.245-08:00  WARN 69004 --- [ai-crm-dash] [l-1:housekeeper] com.zaxxer.hikari.pool.HikariPool        : HikariPool-1 - Thread starvation or clock leap detected (housekeeper delta=9m31s519ms).
2025-12-08T07:06:30.907-08:00  WARN 69004 --- [ai-crm-dash] [l-1:housekeeper] com.zaxxer.hikari.pool.HikariPool        : HikariPool-1 - Thread starvation or clock leap detected (housekeeper delta=18m16s662ms).
2025-12-08T07:24:03.361-08:00  WARN 69004 --- [ai-crm-dash] [l-1:housekeeper] com.zaxxer.hikari.pool.HikariPool        : HikariPool-1 - Thread starvation or clock leap detected (housekeeper delta=17m2s454ms).
2025-12-08T07:43:08.380-08:00  WARN 69004 --- [ai-crm-dash] [l-1:housekeeper] com.zaxxer.hikari.pool.HikariPool        : HikariPool-1 - Thread starvation or clock leap detected (housekeeper delta=16m34s983ms).
2025-12-08T07:48:50.801-08:00  WARN 69004 --- [ai-crm-dash] [l-1:housekeeper] com.zaxxer.hikari.pool.HikariPool        : HikariPool-1 - Thread starvation or clock leap detected (housekeeper delta=5m42s420ms).
2025-12-08T08:05:19.342-08:00  WARN 69004 --- [ai-crm-dash] [l-1:housekeeper] com.zaxxer.hikari.pool.HikariPool        : HikariPool-1 - Thread starvation or clock leap detected (housekeeper delta=15m58s535ms).
2025-12-08T08:21:41.874-08:00  WARN 69004 --- [ai-crm-dash] [l-1:housekeeper] com.zaxxer.hikari.pool.HikariPool        : HikariPool-1 - Thread starvation or clock leap detected (housekeeper delta=15m52s521ms).
2025-12-08T08:37:41.033-08:00  WARN 69004 --- [ai-crm-dash] [l-1:housekeeper] com.zaxxer.hikari.pool.HikariPool        : HikariPool-1 - Thread starvation or clock leap detected (housekeeper delta=15m29s157ms).
2025-12-08T08:49:54.507-08:00  WARN 69004 --- [ai-crm-dash] [l-1:housekeeper] com.zaxxer.hikari.pool.HikariPool        : HikariPool-1 - Thread starvation or clock leap detected (housekeeper delta=12m13s475ms).
2025-12-08T09:03:39.799-08:00  WARN 69004 --- [ai-crm-dash] [l-1:housekeeper] com.zaxxer.hikari.pool.HikariPool        : HikariPool-1 - Thread starvation or clock leap detected (housekeeper delta=11m15s258ms).
2025-12-08T09:05:31.713-08:00  WARN 69004 --- [ai-crm-dash] [l-1:housekeeper] com.zaxxer.hikari.pool.HikariPool        : HikariPool-1 - Thread starvation or clock leap detected (housekeeper delta=1m51s914ms).
2025-12-08T09:20:04.636-08:00  WARN 69004 --- [ai-crm-dash] [l-1:housekeeper] com.zaxxer.hikari.pool.HikariPool        : HikariPool-1 - Thread starvation or clock leap detected (housekeeper delta=13m32s915ms).
2025-12-08T09:21:54.767-08:00  WARN 69004 --- [ai-crm-dash] [l-1:housekeeper] com.zaxxer.hikari.pool.HikariPool        : HikariPool-1 - Thread starvation or clock leap detected (housekeeper delta=1m50s129ms).
2025-12-08T10:29:53.004-08:00  WARN 69004 --- [ai-crm-dash] [l-1:housekeeper] com.zaxxer.hikari.pool.HikariPool        : HikariPool-1 - Thread starvation or clock leap detected (housekeeper delta=4m27s869ms).
2025-12-08T11:17:15.768-08:00  WARN 69004 --- [ai-crm-dash] [l-1:housekeeper] com.zaxxer.hikari.pool.HikariPool        : HikariPool-1 - Thread starvation or clock leap detected (housekeeper delta=1m13s984ms).
2025-12-08T11:40:11.030-08:00  WARN 69004 --- [ai-crm-dash] [l-1:housekeeper] com.zaxxer.hikari.pool.HikariPool        : HikariPool-1 - Thread starvation or clock leap detected (housekeeper delta=55s101ms).
2025-12-08T11:51:55.773-08:00  WARN 69004 --- [ai-crm-dash] [l-1:housekeeper] com.zaxxer.hikari.pool.HikariPool        : HikariPool-1 - Thread starvation or clock leap detected (housekeeper delta=6m14s692ms).
2025-12-08T12:07:24.336-08:00  WARN 69004 --- [ai-crm-dash] [l-1:housekeeper] com.zaxxer.hikari.pool.HikariPool        : HikariPool-1 - Thread starvation or clock leap detected (housekeeper delta=15m28s564ms).
2025-12-08T12:12:17.148-08:00  WARN 69004 --- [ai-crm-dash] [l-1:housekeeper] com.zaxxer.hikari.pool.HikariPool        : HikariPool-1 - Thread starvation or clock leap detected (housekeeper delta=2m22s766ms).
2025-12-08T12:33:37.879-08:00  WARN 69004 --- [ai-crm-dash] [l-1:housekeeper] com.zaxxer.hikari.pool.HikariPool        : HikariPool-1 - Thread starvation or clock leap detected (housekeeper delta=9m20s628ms).
2025-12-08T12:34:39.280-08:00  WARN 69004 --- [ai-crm-dash] [l-1:housekeeper] com.zaxxer.hikari.pool.HikariPool        : HikariPool-1 - Thread starvation or clock leap detected (housekeeper delta=1m1s401ms).
2025-12-08T12:37:06.361-08:00  WARN 69004 --- [ai-crm-dash] [l-1:housekeeper] com.zaxxer.hikari.pool.HikariPool        : HikariPool-1 - Thread starvation or clock leap detected (housekeeper delta=1m57s75ms).
2025-12-08T13:04:20.018-08:00  WARN 69004 --- [ai-crm-dash] [l-1:housekeeper] com.zaxxer.hikari.pool.HikariPool        : HikariPool-1 - Thread starvation or clock leap detected (housekeeper delta=3m13s517ms).
2025-12-08T14:41:45.924-08:00  WARN 69004 --- [ai-crm-dash] [l-1:housekeeper] com.zaxxer.hikari.pool.HikariPool        : HikariPool-1 - Thread starvation or clock leap detected (housekeeper delta=55s247ms).
2025-12-08T15:17:03.227-08:00  WARN 69004 --- [ai-crm-dash] [l-1:housekeeper] com.zaxxer.hikari.pool.HikariPool        : HikariPool-1 - Thread starvation or clock leap detected (housekeeper delta=35m17s295ms).
2025-12-08T16:05:18.450-08:00  WARN 69004 --- [ai-crm-dash] [l-1:housekeeper] com.zaxxer.hikari.pool.HikariPool        : HikariPool-1 - Thread starvation or clock leap detected (housekeeper delta=48m15s231ms).
2025-12-08T16:59:59.640-08:00  WARN 69004 --- [ai-crm-dash] [l-1:housekeeper] com.zaxxer.hikari.pool.HikariPool        : HikariPool-1 - Thread starvation or clock leap detected (housekeeper delta=54m41s191ms).
2025-12-08T18:16:15.330-08:00  WARN 69004 --- [ai-crm-dash] [l-1:housekeeper] com.zaxxer.hikari.pool.HikariPool        : HikariPool-1 - Thread starvation or clock leap detected (housekeeper delta=1h16m15s690ms).
2025-12-08T18:43:18.342-08:00  WARN 69004 --- [ai-crm-dash] [l-1:housekeeper] com.zaxxer.hikari.pool.HikariPool        : HikariPool-1 - Thread starvation or clock leap detected (housekeeper delta=27m3s11ms).
2025-12-08T18:57:49.934-08:00  WARN 69004 --- [ai-crm-dash] [l-1:housekeeper] com.zaxxer.hikari.pool.HikariPool        : HikariPool-1 - Thread starvation or clock leap detected (housekeeper delta=2m31s520ms).
2025-12-08T19:26:04.733-08:00  WARN 69004 --- [ai-crm-dash] [l-1:housekeeper] com.zaxxer.hikari.pool.HikariPool        : HikariPool-1 - Thread starvation or clock leap detected (housekeeper delta=17m44s713ms).
2025-12-08T20:01:03.336-08:00  WARN 69004 --- [ai-crm-dash] [l-1:housekeeper] com.zaxxer.hikari.pool.HikariPool        : HikariPool-1 - Thread starvation or clock leap detected (housekeeper delta=34m58s604ms).
2025-12-08T20:50:43.284-08:00  WARN 69004 --- [ai-crm-dash] [l-1:housekeeper] com.zaxxer.hikari.pool.HikariPool        : HikariPool-1 - Thread starvation or clock leap detected (housekeeper delta=49m39s948ms).
2025-12-08T21:09:30.055-08:00  WARN 69004 --- [ai-crm-dash] [l-1:housekeeper] com.zaxxer.hikari.pool.HikariPool        : HikariPool-1 - Thread starvation or clock leap detected (housekeeper delta=18m46s771ms).
2025-12-08T21:43:47.775-08:00  WARN 69004 --- [ai-crm-dash] [l-1:housekeeper] com.zaxxer.hikari.pool.HikariPool        : HikariPool-1 - Thread starvation or clock leap detected (housekeeper delta=34m17s720ms).
2025-12-08T22:10:34.013-08:00  WARN 69004 --- [ai-crm-dash] [l-1:housekeeper] com.zaxxer.hikari.pool.HikariPool        : HikariPool-1 - Thread starvation or clock leap detected (housekeeper delta=26m46s238ms).
2025-12-08T22:43:29.974-08:00  WARN 69004 --- [ai-crm-dash] [l-1:housekeeper] com.zaxxer.hikari.pool.HikariPool        : HikariPool-1 - Thread starvation or clock leap detected (housekeeper delta=32m55s961ms).
2025-12-08T23:11:38.980-08:00  WARN 69004 --- [ai-crm-dash] [l-1:housekeeper] com.zaxxer.hikari.pool.HikariPool        : HikariPool-1 - Thread starvation or clock leap detected (housekeeper delta=28m9s6ms).
2025-12-08T23:46:36.151-08:00  WARN 69004 --- [ai-crm-dash] [l-1:housekeeper] com.zaxxer.hikari.pool.HikariPool        : HikariPool-1 - Thread starvation or clock leap detected (housekeeper delta=34m57s171ms).
2025-12-09T00:20:45.493-08:00  WARN 69004 --- [ai-crm-dash] [l-1:housekeeper] com.zaxxer.hikari.pool.HikariPool        : HikariPool-1 - Thread starvation or clock leap detected (housekeeper delta=34m9s342ms).
2025-12-09T01:09:22.473-08:00  WARN 69004 --- [ai-crm-dash] [l-1:housekeeper] com.zaxxer.hikari.pool.HikariPool        : HikariPool-1 - Thread starvation or clock leap detected (housekeeper delta=48m36s980ms).
2025-12-09T01:40:52.475-08:00  WARN 69004 --- [ai-crm-dash] [l-1:housekeeper] com.zaxxer.hikari.pool.HikariPool        : HikariPool-1 - Thread starvation or clock leap detected (housekeeper delta=31m30s2ms).
2025-12-09T02:15:06.454-08:00  WARN 69004 --- [ai-crm-dash] [l-1:housekeeper] com.zaxxer.hikari.pool.HikariPool        : HikariPool-1 - Thread starvation or clock leap detected (housekeeper delta=34m13s979ms).
2025-12-09T03:00:49.479-08:00  WARN 69004 --- [ai-crm-dash] [l-1:housekeeper] com.zaxxer.hikari.pool.HikariPool        : HikariPool-1 - Thread starvation or clock leap detected (housekeeper delta=45m43s25ms).
2025-12-09T03:33:57.135-08:00  WARN 69004 --- [ai-crm-dash] [l-1:housekeeper] com.zaxxer.hikari.pool.HikariPool        : HikariPool-1 - Thread starvation or clock leap detected (housekeeper delta=33m7s656ms).
2025-12-09T03:49:44.044-08:00  WARN 69004 --- [ai-crm-dash] [l-1:housekeeper] com.zaxxer.hikari.pool.HikariPool        : HikariPool-1 - Thread starvation or clock leap detected (housekeeper delta=15m46s908ms).
2025-12-09T04:39:53.995-08:00  WARN 69004 --- [ai-crm-dash] [l-1:housekeeper] com.zaxxer.hikari.pool.HikariPool        : HikariPool-1 - Thread starvation or clock leap detected (housekeeper delta=50m9s952ms).
2025-12-09T05:01:53.003-08:00  WARN 69004 --- [ai-crm-dash] [l-1:housekeeper] com.zaxxer.hikari.pool.HikariPool        : HikariPool-1 - Thread starvation or clock leap detected (housekeeper delta=21m59s8ms).
2025-12-09T05:20:27.160-08:00  WARN 69004 --- [ai-crm-dash] [l-1:housekeeper] com.zaxxer.hikari.pool.HikariPool        : HikariPool-1 - Thread starvation or clock leap detected (housekeeper delta=18m34s156ms).
2025-12-09T05:54:41.130-08:00  WARN 69004 --- [ai-crm-dash] [l-1:housekeeper] com.zaxxer.hikari.pool.HikariPool        : HikariPool-1 - Thread starvation or clock leap detected (housekeeper delta=34m13s971ms).
2025-12-09T06:19:19.767-08:00  WARN 69004 --- [ai-crm-dash] [l-1:housekeeper] com.zaxxer.hikari.pool.HikariPool        : HikariPool-1 - Thread starvation or clock leap detected (housekeeper delta=24m38s637ms).
2025-12-09T06:53:14.434-08:00  WARN 69004 --- [ai-crm-dash] [l-1:housekeeper] com.zaxxer.hikari.pool.HikariPool        : HikariPool-1 - Thread starvation or clock leap detected (housekeeper delta=33m54s667ms).
2025-12-09T07:19:16.857-08:00  WARN 69004 --- [ai-crm-dash] [l-1:housekeeper] com.zaxxer.hikari.pool.HikariPool        : HikariPool-1 - Thread starvation or clock leap detected (housekeeper delta=26m2s423ms).
2025-12-09T07:50:53.471-08:00  WARN 69004 --- [ai-crm-dash] [l-1:housekeeper] com.zaxxer.hikari.pool.HikariPool        : HikariPool-1 - Thread starvation or clock leap detected (housekeeper delta=31m36s614ms).
2025-12-09T08:34:56.813-08:00  WARN 69004 --- [ai-crm-dash] [l-1:housekeeper] com.zaxxer.hikari.pool.HikariPool        : HikariPool-1 - Thread starvation or clock leap detected (housekeeper delta=1m33s44ms).
2025-12-09T09:02:33.553-08:00  WARN 69004 --- [ai-crm-dash] [l-1:housekeeper] com.zaxxer.hikari.pool.HikariPool        : HikariPool-1 - Thread starvation or clock leap detected (housekeeper delta=1m6s549ms).
2025-12-09T09:07:32.784-08:00  WARN 69004 --- [ai-crm-dash] [l-1:housekeeper] com.zaxxer.hikari.pool.HikariPool        : HikariPool-1 - Thread starvation or clock leap detected (housekeeper delta=59s184ms).
2025-12-09T09:31:29.097-08:00  WARN 69004 --- [ai-crm-dash] [l-1:housekeeper] com.zaxxer.hikari.pool.HikariPool        : HikariPool-1 - Thread starvation or clock leap detected (housekeeper delta=56s164ms).
2025-12-09T10:32:57.001-08:00  WARN 69004 --- [ai-crm-dash] [l-1:housekeeper] com.zaxxer.hikari.pool.HikariPool        : HikariPool-1 - Thread starvation or clock leap detected (housekeeper delta=15m27s573ms).
2025-12-09T10:48:25.522-08:00  WARN 69004 --- [ai-crm-dash] [l-1:housekeeper] com.zaxxer.hikari.pool.HikariPool        : HikariPool-1 - Thread starvation or clock leap detected (housekeeper delta=15m28s522ms).
2025-12-09T11:04:24.014-08:00  WARN 69004 --- [ai-crm-dash] [l-1:housekeeper] com.zaxxer.hikari.pool.HikariPool        : HikariPool-1 - Thread starvation or clock leap detected (housekeeper delta=15m28s484ms).
2025-12-09T12:36:57.355-08:00  WARN 69004 --- [ai-crm-dash] [l-1:housekeeper] com.zaxxer.hikari.pool.HikariPool        : HikariPool-1 - Thread starvation or clock leap detected (housekeeper delta=1m32s703ms).
2025-12-09T12:42:49.752-08:00  WARN 69004 --- [ai-crm-dash] [l-1:housekeeper] com.zaxxer.hikari.pool.HikariPool        : HikariPool-1 - Thread starvation or clock leap detected (housekeeper delta=4m42s954ms).
2025-12-09T12:46:44.901-08:00  WARN 69004 --- [ai-crm-dash] [l-1:housekeeper] com.zaxxer.hikari.pool.HikariPool        : HikariPool-1 - Thread starvation or clock leap detected (housekeeper delta=3m25s138ms).
2025-12-09T13:20:19.730-08:00  WARN 69004 --- [ai-crm-dash] [l-1:housekeeper] com.zaxxer.hikari.pool.HikariPool        : HikariPool-1 - Thread starvation or clock leap detected (housekeeper delta=9m34s657ms).
2025-12-09T13:51:34.889-08:00  WARN 69004 --- [ai-crm-dash] [l-1:housekeeper] com.zaxxer.hikari.pool.HikariPool        : HikariPool-1 - Thread starvation or clock leap detected (housekeeper delta=10m15s17ms).
2025-12-09T13:53:08.790-08:00  WARN 69004 --- [ai-crm-dash] [l-1:housekeeper] com.zaxxer.hikari.pool.HikariPool        : HikariPool-1 - Thread starvation or clock leap detected (housekeeper delta=1m33s900ms).
2025-12-09T14:16:50.901-08:00  WARN 69004 --- [ai-crm-dash] [l-1:housekeeper] com.zaxxer.hikari.pool.HikariPool        : HikariPool-1 - Thread starvation or clock leap detected (housekeeper delta=3m11s986ms).
2025-12-09T14:34:04.024-08:00  WARN 69004 --- [ai-crm-dash] [l-1:housekeeper] com.zaxxer.hikari.pool.HikariPool        : HikariPool-1 - Thread starvation or clock leap detected (housekeeper delta=11m13s79ms).
2025-12-09T14:53:40.881-08:00  WARN 69004 --- [ai-crm-dash] [l-1:housekeeper] com.zaxxer.hikari.pool.HikariPool        : HikariPool-1 - Thread starvation or clock leap detected (housekeeper delta=19m6s825ms).
2025-12-09T16:02:39.643-08:00  WARN 69004 --- [ai-crm-dash] [l-1:housekeeper] com.zaxxer.hikari.pool.HikariPool        : HikariPool-1 - Thread starvation or clock leap detected (housekeeper delta=16m58s398ms).
2025-12-09T17:04:56.864-08:00  WARN 69004 --- [ai-crm-dash] [l-1:housekeeper] com.zaxxer.hikari.pool.HikariPool        : HikariPool-1 - Thread starvation or clock leap detected (housekeeper delta=1h2m17s220ms).
2025-12-09T18:27:28.819-08:00  WARN 69004 --- [ai-crm-dash] [l-1:housekeeper] com.zaxxer.hikari.pool.HikariPool        : HikariPool-1 - Thread starvation or clock leap detected (housekeeper delta=1h22m31s957ms).
2025-12-09T19:39:17.522-08:00  WARN 69004 --- [ai-crm-dash] [l-1:housekeeper] com.zaxxer.hikari.pool.HikariPool        : HikariPool-1 - Thread starvation or clock leap detected (housekeeper delta=1h11m48s702ms).
2025-12-09T20:56:33.123-08:00  WARN 69004 --- [ai-crm-dash] [l-1:housekeeper] com.zaxxer.hikari.pool.HikariPool        : HikariPool-1 - Thread starvation or clock leap detected (housekeeper delta=1h17m15s602ms).
2025-12-09T21:58:21.999-08:00  WARN 69004 --- [ai-crm-dash] [l-1:housekeeper] com.zaxxer.hikari.pool.HikariPool        : HikariPool-1 - Thread starvation or clock leap detected (housekeeper delta=1h1m48s875ms).
2025-12-09T23:09:57.750-08:00  WARN 69004 --- [ai-crm-dash] [l-1:housekeeper] com.zaxxer.hikari.pool.HikariPool        : HikariPool-1 - Thread starvation or clock leap detected (housekeeper delta=1h11m35s752ms).
2025-12-10T00:27:35.390-08:00  WARN 69004 --- [ai-crm-dash] [l-1:housekeeper] com.zaxxer.hikari.pool.HikariPool        : HikariPool-1 - Thread starvation or clock leap detected (housekeeper delta=1h17m37s640ms).
2025-12-10T01:45:17.451-08:00  WARN 69004 --- [ai-crm-dash] [l-1:housekeeper] com.zaxxer.hikari.pool.HikariPool        : HikariPool-1 - Thread starvation or clock leap detected (housekeeper delta=1h17m42s61ms).
2025-12-10T03:01:15.415-08:00  WARN 69004 --- [ai-crm-dash] [l-1:housekeeper] com.zaxxer.hikari.pool.HikariPool        : HikariPool-1 - Thread starvation or clock leap detected (housekeeper delta=1h15m57s963ms).
2025-12-10T04:14:34.482-08:00  WARN 69004 --- [ai-crm-dash] [l-1:housekeeper] com.zaxxer.hikari.pool.HikariPool        : HikariPool-1 - Thread starvation or clock leap detected (housekeeper delta=1h13m19s68ms).
2025-12-10T05:15:37.458-08:00  WARN 69004 --- [ai-crm-dash] [l-1:housekeeper] com.zaxxer.hikari.pool.HikariPool        : HikariPool-1 - Thread starvation or clock leap detected (housekeeper delta=1h1m2s975ms).
2025-12-10T06:33:54.282-08:00  WARN 69004 --- [ai-crm-dash] [l-1:housekeeper] com.zaxxer.hikari.pool.HikariPool        : HikariPool-1 - Thread starvation or clock leap detected (housekeeper delta=1h18m16s825ms).
2025-12-10T07:36:47.992-08:00  WARN 69004 --- [ai-crm-dash] [l-1:housekeeper] com.zaxxer.hikari.pool.HikariPool        : HikariPool-1 - Thread starvation or clock leap detected (housekeeper delta=1h2m53s709ms).
2025-12-10T08:18:34.875-08:00  WARN 69004 --- [ai-crm-dash] [l-1:housekeeper] com.zaxxer.hikari.pool.HikariPool        : HikariPool-1 - Thread starvation or clock leap detected (housekeeper delta=41m46s884ms).
2025-12-10T08:34:33.946-08:00  WARN 69004 --- [ai-crm-dash] [l-1:housekeeper] com.zaxxer.hikari.pool.HikariPool        : HikariPool-1 - Thread starvation or clock leap detected (housekeeper delta=15m59s70ms).
2025-12-10T08:37:05.053-08:00  WARN 69004 --- [ai-crm-dash] [l-1:housekeeper] com.zaxxer.hikari.pool.HikariPool        : HikariPool-1 - Thread starvation or clock leap detected (housekeeper delta=2m1s98ms).
2025-12-10T10:57:35.271-08:00  WARN 69004 --- [ai-crm-dash] [l-1:housekeeper] com.zaxxer.hikari.pool.HikariPool        : HikariPool-1 - Thread starvation or clock leap detected (housekeeper delta=16m59s394ms).
2025-12-10T11:15:35.172-08:00  WARN 69004 --- [ai-crm-dash] [l-1:housekeeper] com.zaxxer.hikari.pool.HikariPool        : HikariPool-1 - Thread starvation or clock leap detected (housekeeper delta=16m27s909ms).
2025-12-10T11:30:08.941-08:00  WARN 69004 --- [ai-crm-dash] [l-1:housekeeper] com.zaxxer.hikari.pool.HikariPool        : HikariPool-1 - Thread starvation or clock leap detected (housekeeper delta=14m3s764ms).
2025-12-10T11:31:29.891-08:00  WARN 69004 --- [ai-crm-dash] [l-1:housekeeper] com.zaxxer.hikari.pool.HikariPool        : HikariPool-1 - Thread starvation or clock leap detected (housekeeper delta=1m20s950ms).
2025-12-10T11:34:50.517-08:00  WARN 69004 --- [ai-crm-dash] [l-1:housekeeper] com.zaxxer.hikari.pool.HikariPool        : HikariPool-1 - Thread starvation or clock leap detected (housekeeper delta=2m50s608ms).
2025-12-10T12:56:13.211-08:00  WARN 69004 --- [ai-crm-dash] [l-1:housekeeper] com.zaxxer.hikari.pool.HikariPool        : HikariPool-1 - Thread starvation or clock leap detected (housekeeper delta=4m52s150ms).
2025-12-10T13:00:47.047-08:00  WARN 69004 --- [ai-crm-dash] [l-1:housekeeper] com.zaxxer.hikari.pool.HikariPool        : HikariPool-1 - Thread starvation or clock leap detected (housekeeper delta=4m33s805ms).
2025-12-10T13:38:31.638-08:00  WARN 69004 --- [ai-crm-dash] [l-1:housekeeper] com.zaxxer.hikari.pool.HikariPool        : HikariPool-1 - Thread starvation or clock leap detected (housekeeper delta=16m44s409ms).
2025-12-10T13:50:07.013-08:00  WARN 69004 --- [ai-crm-dash] [l-1:housekeeper] com.zaxxer.hikari.pool.HikariPool        : HikariPool-1 - Thread starvation or clock leap detected (housekeeper delta=11m35s374ms).
2025-12-10T13:54:04.753-08:00  WARN 69004 --- [ai-crm-dash] [l-1:housekeeper] com.zaxxer.hikari.pool.HikariPool        : HikariPool-1 - Thread starvation or clock leap detected (housekeeper delta=3m27s729ms).
2025-12-10T13:58:47.737-08:00  WARN 69004 --- [ai-crm-dash] [l-1:housekeeper] com.zaxxer.hikari.pool.HikariPool        : HikariPool-1 - Thread starvation or clock leap detected (housekeeper delta=4m42s982ms).
2025-12-10T14:43:25.576-08:00  WARN 69004 --- [ai-crm-dash] [l-1:housekeeper] com.zaxxer.hikari.pool.HikariPool        : HikariPool-1 - Thread starvation or clock leap detected (housekeeper delta=2m36s429ms).
2025-12-10T15:03:07.469-08:00  WARN 69004 --- [ai-crm-dash] [l-1:housekeeper] com.zaxxer.hikari.pool.HikariPool        : HikariPool-1 - Thread starvation or clock leap detected (housekeeper delta=1m5s72ms).
2025-12-10T16:50:54.084-08:00  WARN 69004 --- [ai-crm-dash] [l-1:housekeeper] com.zaxxer.hikari.pool.HikariPool        : HikariPool-1 - Thread starvation or clock leap detected (housekeeper delta=51m16s264ms).
2025-12-10T18:00:53.473-08:00  WARN 69004 --- [ai-crm-dash] [l-1:housekeeper] com.zaxxer.hikari.pool.HikariPool        : HikariPool-1 - Thread starvation or clock leap detected (housekeeper delta=1h9m59s391ms).
2025-12-10T19:01:50.454-08:00  WARN 69004 --- [ai-crm-dash] [l-1:housekeeper] com.zaxxer.hikari.pool.HikariPool        : HikariPool-1 - Thread starvation or clock leap detected (housekeeper delta=1h26s977ms).
2025-12-10T20:02:47.514-08:00  WARN 69004 --- [ai-crm-dash] [l-1:housekeeper] com.zaxxer.hikari.pool.HikariPool        : HikariPool-1 - Thread starvation or clock leap detected (housekeeper delta=1h27s54ms).
2025-12-10T20:51:25.874-08:00  WARN 69004 --- [ai-crm-dash] [l-1:housekeeper] com.zaxxer.hikari.pool.HikariPool        : HikariPool-1 - Thread starvation or clock leap detected (housekeeper delta=48m8s349ms).
2025-12-10T21:04:14.569-08:00  WARN 69004 --- [ai-crm-dash] [l-1:housekeeper] com.zaxxer.hikari.pool.HikariPool        : HikariPool-1 - Thread starvation or clock leap detected (housekeeper delta=12m48s695ms).
2025-12-10T21:36:41.245-08:00  WARN 69004 --- [ai-crm-dash] [l-1:housekeeper] com.zaxxer.hikari.pool.HikariPool        : HikariPool-1 - Thread starvation or clock leap detected (housekeeper delta=32m26s676ms).
2025-12-10T22:05:11.546-08:00  WARN 69004 --- [ai-crm-dash] [l-1:housekeeper] com.zaxxer.hikari.pool.HikariPool        : HikariPool-1 - Thread starvation or clock leap detected (housekeeper delta=28m30s301ms).
2025-12-10T22:33:05.677-08:00  WARN 69004 --- [ai-crm-dash] [l-1:housekeeper] com.zaxxer.hikari.pool.HikariPool        : HikariPool-1 - Thread starvation or clock leap detected (housekeeper delta=27m54s128ms).
2025-12-10T22:46:57.141-08:00  WARN 69004 --- [ai-crm-dash] [l-1:housekeeper] com.zaxxer.hikari.pool.HikariPool        : HikariPool-1 - Thread starvation or clock leap detected (housekeeper delta=2m21s374ms).
2025-12-10T22:48:27.270-08:00  WARN 69004 --- [ai-crm-dash] [l-1:housekeeper] com.zaxxer.hikari.pool.HikariPool        : HikariPool-1 - Thread starvation or clock leap detected (housekeeper delta=1m30s131ms).
2025-12-10T22:50:21.536-08:00  WARN 69004 --- [ai-crm-dash] [l-1:housekeeper] com.zaxxer.hikari.pool.HikariPool        : HikariPool-1 - Thread starvation or clock leap detected (housekeeper delta=1m24s257ms).
2025-12-10T23:07:19.984-08:00  WARN 69004 --- [ai-crm-dash] [l-1:housekeeper] com.zaxxer.hikari.pool.HikariPool        : HikariPool-1 - Thread starvation or clock leap detected (housekeeper delta=16m58s448ms).
2025-12-11T00:07:41.583-08:00  WARN 69004 --- [ai-crm-dash] [l-1:housekeeper] com.zaxxer.hikari.pool.HikariPool        : HikariPool-1 - Thread starvation or clock leap detected (housekeeper delta=1h21s598ms).
2025-12-11T00:45:55.811-08:00  WARN 69004 --- [ai-crm-dash] [l-1:housekeeper] com.zaxxer.hikari.pool.HikariPool        : HikariPool-1 - Thread starvation or clock leap detected (housekeeper delta=37m44s217ms).
2025-12-11T01:46:52.803-08:00  WARN 69004 --- [ai-crm-dash] [l-1:housekeeper] com.zaxxer.hikari.pool.HikariPool        : HikariPool-1 - Thread starvation or clock leap detected (housekeeper delta=1h26s997ms).
2025-12-11T02:47:49.740-08:00  WARN 69004 --- [ai-crm-dash] [l-1:housekeeper] com.zaxxer.hikari.pool.HikariPool        : HikariPool-1 - Thread starvation or clock leap detected (housekeeper delta=1h26s917ms).
2025-12-11T03:48:46.650-08:00  WARN 69004 --- [ai-crm-dash] [l-1:housekeeper] com.zaxxer.hikari.pool.HikariPool        : HikariPool-1 - Thread starvation or clock leap detected (housekeeper delta=1h26s920ms).
2025-12-11T04:49:43.595-08:00  WARN 69004 --- [ai-crm-dash] [l-1:housekeeper] com.zaxxer.hikari.pool.HikariPool        : HikariPool-1 - Thread starvation or clock leap detected (housekeeper delta=1h26s919ms).
2025-12-11T05:20:08.163-08:00  WARN 69004 --- [ai-crm-dash] [l-1:housekeeper] com.zaxxer.hikari.pool.HikariPool        : HikariPool-1 - Thread starvation or clock leap detected (housekeeper delta=29m54s557ms).
2025-12-11T05:50:58.740-08:00  WARN 69004 --- [ai-crm-dash] [l-1:housekeeper] com.zaxxer.hikari.pool.HikariPool        : HikariPool-1 - Thread starvation or clock leap detected (housekeeper delta=30m20s574ms).
2025-12-11T06:49:17.242-08:00  WARN 69004 --- [ai-crm-dash] [l-1:housekeeper] com.zaxxer.hikari.pool.HikariPool        : HikariPool-1 - Thread starvation or clock leap detected (housekeeper delta=57m48s488ms).
2025-12-11T06:52:08.628-08:00  WARN 69004 --- [ai-crm-dash] [l-1:housekeeper] com.zaxxer.hikari.pool.HikariPool        : HikariPool-1 - Thread starvation or clock leap detected (housekeeper delta=2m21s369ms).
2025-12-11T07:14:24.709-08:00  WARN 69004 --- [ai-crm-dash] [l-1:housekeeper] com.zaxxer.hikari.pool.HikariPool        : HikariPool-1 - Thread starvation or clock leap detected (housekeeper delta=22m16s81ms).
2025-12-11T07:34:16.423-08:00  WARN 69004 --- [ai-crm-dash] [l-1:housekeeper] com.zaxxer.hikari.pool.HikariPool        : HikariPool-1 - Thread starvation or clock leap detected (housekeeper delta=19m21s711ms).
2025-12-11T07:36:18.317-08:00  WARN 69004 --- [ai-crm-dash] [l-1:housekeeper] com.zaxxer.hikari.pool.HikariPool        : HikariPool-1 - Thread starvation or clock leap detected (housekeeper delta=1m31s906ms).
2025-12-11T07:53:02.810-08:00  WARN 69004 --- [ai-crm-dash] [l-1:housekeeper] com.zaxxer.hikari.pool.HikariPool        : HikariPool-1 - Thread starvation or clock leap detected (housekeeper delta=15m31s370ms).
2025-12-11T08:09:29.781-08:00  WARN 69004 --- [ai-crm-dash] [l-1:housekeeper] com.zaxxer.hikari.pool.HikariPool        : HikariPool-1 - Thread starvation or clock leap detected (housekeeper delta=16m26s971ms).
2025-12-11T08:20:51.860-08:00  WARN 69004 --- [ai-crm-dash] [l-1:housekeeper] com.zaxxer.hikari.pool.HikariPool        : HikariPool-1 - Thread starvation or clock leap detected (housekeeper delta=11m22s79ms).
2025-12-11T08:37:28.772-08:00  WARN 69004 --- [ai-crm-dash] [l-1:housekeeper] com.zaxxer.hikari.pool.HikariPool        : HikariPool-1 - Thread starvation or clock leap detected (housekeeper delta=16m36s913ms).
2025-12-11T08:50:28.446-08:00  WARN 69004 --- [ai-crm-dash] [l-1:housekeeper] com.zaxxer.hikari.pool.HikariPool        : HikariPool-1 - Thread starvation or clock leap detected (housekeeper delta=12m59s674ms).
2025-12-11T08:53:54.396-08:00  WARN 69004 --- [ai-crm-dash] [l-1:housekeeper] com.zaxxer.hikari.pool.HikariPool        : HikariPool-1 - Thread starvation or clock leap detected (housekeeper delta=3m25s950ms).
2025-12-11T08:55:48.685-08:00  WARN 69004 --- [ai-crm-dash] [l-1:housekeeper] com.zaxxer.hikari.pool.HikariPool        : HikariPool-1 - Thread starvation or clock leap detected (housekeeper delta=1m24s281ms).
2025-12-11T08:56:55.302-08:00  WARN 69004 --- [ai-crm-dash] [l-1:housekeeper] com.zaxxer.hikari.pool.HikariPool        : HikariPool-1 - Thread starvation or clock leap detected (housekeeper delta=1m6s616ms).
2025-12-11T09:05:53.068-08:00  WARN 69004 --- [ai-crm-dash] [l-1:housekeeper] com.zaxxer.hikari.pool.HikariPool        : HikariPool-1 - Thread starvation or clock leap detected (housekeeper delta=1m27s703ms).
2025-12-11T10:59:47.860-08:00  WARN 69004 --- [ai-crm-dash] [l-1:housekeeper] com.zaxxer.hikari.pool.HikariPool        : HikariPool-1 - Thread starvation or clock leap detected (housekeeper delta=11m54s55ms).
2025-12-11T11:38:45.387-08:00  WARN 69004 --- [ai-crm-dash] [l-1:housekeeper] com.zaxxer.hikari.pool.HikariPool        : HikariPool-1 - Thread starvation or clock leap detected (housekeeper delta=15m27s331ms).
2025-12-11T11:50:17.845-08:00  WARN 69004 --- [ai-crm-dash] [l-1:housekeeper] com.zaxxer.hikari.pool.HikariPool        : HikariPool-1 - Thread starvation or clock leap detected (housekeeper delta=11m2s430ms).
2025-12-11T11:51:19.017-08:00  WARN 69004 --- [ai-crm-dash] [l-1:housekeeper] com.zaxxer.hikari.pool.HikariPool        : HikariPool-1 - Thread starvation or clock leap detected (housekeeper delta=1m1s171ms).
2025-12-11T11:53:57.853-08:00  WARN 69004 --- [ai-crm-dash] [l-1:housekeeper] com.zaxxer.hikari.pool.HikariPool        : HikariPool-1 - Thread starvation or clock leap detected (housekeeper delta=2m8s831ms).
2025-12-11T12:23:59.613-08:00  WARN 69004 --- [ai-crm-dash] [l-1:housekeeper] com.zaxxer.hikari.pool.HikariPool        : HikariPool-1 - Thread starvation or clock leap detected (housekeeper delta=1m1s524ms).
2025-12-11T12:57:22.013-08:00  WARN 69004 --- [ai-crm-dash] [l-1:housekeeper] com.zaxxer.hikari.pool.HikariPool        : HikariPool-1 - Thread starvation or clock leap detected (housekeeper delta=22m52s304ms).
2025-12-11T13:25:24.091-08:00  WARN 69004 --- [ai-crm-dash] [l-1:housekeeper] com.zaxxer.hikari.pool.HikariPool        : HikariPool-1 - Thread starvation or clock leap detected (housekeeper delta=2m31s871ms).
2025-12-11T14:21:17.857-08:00  WARN 69004 --- [ai-crm-dash] [l-1:housekeeper] com.zaxxer.hikari.pool.HikariPool        : HikariPool-1 - Thread starvation or clock leap detected (housekeeper delta=1m53s422ms).
2025-12-11T14:22:48.162-08:00  WARN 69004 --- [ai-crm-dash] [l-1:housekeeper] com.zaxxer.hikari.pool.HikariPool        : HikariPool-1 - Thread starvation or clock leap detected (housekeeper delta=1m306ms).
2025-12-11T14:26:31.027-08:00  WARN 69004 --- [ai-crm-dash] [l-1:housekeeper] com.zaxxer.hikari.pool.HikariPool        : HikariPool-1 - Thread starvation or clock leap detected (housekeeper delta=3m12s857ms).
2025-12-11T14:41:58.356-08:00  WARN 69004 --- [ai-crm-dash] [l-1:housekeeper] com.zaxxer.hikari.pool.HikariPool        : HikariPool-1 - Thread starvation or clock leap detected (housekeeper delta=15m27s328ms).
2025-12-11T14:57:55.736-08:00  WARN 69004 --- [ai-crm-dash] [l-1:housekeeper] com.zaxxer.hikari.pool.HikariPool        : HikariPool-1 - Thread starvation or clock leap detected (housekeeper delta=15m27s353ms).
2025-12-11T15:13:23.149-08:00  WARN 69004 --- [ai-crm-dash] [l-1:housekeeper] com.zaxxer.hikari.pool.HikariPool        : HikariPool-1 - Thread starvation or clock leap detected (housekeeper delta=15m27s413ms).
2025-12-11T15:29:20.569-08:00  WARN 69004 --- [ai-crm-dash] [l-1:housekeeper] com.zaxxer.hikari.pool.HikariPool        : HikariPool-1 - Thread starvation or clock leap detected (housekeeper delta=15m27s379ms).
2025-12-11T15:45:18.123-08:00  WARN 69004 --- [ai-crm-dash] [l-1:housekeeper] com.zaxxer.hikari.pool.HikariPool        : HikariPool-1 - Thread starvation or clock leap detected (housekeeper delta=15m27s554ms).
2025-12-11T15:51:54.391-08:00  WARN 69004 --- [ai-crm-dash] [l-1:housekeeper] com.zaxxer.hikari.pool.HikariPool        : HikariPool-1 - Thread starvation or clock leap detected (housekeeper delta=6m6s244ms).
2025-12-11T15:58:43.672-08:00  WARN 69004 --- [ai-crm-dash] [l-1:housekeeper] com.zaxxer.hikari.pool.HikariPool        : HikariPool-1 - Thread starvation or clock leap detected (housekeeper delta=6m49s281ms).
2025-12-11T16:14:41.440-08:00  WARN 69004 --- [ai-crm-dash] [l-1:housekeeper] com.zaxxer.hikari.pool.HikariPool        : HikariPool-1 - Thread starvation or clock leap detected (housekeeper delta=15m27s761ms).
2025-12-11T16:20:08.757-08:00  WARN 69004 --- [ai-crm-dash] [l-1:housekeeper] com.zaxxer.hikari.pool.HikariPool        : HikariPool-1 - Thread starvation or clock leap detected (housekeeper delta=4m57s302ms).
2025-12-11T16:30:38.041-08:00  WARN 69004 --- [ai-crm-dash] [l-1:housekeeper] com.zaxxer.hikari.pool.HikariPool        : HikariPool-1 - Thread starvation or clock leap detected (housekeeper delta=10m29s285ms).
2025-12-11T16:32:38.455-08:00  WARN 69004 --- [ai-crm-dash] [l-1:housekeeper] com.zaxxer.hikari.pool.HikariPool        : HikariPool-1 - Thread starvation or clock leap detected (housekeeper delta=1m30s387ms).
2025-12-11T16:49:14.761-08:00  WARN 69004 --- [ai-crm-dash] [l-1:housekeeper] com.zaxxer.hikari.pool.HikariPool        : HikariPool-1 - Thread starvation or clock leap detected (housekeeper delta=16m36s306ms).
2025-12-11T18:26:52.668-08:00  WARN 69004 --- [ai-crm-dash] [l-1:housekeeper] com.zaxxer.hikari.pool.HikariPool        : HikariPool-1 - Thread starvation or clock leap detected (housekeeper delta=1h37m37s907ms).
2025-12-11T19:03:02.364-08:00  WARN 69004 --- [ai-crm-dash] [l-1:housekeeper] com.zaxxer.hikari.pool.HikariPool        : HikariPool-1 - Thread starvation or clock leap detected (housekeeper delta=36m9s696ms).
2025-12-11T20:07:49.490-08:00  WARN 69004 --- [ai-crm-dash] [l-1:housekeeper] com.zaxxer.hikari.pool.HikariPool        : HikariPool-1 - Thread starvation or clock leap detected (housekeeper delta=1h4m47s126ms).
2025-12-11T21:35:55.295-08:00  WARN 69004 --- [ai-crm-dash] [l-1:housekeeper] com.zaxxer.hikari.pool.HikariPool        : HikariPool-1 - Thread starvation or clock leap detected (housekeeper delta=1h28m5s806ms).
2025-12-11T22:37:01.304-08:00  WARN 69004 --- [ai-crm-dash] [l-1:housekeeper] com.zaxxer.hikari.pool.HikariPool        : HikariPool-1 - Thread starvation or clock leap detected (housekeeper delta=1h1m6s8ms).
2025-12-11T23:54:31.102-08:00  WARN 69004 --- [ai-crm-dash] [l-1:housekeeper] com.zaxxer.hikari.pool.HikariPool        : HikariPool-1 - Thread starvation or clock leap detected (housekeeper delta=1h17m29s797ms).
2025-12-12T01:11:35.525-08:00  WARN 69004 --- [ai-crm-dash] [l-1:housekeeper] com.zaxxer.hikari.pool.HikariPool        : HikariPool-1 - Thread starvation or clock leap detected (housekeeper delta=1h17m4s424ms).
2025-12-12T02:27:07.551-08:00  WARN 69004 --- [ai-crm-dash] [l-1:housekeeper] com.zaxxer.hikari.pool.HikariPool        : HikariPool-1 - Thread starvation or clock leap detected (housekeeper delta=1h15m32s27ms).
2025-12-12T03:16:04.402-08:00  WARN 69004 --- [ai-crm-dash] [l-1:housekeeper] com.zaxxer.hikari.pool.HikariPool        : HikariPool-1 - Thread starvation or clock leap detected (housekeeper delta=48m56s851ms).
2025-12-12T04:14:58.431-08:00  WARN 69004 --- [ai-crm-dash] [l-1:housekeeper] com.zaxxer.hikari.pool.HikariPool        : HikariPool-1 - Thread starvation or clock leap detected (housekeeper delta=58m54s29ms).
2025-12-12T05:33:11.227-08:00  WARN 69004 --- [ai-crm-dash] [l-1:housekeeper] com.zaxxer.hikari.pool.HikariPool        : HikariPool-1 - Thread starvation or clock leap detected (housekeeper delta=1h18m12s796ms).
2025-12-12T06:15:10.984-08:00  WARN 69004 --- [ai-crm-dash] [l-1:housekeeper] com.zaxxer.hikari.pool.HikariPool        : HikariPool-1 - Thread starvation or clock leap detected (housekeeper delta=41m59s741ms).
2025-12-12T06:45:22.212-08:00  WARN 69004 --- [ai-crm-dash] [l-1:housekeeper] com.zaxxer.hikari.pool.HikariPool        : HikariPool-1 - Thread starvation or clock leap detected (housekeeper delta=30m11s244ms).
2025-12-12T08:02:00.111-08:00  WARN 69004 --- [ai-crm-dash] [l-1:housekeeper] com.zaxxer.hikari.pool.HikariPool        : HikariPool-1 - Thread starvation or clock leap detected (housekeeper delta=1h16m37s898ms).
2025-12-12T08:04:55.860-08:00  WARN 69004 --- [ai-crm-dash] [l-1:housekeeper] com.zaxxer.hikari.pool.HikariPool        : HikariPool-1 - Thread starvation or clock leap detected (housekeeper delta=2m55s750ms).
Hibernate: 
    select
        u1_0.id,
        u1_0.email,
        u1_0.name,
        u1_0.password,
        u1_0.role 
    from
        users u1_0 
    where
        u1_0.email=?
2025-12-12T08:16:39.326-08:00  WARN 69004 --- [ai-crm-dash] [nio-8080-exec-9] o.h.engine.jdbc.spi.SqlExceptionHelper   : SQL Error: 42104, SQLState: 42S04
2025-12-12T08:16:39.327-08:00 ERROR 69004 --- [ai-crm-dash] [nio-8080-exec-9] o.h.engine.jdbc.spi.SqlExceptionHelper   : Table "USERS" not found (this database is empty); SQL statement:
select u1_0.id,u1_0.email,u1_0.name,u1_0.password,u1_0.role from users u1_0 where u1_0.email=? [42104-232]
Hibernate: 
    select
        u1_0.id,
        u1_0.email,
        u1_0.name,
        u1_0.password,
        u1_0.role 
    from
        users u1_0 
    where
        u1_0.email=?
2025-12-12T08:16:57.000-08:00  WARN 69004 --- [ai-crm-dash] [nio-8080-exec-6] o.h.engine.jdbc.spi.SqlExceptionHelper   : SQL Error: 42104, SQLState: 42S04
2025-12-12T08:16:57.000-08:00 ERROR 69004 --- [ai-crm-dash] [nio-8080-exec-6] o.h.engine.jdbc.spi.SqlExceptionHelper   : Table "USERS" not found (this database is empty); SQL statement:
select u1_0.id,u1_0.email,u1_0.name,u1_0.password,u1_0.role from users u1_0 where u1_0.email=? [42104-232]
Hibernate: 
    select
        u1_0.id,
        u1_0.email,
        u1_0.name,
        u1_0.password,
        u1_0.role 
    from
        users u1_0 
    where
        u1_0.email=?
2025-12-12T08:17:11.848-08:00  WARN 69004 --- [ai-crm-dash] [nio-8080-exec-3] o.h.engine.jdbc.spi.SqlExceptionHelper   : SQL Error: 42104, SQLState: 42S04
2025-12-12T08:17:11.848-08:00 ERROR 69004 --- [ai-crm-dash] [nio-8080-exec-3] o.h.engine.jdbc.spi.SqlExceptionHelper   : Table "USERS" not found (this database is empty); SQL statement:
select u1_0.id,u1_0.email,u1_0.name,u1_0.password,u1_0.role from users u1_0 where u1_0.email=? [42104-232]
Hibernate: 
    select
        u1_0.id,
        u1_0.email,
        u1_0.name,
        u1_0.password,
        u1_0.role 
    from
        users u1_0 
    where
        u1_0.email=?
2025-12-12T08:34:28.511-08:00  WARN 69004 --- [ai-crm-dash] [nio-8080-exec-7] o.h.engine.jdbc.spi.SqlExceptionHelper   : SQL Error: 42104, SQLState: 42S04
2025-12-12T08:34:28.511-08:00 ERROR 69004 --- [ai-crm-dash] [nio-8080-exec-7] o.h.engine.jdbc.spi.SqlExceptionHelper   : Table "USERS" not found (this database is empty); SQL statement:
select u1_0.id,u1_0.email,u1_0.name,u1_0.password,u1_0.role from users u1_0 where u1_0.email=? [42104-232]

> Task :bootRun FAILED

[Incubating] Problems report is available at: file:///Users/arthurhead/IdeaProjects/ai-crm-dash/build/reports/problems/problems-report.html

FAILURE: Build failed with an exception.

* What went wrong:
Execution failed for task ':bootRun'.
> Process 'command '/Users/arthurhead/.gradle/jdks/eclipse_adoptium-17-aarch64-os_x.2/jdk-17.0.17+10/Contents/Home/bin/java'' finished with non-zero exit value 137

* Try:
> Run with --stacktrace option to get the stack trace.
> Run with --info or --debug option to get more log output.
> Run with --scan to get full insights.
> Get more help at https://help.gradle.org.

Deprecated Gradle features were used in this build, making it incompatible with Gradle 9.0.

You can use '--warning-mode all' to show the individual deprecation warnings and determine if they come from your own scripts or plugins.

For more on this, please refer to https://docs.gradle.org/8.14.3/userguide/command_line_interface.html#sec:command_line_warnings in the Gradle documentation.

BUILD FAILED in 523h 2m 32s
5 actionable tasks: 4 executed, 1 up-to-date
